index,date,home_team,away_team,result,pso,competition,neutral_pitch
0,2018-06-04,IND,KEN,3:0,,Friendly 2018,False
1,2018-06-04,ARM,MDA,0:0,,Friendly 2018,True
2,2018-06-04,ITA,NED,1:1,,Friendly 2018,False
3,2018-06-04,SRB,CHI,0:1,,Friendly 2018,True
4,2018-06-04,SVK,MAR,1:2,,Friendly 2018,True
5,2018-06-05,SWZ,BOT,0:2,,COSAFA Cup 2018,True
6,2018-06-05,RSA,NAM,4:1,,COSAFA Cup 2018,False
7,2018-06-05,LTU,LVA,1:1,,Friendly 2018,False
8,2018-06-05,TPE,NZL,0:1,,Friendly 2018,True
9,2018-06-05,KAZ,AZE,3:0,,Friendly 2018,False
10,2018-06-05,LUX,GEO,1:0,,Friendly 2018,False
11,2018-06-05,ROU,FIN,2:0,,Friendly 2018,False
12,2018-06-05,RUS,TUR,1:1,,Friendly 2018,False
13,2018-06-06,NOR,PAN,1:0,,Friendly 2018,False
14,2018-06-06,NGA,CZE,0:1,,Friendly 2018,True
15,2018-06-06,BEL,EGY,3:0,,Friendly 2018,False
16,2018-06-06,ZAM,MAD,1:0,,COSAFA Cup 2018,True
17,2018-06-06,LES,ZIM,0:0 a.e.t.,1:3,COSAFA Cup 2018,True
18,2018-06-06,BLR,HUN,1:1,,Friendly 2018,False
19,2018-06-07,IND,NZL,1:2,,Friendly 2018,True
20,2018-06-07,ENG,CRC,2:0,,Friendly 2018,False
21,2018-06-07,ISL,GHA,2:2,,Friendly 2018,False
22,2018-06-07,KOR,BOL,0:0,,Friendly 2018,True
23,2018-06-07,POR,ALG,3:0,,Friendly 2018,False
24,2018-06-07,URU,UZB,3:0,,Friendly 2018,False
25,2018-06-08,IRN,LTU,1:0,,Friendly 2018,True
26,2018-06-08,SUI,JPN,2:0,,Friendly 2018,False
27,2018-06-08,POL,CHI,2:2,,Friendly 2018,False
28,2018-06-08,GER,KSA,2:1,,Friendly 2018,False
29,2018-06-08,TPE,KEN,0:4,,Friendly 2018,True
30,2018-06-08,RSA,BOT,3:0,,COSAFA Cup 2018,False
31,2018-06-08,MAD,LES,0:1,,COSAFA Cup 2018,True
32,2018-06-08,CRO,SEN,2:1,,Friendly 2018,False
33,2018-06-09,TUN,ESP,0:1,,Friendly 2018,True
34,2018-06-09,SRB,BOL,5:1,,Friendly 2018,True
35,2018-06-09,LVA,AZE,1:3,,Friendly 2018,False
36,2018-06-09,HUN,AUS,1:2,,Friendly 2018,False
37,2018-06-09,SWE,PER,0:0,,Friendly 2018,False
38,2018-06-09,FIN,BLR,2:0,,Friendly 2018,False
39,2018-06-09,EST,MAR,1:3,,Friendly 2018,False
40,2018-06-09,DEN,MEX,2:0,,Friendly 2018,False
41,2018-06-09,ZAM,ZIM,2:4 a.e.t.,,COSAFA Cup 2018,True
42,2018-06-09,FRA,USA,1:1,,Friendly 2018,False
43,2018-06-10,IND,KEN,2:0,,Friendly 2018,True
44,2018-06-10,AUT,BRA,0:3,,Friendly 2018,False
45,2018-06-11,BEL,CRC,4:1,,Friendly 2018,False
46,2018-06-11,SEN,KOR,2:0,,Friendly 2018,True
47,2018-06-12,JPN,PAR,4:2,,Friendly 2018,True
48,2018-06-12,POL,LTU,4:0,,Friendly 2018,False
49,2018-06-14,RUS,KSA,5:0,,FIFA World Cup 2018,False
50,2018-06-15,MAR,IRN,0:1,,FIFA World Cup 2018,True
51,2018-06-15,EGY,URU,0:1,,FIFA World Cup 2018,True
52,2018-06-15,POR,ESP,3:3,,FIFA World Cup 2018,True
53,2018-06-16,CRO,NGA,2:0,,FIFA World Cup 2018,True
54,2018-06-16,ARG,ISL,1:1,,FIFA World Cup 2018,True
55,2018-06-16,FRA,AUS,2:1,,FIFA World Cup 2018,True
56,2018-06-16,PER,DEN,0:1,,FIFA World Cup 2018,True
57,2018-06-17,BRA,SUI,1:1,,FIFA World Cup 2018,True
58,2018-06-17,CRC,SRB,0:1,,FIFA World Cup 2018,True
59,2018-06-17,GER,MEX,0:1,,FIFA World Cup 2018,True
60,2018-06-18,SWE,KOR,1:0,,FIFA World Cup 2018,True
61,2018-06-18,BEL,PAN,3:0,,FIFA World Cup 2018,True
62,2018-06-18,TUN,ENG,1:2,,FIFA World Cup 2018,True
63,2018-06-19,RUS,EGY,3:1,,FIFA World Cup 2018,False
64,2018-06-19,COL,JPN,1:2,,FIFA World Cup 2018,True
65,2018-06-19,POL,SEN,1:2,,FIFA World Cup 2018,True
66,2018-06-20,IRN,ESP,0:1,,FIFA World Cup 2018,True
67,2018-06-20,URU,KSA,1:0,,FIFA World Cup 2018,True
68,2018-06-20,POR,MAR,1:0,,FIFA World Cup 2018,True
69,2018-06-21,ARG,CRO,0:3,,FIFA World Cup 2018,True
70,2018-06-21,DEN,AUS,1:1,,FIFA World Cup 2018,True
71,2018-06-21,FRA,PER,1:0,,FIFA World Cup 2018,True
72,2018-06-22,NGA,ISL,2:0,,FIFA World Cup 2018,True
73,2018-06-22,BRA,CRC,2:0,,FIFA World Cup 2018,True
74,2018-06-22,SRB,SUI,1:2,,FIFA World Cup 2018,True
75,2018-06-23,BEL,TUN,5:2,,FIFA World Cup 2018,True
76,2018-06-23,GER,SWE,2:1,,FIFA World Cup 2018,True
77,2018-06-23,KOR,MEX,1:2,,FIFA World Cup 2018,True
78,2018-06-24,JPN,SEN,2:2,,FIFA World Cup 2018,True
79,2018-06-24,POL,COL,0:3,,FIFA World Cup 2018,True
80,2018-06-24,ENG,PAN,6:1,,FIFA World Cup 2018,True
81,2018-06-25,ESP,MAR,2:2,,FIFA World Cup 2018,True
82,2018-06-25,IRN,POR,1:1,,FIFA World Cup 2018,True
83,2018-06-25,KSA,EGY,2:1,,FIFA World Cup 2018,True
84,2018-06-25,RUS,URU,0:3,,FIFA World Cup 2018,False
85,2018-06-26,AUS,PER,0:2,,FIFA World Cup 2018,True
86,2018-06-26,DEN,FRA,0:0,,FIFA World Cup 2018,True
87,2018-06-26,ISL,CRO,1:2,,FIFA World Cup 2018,True
88,2018-06-26,NGA,ARG,1:2,,FIFA World Cup 2018,True
89,2018-06-27,SRB,BRA,0:2,,FIFA World Cup 2018,True
90,2018-06-27,SUI,CRC,2:2,,FIFA World Cup 2018,True
91,2018-06-27,KOR,GER,2:0,,FIFA World Cup 2018,True
92,2018-06-27,MEX,SWE,0:3,,FIFA World Cup 2018,True
93,2018-06-28,PAN,TUN,1:2,,FIFA World Cup 2018,True
94,2018-06-28,SEN,COL,0:1,,FIFA World Cup 2018,True
95,2018-06-28,ENG,BEL,0:1,,FIFA World Cup 2018,True
96,2018-06-28,JPN,POL,0:1,,FIFA World Cup 2018,True
97,2018-06-30,FRA,ARG,4:3,,FIFA World Cup 2018,True
98,2018-06-30,URU,POR,2:1,,FIFA World Cup 2018,True
99,2018-07-01,CRO,DEN,1:1 a.e.t.,3:2,FIFA World Cup 2018,True
100,2018-07-01,RUS,ESP,1:1 a.e.t.,4:3,FIFA World Cup 2018,False
101,2018-07-02,BEL,JPN,3:2,,FIFA World Cup 2018,True
102,2018-07-02,BRA,MEX,2:0,,FIFA World Cup 2018,True
103,2018-07-03,COL,ENG,1:1 a.e.t.,3:4,FIFA World Cup 2018,True
104,2018-07-03,SWE,SUI,1:0,,FIFA World Cup 2018,True
105,2018-07-05,MAS,FIJ,1:0,,Friendly 2018,False
106,2018-07-06,URU,FRA,0:2,,FIFA World Cup 2018,True
107,2018-07-06,BRA,BEL,1:2,,FIFA World Cup 2018,True
108,2018-07-07,RUS,CRO,2:2 a.e.t.,3:4,FIFA World Cup 2018,False
109,2018-07-07,SWE,ENG,0:2,,FIFA World Cup 2018,True
110,2018-07-10,FRA,BEL,1:0,,FIFA World Cup 2018,True
111,2018-07-11,CRO,ENG,2:1 a.e.t.,,FIFA World Cup 2018,True
112,2018-07-14,BEL,ENG,2:0,,FIFA World Cup 2018,True
113,2018-07-15,FRA,CRO,4:2,,FIFA World Cup 2018,True
114,2018-08-04,BLZ,BRB,1:0,,Friendly 2018,False
115,2018-08-04,PLE,IRQ,0:3,,Friendly 2018,False
116,2018-08-15,GUA,CUB,3:0,,Friendly 2018,False
117,2018-08-17,GRN,JAM,1:5,,Friendly 2018,False
118,2018-08-18,AND,UAE,0:0,,Friendly 2018,True
119,2018-08-18,GUA,CUB,1:0,,Friendly 2018,False
120,2018-08-20,BRB,JAM,2:2,,Friendly 2018,False
121,2018-08-26,BRB,CUB,0:0,,Friendly 2018,False
122,2018-08-29,BAN,SRI,0:1,,Friendly 2018,False
123,2018-08-29,BRB,CUB,0:2,,Friendly 2018,False
124,2018-08-29,MAC,SOL,1:4,,Friendly 2018,False
125,2018-09-01,TLS,BRU,3:1,,South East Asian Championship 2018 Q,True
126,2018-09-02,ETH,BDI,1:1,,Friendly 2018,False
127,2018-09-02,MNG,MAC,4:1,,East Asian Championship 2019 Q,False
128,2018-09-04,GUM,MAC,0:2,,East Asian Championship 2019 Q,True
129,2018-09-04,BAN,BHU,2:0,,South Asian Championship 2018,False
130,2018-09-04,NEP,PAK,1:2,,South Asian Championship 2018,True
131,2018-09-05,FIJ,SOL,1:1,,Friendly 2018,False
132,2018-09-05,SVK,DEN,3:0,,Friendly 2018,False
133,2018-09-05,IND,SRI,2:0,,South Asian Championship 2018,True
134,2018-09-06,GER,FRA,0:0,,UEFA Nations League 2019,False
135,2018-09-06,CZE,UKR,1:2,,UEFA Nations League 2019,False
136,2018-09-06,WAL,IRL,4:1,,UEFA Nations League 2019,False
137,2018-09-06,NOR,CYP,2:0,,UEFA Nations League 2019,False
138,2018-09-06,LVA,AND,0:0,,UEFA Nations League 2019,False
139,2018-09-06,KAZ,GEO,0:2,,UEFA Nations League 2019,False
140,2018-09-06,NEP,BHU,4:0,,South Asian Championship 2018,True
141,2018-09-06,ARM,LIE,2:1,,UEFA Nations League 2019,False
142,2018-09-06,GIB,MKD,0:2,,UEFA Nations League 2019,False
143,2018-09-06,SVN,BUL,1:2,,UEFA Nations League 2019,False
144,2018-09-06,BAN,PAK,1:0,,South Asian Championship 2018,False
145,2018-09-06,MNG,GUM,1:1,,East Asian Championship 2019 Q,False
146,2018-09-06,TRI,UAE,2:0,,Friendly 2018,True
147,2018-09-06,UZB,SYR,1:1,,Friendly 2018,False
148,2018-09-06,GUY,BRB,3:0,,CONCACAF Nations League 2020 Q,False
149,2018-09-06,AUT,SWE,2:0,,Friendly 2018,False
150,2018-09-06,BHR,PHI,1:1,,Friendly 2018,False
151,2018-09-06,DMA,SUR,0:0,,CONCACAF Nations League 2020 Q,True
152,2018-09-06,KGZ,PLE,1:1,,Friendly 2018,False
153,2018-09-06,NED,PER,2:1,,Friendly 2018,False
154,2018-09-06,POR,CRO,1:1,,Friendly 2018,False
155,2018-09-06,JOR,LIB,0:1,,Friendly 2018,False
156,2018-09-07,MDV,SRI,0:0,,South Asian Championship 2018,True
157,2018-09-07,FRO,MLT,3:1,,UEFA Nations League 2019,False
158,2018-09-07,AZE,KOS,0:0,,UEFA Nations League 2019,False
159,2018-09-07,ROU,MNE,0:0,,UEFA Nations League 2019,False
160,2018-09-07,LTU,SRB,0:1,,UEFA Nations League 2019,False
161,2018-09-07,ALB,ISR,1:0,,UEFA Nations League 2019,False
162,2018-09-07,TUR,RUS,1:2,,UEFA Nations League 2019,False
163,2018-09-07,ITA,POL,1:1,,UEFA Nations League 2019,False
164,2018-09-07,VEN,COL,1:2,,Friendly 2018,True
165,2018-09-07,KOR,CRC,2:0,,Friendly 2018,False
166,2018-09-07,SIN,MRI,1:1,,Friendly 2018,False
167,2018-09-07,SCO,BEL,0:4,,Friendly 2018,False
168,2018-09-07,QAT,CHN,1:0,,Friendly 2018,False
169,2018-09-07,MEX,URU,1:4,,Friendly 2018,True
170,2018-09-07,GUA,ARG,0:3,,Friendly 2018,True
171,2018-09-07,TPE,MAS,2:0,,Friendly 2018,False
172,2018-09-07,BLZ,BAH,4:0,,CONCACAF Nations League 2020 Q,False
173,2018-09-07,ATG,LCA,0:3,,CONCACAF Nations League 2020 Q,False
174,2018-09-07,USA,BRA,0:2,,Friendly 2018,False
175,2018-09-08,VIN,NCA,0:2,,CONCACAF Nations League 2020 Q,False
176,2018-09-08,BAN,NEP,0:2,,South Asian Championship 2018,False
177,2018-09-08,BHU,PAK,0:3,,South Asian Championship 2018,False
178,2018-09-08,BRU,TLS,1:0,,South East Asian Championship 2018 Q,False
179,2018-09-08,SUI,ISL,6:0,,UEFA Nations League 2019,False
180,2018-09-08,FIN,HUN,1:0,,UEFA Nations League 2019,False
181,2018-09-08,NIR,BIH,1:2,,UEFA Nations League 2019,False
182,2018-09-08,EST,GRE,0:1,,UEFA Nations League 2019,False
183,2018-09-08,BLR,SMR,5:0,,UEFA Nations League 2019,False
184,2018-09-08,LUX,MDA,4:0,,UEFA Nations League 2019,False
185,2018-09-08,ENG,ESP,1:2,,UEFA Nations League 2019,False
186,2018-09-08,CUB,TCA,11:0,,CONCACAF Nations League 2020 Q,False
187,2018-09-08,MSR,SLV,1:2,,CONCACAF Nations League 2020 Q,False
188,2018-09-08,NAM,ZAM,1:1,,CAF Nations Cup 2019 Q,False
189,2018-09-08,UGA,TAN,0:0,,CAF Nations Cup 2019 Q,False
190,2018-09-08,EQG,SDN,1:0,,CAF Nations Cup 2019 Q,False
191,2018-09-08,COM,CMR,1:1,,CAF Nations Cup 2019 Q,False
192,2018-09-08,MAR,MWI,3:0,,CAF Nations Cup 2019 Q,False
193,2018-09-08,GAM,ALG,1:1,,CAF Nations Cup 2019 Q,False
194,2018-09-08,GAB,BDI,1:1,,CAF Nations Cup 2019 Q,False
195,2018-09-08,RSA,LBY,0:0,,CAF Nations Cup 2019 Q,False
196,2018-09-08,KEN,GHA,1:0,,CAF Nations Cup 2019 Q,False
197,2018-09-08,MTN,BFA,2:0,,CAF Nations Cup 2019 Q,False
198,2018-09-08,EGY,NIG,6:0,,CAF Nations Cup 2019 Q,False
199,2018-09-08,MOZ,GNB,2:2,,CAF Nations Cup 2019 Q,False
200,2018-09-08,SEY,NGA,0:3,,CAF Nations Cup 2019 Q,False
201,2018-09-09,UKR,SVK,1:0,,UEFA Nations League 2019,False
202,2018-09-09,VIR,CAN,0:8,,CONCACAF Nations League 2020 Q,True
203,2018-09-09,GER,PER,2:1,,Friendly 2018,False
204,2018-09-09,IND,MDV,2:0,,South Asian Championship 2018,True
205,2018-09-09,DEN,WAL,2:0,,UEFA Nations League 2019,False
206,2018-09-09,SKN,PUR,1:0,,CONCACAF Nations League 2020 Q,False
207,2018-09-09,CYP,SVN,2:1,,UEFA Nations League 2019,False
208,2018-09-09,GEO,LVA,1:0,,UEFA Nations League 2019,False
209,2018-09-09,MKD,ARM,2:0,,UEFA Nations League 2019,False
210,2018-09-09,LIE,GIB,2:0,,UEFA Nations League 2019,False
211,2018-09-09,BUL,NOR,1:0,,UEFA Nations League 2019,False
212,2018-09-09,JAM,CAY,4:0,,CONCACAF Nations League 2020 Q,False
213,2018-09-09,FRA,NED,2:1,,UEFA Nations League 2019,False
214,2018-09-09,LES,CPV,1:1,,CAF Nations Cup 2019 Q,False
215,2018-09-09,MAD,SEN,2:2,,CAF Nations Cup 2019 Q,False
216,2018-09-09,SSD,MLI,0:3,,CAF Nations Cup 2019 Q,False
217,2018-09-09,ETH,SLE,1:0,,CAF Nations Cup 2019 Q,False
218,2018-09-09,CGO,ZIM,1:1,,CAF Nations Cup 2019 Q,False
219,2018-09-09,LBR,COD,1:1,,CAF Nations Cup 2019 Q,False
220,2018-09-09,TOG,BEN,0:0,,CAF Nations Cup 2019 Q,False
221,2018-09-09,ARU,BER,3:1,,CONCACAF Nations League 2020 Q,True
222,2018-09-09,RWA,CIV,1:2,,CAF Nations Cup 2019 Q,False
223,2018-09-09,ANG,BOT,1:0,,CAF Nations Cup 2019 Q,False
224,2018-09-09,SWZ,TUN,0:2,,CAF Nations Cup 2019 Q,False
225,2018-09-09,GUI,CTA,1:0,,CAF Nations Cup 2019 Q,False
226,2018-09-10,SCO,ALB,2:0,,UEFA Nations League 2019,False
227,2018-09-10,MLT,AZE,1:1,,UEFA Nations League 2019,False
228,2018-09-10,KOS,FRO,2:0,,UEFA Nations League 2019,False
229,2018-09-10,AND,KAZ,1:1,,UEFA Nations League 2019,False
230,2018-09-10,SRB,ROU,2:2,,UEFA Nations League 2019,False
231,2018-09-10,MNE,LTU,2:0,,UEFA Nations League 2019,False
232,2018-09-10,SWE,TUR,2:3,,UEFA Nations League 2019,False
233,2018-09-10,POR,ITA,1:0,,UEFA Nations League 2019,False
234,2018-09-10,KSA,BOL,2:2,,Friendly 2018,False
235,2018-09-10,RUS,CZE,5:1,,Friendly 2018,False
236,2018-09-10,KGZ,SYR,2:1,,Friendly 2018,False
237,2018-09-10,KUW,IRQ,2:2,,Friendly 2018,False
238,2018-09-10,CAM,MAS,1:3,,Friendly 2018,False
239,2018-09-10,BHR,CHN,0:0,,Friendly 2018,False
240,2018-09-10,CUW,GRN,10:0,,CONCACAF Nations League 2020 Q,False
241,2018-09-11,SIN,FIJ,2:0,,Friendly 2018,False
242,2018-09-11,UAE,LAO,3:0,,Friendly 2018,True
243,2018-09-11,USA,MEX,1:0,,Friendly 2018,False
244,2018-09-11,UZB,IRN,0:1,,Friendly 2018,False
245,2018-09-11,ISL,BEL,0:3,,UEFA Nations League 2019,False
246,2018-09-11,FIN,EST,1:0,,UEFA Nations League 2019,False
247,2018-09-11,BIH,AUT,1:0,,UEFA Nations League 2019,False
248,2018-09-11,QAT,PLE,3:0,,Friendly 2018,False
249,2018-09-11,MDA,BLR,0:0,,UEFA Nations League 2019,False
250,2018-09-11,SMR,LUX,0:3,,UEFA Nations League 2019,False
251,2018-09-11,ESP,CRO,6:0,,UEFA Nations League 2019,False
252,2018-09-11,POL,IRL,1:1,,Friendly 2018,False
253,2018-09-11,HUN,GRE,2:1,,UEFA Nations League 2019,False
254,2018-09-11,NIR,ISR,3:0,,Friendly 2018,False
255,2018-09-11,BRA,SLV,5:0,,Friendly 2018,True
256,2018-09-11,COL,ARG,0:0,,Friendly 2018,True
257,2018-09-11,PAN,VEN,0:2,,Friendly 2018,False
258,2018-09-11,GAB,ZAM,0:1,,Friendly 2018,False
259,2018-09-11,GUA,ECU,0:2,,Friendly 2018,True
260,2018-09-11,ENG,SUI,1:0,,Friendly 2018,False
261,2018-09-11,JPN,CRC,3:0,,Friendly 2018,False
262,2018-09-11,JOR,OMA,0:0,,Friendly 2018,True
263,2018-09-11,KEN,MWI,1:0,,Friendly 2018,False
264,2018-09-11,KOR,CHI,0:0,,Friendly 2018,False
265,2018-09-11,LBR,NGA,1:2,,Friendly 2018,False
266,2018-09-11,IDN,MRI,1:0,,Friendly 2018,False
267,2018-09-12,IND,PAK,3:1,,South Asian Championship 2018,True
268,2018-09-12,NEP,MDV,0:3,,South Asian Championship 2018,True
269,2018-09-15,MDV,IND,2:1,,South Asian Championship 2018,True
270,2018-09-30,BOT,NAM,1:0,,Friendly 2018,False
271,2018-10-01,BAN,LAO,1:0,,Friendly 2018,False
272,2018-10-02,NEP,TJK,0:2,,Friendly 2018,True
273,2018-10-03,LAO,PHI,1:3,,Friendly 2018,True
274,2018-10-04,TJK,PLE,0:2,,Friendly 2018,True
275,2018-10-05,BAN,PHI,0:1,,Friendly 2018,False
276,2018-10-06,PLE,NEP,1:0,,Friendly 2018,True
277,2018-10-09,PHI,TJK,0:2,,Friendly 2018,True
278,2018-10-10,IDN,MYA,3:0,,Friendly 2018,False
279,2018-10-10,ALB,JOR,0:0,,Friendly 2018,False
280,2018-10-10,ITA,UKR,1:1,,Friendly 2018,False
281,2018-10-10,ZAM,GNB,2:1,,CAF Nations Cup 2019 Q,False
282,2018-10-10,ETH,KEN,0:0,,CAF Nations Cup 2019 Q,False
283,2018-10-10,BAN,PLE,0:2,,Friendly 2018,False
284,2018-10-11,WAL,ESP,1:4,,Friendly 2018,False
285,2018-10-11,KOS,MLT,3:1,,UEFA Nations League 2019,False
286,2018-10-11,FRO,AZE,0:3,,UEFA Nations League 2019,False
287,2018-10-11,MNE,SRB,0:2,,UEFA Nations League 2019,False
288,2018-10-11,LTU,ROU,1:2,,UEFA Nations League 2019,False
289,2018-10-11,ISR,SCO,2:1,,UEFA Nations League 2019,False
290,2018-10-11,RUS,SWE,0:0,,UEFA Nations League 2019,False
291,2018-10-11,POL,POR,2:3,,UEFA Nations League 2019,False
292,2018-10-11,USA,COL,2:4,,Friendly 2018,False
293,2018-10-11,CGO,LBR,3:1,,CAF Nations Cup 2019 Q,False
294,2018-10-11,TUR,BIH,0:0,,Friendly 2018,False
295,2018-10-11,MEX,CRC,3:2,,Friendly 2018,False
296,2018-10-11,KUW,LIB,1:0,,Friendly 2018,False
297,2018-10-11,HKG,THA,0:1,,Friendly 2018,False
298,2018-10-11,FRA,ISL,2:2,,Friendly 2018,False
299,2018-10-11,BHR,SYR,0:1,,Friendly 2018,False
300,2018-10-11,IRQ,ARG,0:4,,Friendly 2018,True
301,2018-10-11,UAE,HON,1:1,,Friendly 2018,True
302,2018-10-12,JPN,PAN,3:0,,Friendly 2018,False
303,2018-10-12,KOR,URU,2:1,,Friendly 2018,False
304,2018-10-12,PER,CHI,3:0,,Friendly 2018,True
305,2018-10-12,QAT,ECU,4:3,,Friendly 2018,False
306,2018-10-12,SIN,MNG,2:0,,Friendly 2018,False
307,2018-10-12,SRI,MAS,1:4,,Friendly 2018,False
308,2018-10-12,EST,FIN,0:1,,UEFA Nations League 2019,False
309,2018-10-12,CRO,ENG,0:0,,UEFA Nations League 2019,False
310,2018-10-12,AUT,NIR,1:0,,UEFA Nations League 2019,False
311,2018-10-12,GRE,HUN,1:0,,UEFA Nations League 2019,False
312,2018-10-12,BLR,LUX,1:0,,UEFA Nations League 2019,False
313,2018-10-12,CAM,TLS,2:2,,Friendly 2018,False
314,2018-10-12,MDA,SMR,2:0,,UEFA Nations League 2019,False
315,2018-10-12,KSA,BRA,0:2,,Friendly 2018,False
316,2018-10-12,BEL,SUI,2:1,,UEFA Nations League 2019,False
317,2018-10-12,VIR,CUW,0:5,,CONCACAF Nations League 2020 Q,True
318,2018-10-12,GAB,SSD,3:0,,CAF Nations Cup 2019 Q,False
319,2018-10-12,MLI,BDI,0:0,,CAF Nations Cup 2019 Q,False
320,2018-10-12,ALG,BEN,2:0,,CAF Nations Cup 2019 Q,False
321,2018-10-12,TOG,GAM,1:1,,CAF Nations Cup 2019 Q,False
322,2018-10-12,CIV,CTA,4:0,,CAF Nations Cup 2019 Q,False
323,2018-10-12,GUI,RWA,2:0,,CAF Nations Cup 2019 Q,False
324,2018-10-12,CMR,MWI,1:0,,CAF Nations Cup 2019 Q,False
325,2018-10-12,EGY,SWZ,4:1,,CAF Nations Cup 2019 Q,False
326,2018-10-12,ANG,MTN,4:1,,CAF Nations Cup 2019 Q,False
327,2018-10-12,GRN,CUB,0:2,,CONCACAF Nations League 2020 Q,False
328,2018-10-12,TJK,PLE,0:0 a.e.t.,3:4,Friendly 2018,True
329,2018-10-12,BAH,ATG,0:6,,CONCACAF Nations League 2020 Q,False
330,2018-10-12,CPV,TAN,3:0,,CAF Nations Cup 2019 Q,False
331,2018-10-12,DOM,CAY,3:0,,CONCACAF Nations League 2020 Q,False
332,2018-10-13,MYA,BOL,0:3,,Friendly 2018,False
333,2018-10-13,MKD,LIE,4:1,,UEFA Nations League 2019,False
334,2018-10-13,ARM,GIB,0:1,,UEFA Nations League 2019,False
335,2018-10-13,LVA,KAZ,1:1,,UEFA Nations League 2019,False
336,2018-10-13,NOR,SVN,1:0,,UEFA Nations League 2019,False
337,2018-10-13,BUL,CYP,2:1,,UEFA Nations League 2019,False
338,2018-10-13,IRL,DEN,0:0,,UEFA Nations League 2019,False
339,2018-10-13,SVK,CZE,1:2,,UEFA Nations League 2019,False
340,2018-10-13,NED,GER,3:0,,UEFA Nations League 2019,False
341,2018-10-13,UZB,PRK,2:0,,Friendly 2018,False
342,2018-10-13,PHI,OMA,1:1,,Friendly 2018,True
343,2018-10-13,GEO,AND,3:0,,UEFA Nations League 2019,False
344,2018-10-13,CHN,IND,0:0,,Friendly 2018,False
345,2018-10-13,TCA,GUY,0:8,,CONCACAF Nations League 2020 Q,False
346,2018-10-13,SLV,BRB,3:0,,CONCACAF Nations League 2020 Q,False
347,2018-10-13,EQG,MAD,0:1,,CAF Nations Cup 2019 Q,False
348,2018-10-13,SEN,SDN,3:0,,CAF Nations Cup 2019 Q,False
349,2018-10-13,NGA,LBY,4:0,,CAF Nations Cup 2019 Q,False
350,2018-10-13,RSA,SEY,6:0,,CAF Nations Cup 2019 Q,False
351,2018-10-13,MAR,COM,1:0,,CAF Nations Cup 2019 Q,False
352,2018-10-13,BFA,BOT,3:0,,CAF Nations Cup 2019 Q,False
353,2018-10-13,TUN,NIG,1:0,,CAF Nations Cup 2019 Q,False
354,2018-10-13,MOZ,NAM,1:2,,CAF Nations Cup 2019 Q,False
355,2018-10-13,UGA,LES,3:0,,CAF Nations Cup 2019 Q,False
356,2018-10-13,SUR,VGB,5:0,,CONCACAF Nations League 2020 Q,False
357,2018-10-13,COD,ZIM,1:2,,CAF Nations Cup 2019 Q,False
358,2018-10-14,ISR,ALB,2:0,,UEFA Nations League 2019,False
359,2018-10-14,FRO,KOS,1:1,,UEFA Nations League 2019,False
360,2018-10-14,AZE,MLT,1:1,,UEFA Nations League 2019,False
361,2018-10-14,ROU,SRB,0:0,,UEFA Nations League 2019,False
362,2018-10-14,LTU,MNE,1:4,,UEFA Nations League 2019,False
363,2018-10-14,RUS,TUR,2:0,,UEFA Nations League 2019,False
364,2018-10-14,GNB,ZAM,2:1,,CAF Nations Cup 2019 Q,False
365,2018-10-14,THA,TRI,1:0,,Friendly 2018,False
366,2018-10-14,SCO,POR,1:3,,Friendly 2018,False
367,2018-10-14,NCA,AIA,6:0,,CONCACAF Nations League 2020 Q,True
368,2018-10-14,MSR,BLZ,1:0,,CONCACAF Nations League 2020 Q,False
369,2018-10-14,KEN,ETH,3:0,,CAF Nations Cup 2019 Q,False
370,2018-10-14,POL,ITA,0:1,,UEFA Nations League 2019,False
371,2018-10-15,LUX,SMR,3:0,,UEFA Nations League 2019,False
372,2018-10-15,BLR,MDA,0:0,,UEFA Nations League 2019,False
373,2018-10-15,FIN,GRE,2:0,,UEFA Nations League 2019,False
374,2018-10-15,BIH,NIR,2:0,,UEFA Nations League 2019,False
375,2018-10-15,EST,HUN,3:3,,UEFA Nations League 2019,False
376,2018-10-15,ISL,SUI,1:2,,UEFA Nations League 2019,False
377,2018-10-15,KSA,IRQ,1:1,,Friendly 2018,False
378,2018-10-15,ESP,ENG,2:3,,UEFA Nations League 2019,False
379,2018-10-15,KUW,AUS,0:4,,Friendly 2018,False
380,2018-10-15,CRO,JOR,2:1,,Friendly 2018,False
381,2018-10-16,CHN,SYR,2:0,,Friendly 2018,False
382,2018-10-16,CRC,COL,1:3,,Friendly 2018,True
383,2018-10-16,DEN,AUT,2:0,,Friendly 2018,False
384,2018-10-16,IDN,HKG,1:1,,Friendly 2018,False
385,2018-10-16,IRN,BOL,2:1,,Friendly 2018,False
386,2018-10-16,JPN,URU,4:3,,Friendly 2018,False
387,2018-10-16,KOR,PAN,2:2,,Friendly 2018,False
388,2018-10-16,LAO,MNG,1:4,,Friendly 2018,False
389,2018-10-16,MAS,KGZ,0:1,,Friendly 2018,False
390,2018-10-16,MEX,CHI,0:1,,Friendly 2018,False
391,2018-10-16,OMA,ECU,0:0,,Friendly 2018,True
392,2018-10-16,SWE,SVK,1:1,,Friendly 2018,False
393,2018-10-16,CAM,SIN,1:2,,Friendly 2018,False
394,2018-10-16,UZB,QAT,2:0,,Friendly 2018,False
395,2018-10-16,FRA,GER,2:1,,UEFA Nations League 2019,False
396,2018-10-16,UKR,CZE,1:0,,UEFA Nations League 2019,False
397,2018-10-16,IRL,WAL,0:1,,UEFA Nations League 2019,False
398,2018-10-16,NOR,BUL,1:0,,UEFA Nations League 2019,False
399,2018-10-16,SVN,CYP,1:1,,UEFA Nations League 2019,False
400,2018-10-16,KAZ,AND,4:0,,UEFA Nations League 2019,False
401,2018-10-16,LVA,GEO,0:3,,UEFA Nations League 2019,False
402,2018-10-16,ARM,MKD,4:0,,UEFA Nations League 2019,False
403,2018-10-16,GIB,LIE,2:1,,UEFA Nations League 2019,False
404,2018-10-16,UAE,VEN,0:2,,Friendly 2018,True
405,2018-10-16,USA,PER,1:1,,Friendly 2018,False
406,2018-10-16,BEL,NED,1:1,,Friendly 2018,False
407,2018-10-16,ARG,BRA,0:1,,Friendly 2018,True
408,2018-10-16,MAD,EQG,1:0,,CAF Nations Cup 2019 Q,False
409,2018-10-16,SDN,SEN,0:1,,CAF Nations Cup 2019 Q,False
410,2018-10-16,COM,MAR,2:2,,CAF Nations Cup 2019 Q,False
411,2018-10-16,MWI,CMR,0:0,,CAF Nations Cup 2019 Q,False
412,2018-10-16,BDI,MLI,1:1,,CAF Nations Cup 2019 Q,False
413,2018-10-16,SSD,GAB,0:1,,CAF Nations Cup 2019 Q,False
414,2018-10-16,BEN,ALG,1:0,,CAF Nations Cup 2019 Q,False
415,2018-10-16,GAM,TOG,0:1,,CAF Nations Cup 2019 Q,False
416,2018-10-16,BHR,MYA,4:1,,Friendly 2018,False
417,2018-10-16,SEY,RSA,0:0,,CAF Nations Cup 2019 Q,False
418,2018-10-16,LBR,CGO,2:1,,CAF Nations Cup 2019 Q,False
419,2018-10-16,LBY,NGA,2:3,,CAF Nations Cup 2019 Q,True
420,2018-10-16,CTA,CIV,0:0,,CAF Nations Cup 2019 Q,False
421,2018-10-16,LCA,HAI,1:2,,CONCACAF Nations League 2020 Q,True
422,2018-10-16,CAN,DMA,5:0,,CONCACAF Nations League 2020 Q,False
423,2018-10-16,ZIM,COD,1:1,,CAF Nations Cup 2019 Q,False
424,2018-10-16,LES,UGA,0:2,,CAF Nations Cup 2019 Q,False
425,2018-10-16,NAM,MOZ,1:0,,CAF Nations Cup 2019 Q,False
426,2018-10-16,TAN,CPV,2:0,,CAF Nations Cup 2019 Q,False
427,2018-10-16,SWZ,EGY,0:2,,CAF Nations Cup 2019 Q,False
428,2018-10-16,MTN,ANG,1:0,,CAF Nations Cup 2019 Q,False
429,2018-10-16,BOT,BFA,0:0,,CAF Nations Cup 2019 Q,False
430,2018-10-16,RWA,GUI,1:1,,CAF Nations Cup 2019 Q,False
431,2018-10-16,NIG,TUN,1:2,,CAF Nations Cup 2019 Q,False
432,2018-11-03,MAS,MDV,3:0,,Friendly 2018,False
433,2018-11-08,CAM,MAS,0:1,,South East Asian Championship 2018,False
434,2018-11-08,LAO,VIE,0:3,,South East Asian Championship 2018,False
435,2018-11-09,THA,TLS,7:0,,South East Asian Championship 2018,False
436,2018-11-09,SIN,IDN,1:0,,South East Asian Championship 2018,False
437,2018-11-11,PRK,MNG,4:1,,East Asian Championship 2019 Q,True
438,2018-11-11,TPE,HKG,1:2,,East Asian Championship 2019 Q,False
439,2018-11-12,MAS,LAO,3:1,,South East Asian Championship 2018,False
440,2018-11-12,MYA,CAM,4:1,,South East Asian Championship 2018,False
441,2018-11-13,TPE,MNG,2:1,,East Asian Championship 2019 Q,False
442,2018-11-13,HKG,PRK,0:0,,East Asian Championship 2019 Q,True
443,2018-11-13,IDN,TLS,3:1,,South East Asian Championship 2018,False
444,2018-11-13,PHI,SIN,1:0,,South East Asian Championship 2018,False
445,2018-11-14,SUI,QAT,0:1,,Friendly 2018,False
446,2018-11-14,VAN,NCL,0:1,,Friendly 2018,False
447,2018-11-15,SMR,MDA,0:1,,UEFA Nations League 2019,False
448,2018-11-15,LUX,BLR,0:2,,UEFA Nations League 2019,False
449,2018-11-15,KAZ,LVA,1:1,,UEFA Nations League 2019,False
450,2018-11-15,AND,GEO,1:1,,UEFA Nations League 2019,False
451,2018-11-15,HUN,EST,2:0,,UEFA Nations League 2019,False
452,2018-11-15,GRE,FIN,1:0,,UEFA Nations League 2019,False
453,2018-11-15,CRO,ESP,3:2,,UEFA Nations League 2019,False
454,2018-11-15,BEL,ISL,2:0,,UEFA Nations League 2019,False
455,2018-11-15,AUT,BIH,0:0,,UEFA Nations League 2019,False
456,2018-11-15,IRL,NIR,0:0,,Friendly 2018,False
457,2018-11-15,POL,CZE,0:1,,Friendly 2018,False
458,2018-11-15,PER,ECU,0:2,,Friendly 2018,False
459,2018-11-15,ISR,GUA,7:0,,Friendly 2018,False
460,2018-11-15,IRN,TRI,1:0,,Friendly 2018,False
461,2018-11-15,GER,RUS,3:0,,Friendly 2018,False
462,2018-11-15,ENG,USA,3:0,,Friendly 2018,False
463,2018-11-15,UZB,LIB,0:0,,Friendly 2018,True
464,2018-11-16,KSA,YEM,1:0,,Friendly 2018,False
465,2018-11-16,UAE,BOL,0:0,,Friendly 2018,False
466,2018-11-16,LAO,MYA,1:3,,South East Asian Championship 2018,False
467,2018-11-16,VIE,MAS,2:0,,South East Asian Championship 2018,False
468,2018-11-16,NED,FRA,2:0,,UEFA Nations League 2019,False
469,2018-11-16,SVN,NOR,1:1,,UEFA Nations League 2019,False
470,2018-11-16,WAL,DEN,1:2,,UEFA Nations League 2019,False
471,2018-11-16,CYP,BUL,1:1,,UEFA Nations League 2019,False
472,2018-11-16,GIB,ARM,2:6,,UEFA Nations League 2019,False
473,2018-11-16,LIE,MKD,0:2,,UEFA Nations League 2019,False
474,2018-11-16,PLE,PAK,2:1,,Friendly 2018,False
475,2018-11-16,SVK,UKR,4:1,,UEFA Nations League 2019,False
476,2018-11-16,OMA,SYR,1:1,,Friendly 2018,False
477,2018-11-16,TPE,PRK,0:2,,East Asian Championship 2019 Q,False
478,2018-11-16,HON,PAN,1:0,,Friendly 2018,False
479,2018-11-16,JPN,VEN,1:1,,Friendly 2018,False
480,2018-11-16,SSD,BDI,2:5,,CAF Nations Cup 2019 Q,False
481,2018-11-16,EGY,TUN,3:2,,CAF Nations Cup 2019 Q,False
482,2018-11-16,ARU,MSR,0:2,,CONCACAF Nations League 2020 Q,True
483,2018-11-16,BLZ,PUR,1:0,,CONCACAF Nations League 2020 Q,False
484,2018-11-16,MAR,CMR,2:0,,CAF Nations Cup 2019 Q,False
485,2018-11-16,MNG,HKG,1:5,,East Asian Championship 2019 Q,True
486,2018-11-16,ARG,MEX,2:0,,Friendly 2018,False
487,2018-11-16,BRA,URU,1:0,,Friendly 2018,True
488,2018-11-16,CHI,CRC,2:3,,Friendly 2018,False
489,2018-11-16,BER,SLV,1:0,,CONCACAF Nations League 2020 Q,False
490,2018-11-17,JOR,IND,2:1,,Friendly 2018,False
491,2018-11-17,VAN,NCL,2:2,,Friendly 2018,False
492,2018-11-17,THA,IDN,4:2,,South East Asian Championship 2018,False
493,2018-11-17,TLS,PHI,2:3,,South East Asian Championship 2018,True
494,2018-11-17,ITA,POR,0:0,,UEFA Nations League 2019,False
495,2018-11-17,ROU,LTU,3:0,,UEFA Nations League 2019,False
496,2018-11-17,ALB,SCO,0:4,,UEFA Nations League 2019,False
497,2018-11-17,SRB,MNE,2:1,,UEFA Nations League 2019,False
498,2018-11-17,AZE,FRO,2:0,,UEFA Nations League 2019,False
499,2018-11-17,MLT,KOS,0:5,,UEFA Nations League 2019,False
500,2018-11-17,TUR,SWE,0:1,,UEFA Nations League 2019,False
501,2018-11-17,AUS,KOR,1:1,,Friendly 2018,False
502,2018-11-17,EQG,SEN,0:1,,CAF Nations Cup 2019 Q,False
503,2018-11-17,JAM,SUR,2:1,,CONCACAF Nations League 2020 Q,False
504,2018-11-17,CUB,DOM,1:0,,CONCACAF Nations League 2020 Q,False
505,2018-11-17,CAY,LCA,0:0,,CONCACAF Nations League 2020 Q,False
506,2018-11-17,UGA,CPV,1:0,,CAF Nations Cup 2019 Q,False
507,2018-11-17,NAM,GNB,0:0,,CAF Nations Cup 2019 Q,False
508,2018-11-17,RSA,NGA,1:1,,CAF Nations Cup 2019 Q,False
509,2018-11-17,SEY,LBY,1:8,,CAF Nations Cup 2019 Q,False
510,2018-11-17,GAM,BEN,3:1,,CAF Nations Cup 2019 Q,False
511,2018-11-17,GAB,MLI,0:1,,CAF Nations Cup 2019 Q,False
512,2018-11-17,COM,MWI,2:1,,CAF Nations Cup 2019 Q,False
513,2018-11-17,NCA,HAI,0:2,,CONCACAF Nations League 2020 Q,False
514,2018-11-18,SKN,CAN,0:1,,CONCACAF Nations League 2020 Q,False
515,2018-11-18,TCA,VIN,3:2,,CONCACAF Nations League 2020 Q,False
516,2018-11-18,ESP,BIH,1:0,,Friendly 2018,False
517,2018-11-18,SUI,BEL,5:2,,UEFA Nations League 2019,False
518,2018-11-18,MDA,LUX,1:1,,UEFA Nations League 2019,False
519,2018-11-18,NIR,AUT,1:2,,UEFA Nations League 2019,False
520,2018-11-18,GRE,EST,0:1,,UEFA Nations League 2019,False
521,2018-11-18,HUN,FIN,2:0,,UEFA Nations League 2019,False
522,2018-11-18,BRB,VIR,3:0,,CONCACAF Nations League 2020 Q,False
523,2018-11-18,SMR,BLR,0:2,,UEFA Nations League 2019,False
524,2018-11-18,ENG,CRO,2:1,,UEFA Nations League 2019,False
525,2018-11-18,BAH,AIA,1:1,,CONCACAF Nations League 2020 Q,False
526,2018-11-18,MTN,BOT,2:1,,CAF Nations Cup 2019 Q,False
527,2018-11-18,MOZ,ZAM,1:0,,CAF Nations Cup 2019 Q,False
528,2018-11-18,SWZ,NIG,1:2,,CAF Nations Cup 2019 Q,False
529,2018-11-18,ANG,BFA,2:1,,CAF Nations Cup 2019 Q,False
530,2018-11-18,RWA,CTA,2:2,,CAF Nations Cup 2019 Q,False
531,2018-11-18,GUI,CIV,1:1,,CAF Nations Cup 2019 Q,False
532,2018-11-18,LBR,ZIM,1:0,,CAF Nations Cup 2019 Q,False
533,2018-11-18,CGO,COD,1:1,,CAF Nations Cup 2019 Q,False
534,2018-11-18,ETH,GHA,0:2,,CAF Nations Cup 2019 Q,False
535,2018-11-18,TOG,ALG,1:4,,CAF Nations Cup 2019 Q,False
536,2018-11-18,MAD,SDN,1:3,,CAF Nations Cup 2019 Q,False
537,2018-11-18,LES,TAN,1:0,,CAF Nations Cup 2019 Q,False
538,2018-11-19,CYP,NOR,0:2,,UEFA Nations League 2019,False
539,2018-11-19,LIE,ARM,2:2,,UEFA Nations League 2019,False
540,2018-11-19,GEO,KAZ,2:1,,UEFA Nations League 2019,False
541,2018-11-19,AND,LVA,0:0,,UEFA Nations League 2019,False
542,2018-11-19,BUL,SVN,1:1,,UEFA Nations League 2019,False
543,2018-11-19,MKD,GIB,4:0,,UEFA Nations League 2019,False
544,2018-11-19,CZE,SVK,1:0,,UEFA Nations League 2019,False
545,2018-11-19,OMA,BHR,2:1,,Friendly 2018,False
546,2018-11-19,DEN,IRL,0:0,,UEFA Nations League 2019,False
547,2018-11-19,QAT,ISL,2:2,,Friendly 2018,True
548,2018-11-19,GER,NED,2:2,,UEFA Nations League 2019,False
549,2018-11-20,RSA,PAR,1:1,,Friendly 2018,False
550,2018-11-20,TUN,MAR,0:1,,Friendly 2018,False
551,2018-11-20,TUR,UKR,0:0,,Friendly 2018,False
552,2018-11-20,UAE,YEM,2:0,,Friendly 2018,False
553,2018-11-20,UZB,KOR,0:4,,Friendly 2018,True
554,2018-11-20,MYA,VIE,0:0,,South East Asian Championship 2018,False
555,2018-11-20,POR,POL,1:1,,UEFA Nations League 2019,False
556,2018-11-20,SWE,RUS,2:0,,UEFA Nations League 2019,False
557,2018-11-20,SCO,ISR,3:2,,UEFA Nations League 2019,False
558,2018-11-20,MNE,ROU,0:1,,UEFA Nations League 2019,False
559,2018-11-20,SRB,LTU,4:1,,UEFA Nations League 2019,False
560,2018-11-20,KOS,AZE,4:0,,UEFA Nations League 2019,False
561,2018-11-20,MLT,FRO,1:1,,UEFA Nations League 2019,False
562,2018-11-20,PER,CRC,2:3,,Friendly 2018,False
563,2018-11-20,PAN,ECU,1:2,,Friendly 2018,False
564,2018-11-20,CAM,LAO,3:1,,South East Asian Championship 2018,False
565,2018-11-20,KUW,SYR,1:2,,Friendly 2018,False
566,2018-11-20,ALB,WAL,1:0,,Friendly 2018,False
567,2018-11-20,ARG,MEX,2:0,,Friendly 2018,False
568,2018-11-20,AUS,LIB,3:0,,Friendly 2018,False
569,2018-11-20,BRA,CMR,1:0,,Friendly 2018,True
570,2018-11-20,CHI,HON,4:1,,Friendly 2018,False
571,2018-11-20,CHN,PLE,1:1,,Friendly 2018,False
572,2018-11-20,SLV,HAI,1:0,,Friendly 2018,False
573,2018-11-20,IRN,VEN,1:1,,Friendly 2018,True
574,2018-11-20,IRQ,BOL,0:0,,Friendly 2018,True
575,2018-11-20,ITA,USA,1:0,,Friendly 2018,True
576,2018-11-20,JPN,KGZ,4:0,,Friendly 2018,False
577,2018-11-20,JOR,KSA,1:1,,Friendly 2018,False
578,2018-11-20,FRA,URU,1:0,,Friendly 2018,False
579,2018-11-20,NGA,UGA,0:0,,Friendly 2018,False
580,2018-11-21,SIN,TLS,6:1,,South East Asian Championship 2018,False
581,2018-11-21,PHI,THA,1:1,,South East Asian Championship 2018,False
582,2018-11-24,VIE,CAM,3:0,,South East Asian Championship 2018,False
583,2018-11-24,MAS,MYA,3:0,,South East Asian Championship 2018,False
584,2018-11-25,IDN,PHI,0:0,,South East Asian Championship 2018,False
585,2018-11-25,THA,SIN,3:0,,South East Asian Championship 2018,False
586,2018-12-01,MAS,THA,0:0,,South East Asian Championship 2018,False
587,2018-12-02,PHI,VIE,1:2,,South East Asian Championship 2018,False
588,2018-12-05,THA,MAS,2:2,,South East Asian Championship 2018,False
589,2018-12-06,VIE,PHI,2:1,,South East Asian Championship 2018,False
590,2018-12-11,MAS,VIE,2:2,,South East Asian Championship 2018,False
591,2018-12-13,OMA,TJK,2:1,,Friendly 2018,False
592,2018-12-15,VIE,MAS,1:0,,South East Asian Championship 2018,False
593,2018-12-16,OMA,TJK,1:0,,Friendly 2018,False
594,2018-12-20,BHR,TJK,5:0,,Friendly 2018,False
595,2018-12-20,JOR,KGZ,0:1,,Friendly 2018,True
596,2018-12-23,QAT,JOR,2:0,,Friendly 2018,False
597,2018-12-24,IRQ,CHN,2:1,,Friendly 2018,True
598,2018-12-24,PLE,IRN,1:1,,Friendly 2018,True
599,2018-12-25,VIE,PRK,1:1,,Friendly 2018,False
600,2018-12-25,QAT,KGZ,1:0,,Friendly 2018,False
601,2018-12-25,AFG,TKM,0:2,,Friendly 2018,True
602,2018-12-27,OMA,IND,0:0,,Friendly 2018,True
603,2018-12-27,QAT,ALG,0:1,,Friendly 2018,False
604,2018-12-28,IRQ,PLE,1:0,,Friendly 2018,True
605,2018-12-28,JOR,CHN,1:1,,Friendly 2018,True
606,2018-12-29,BHR,PRK,4:0,,Friendly 2018,False
607,2018-12-30,OMA,AUS,0:5,,Friendly 2018,True
608,2018-12-30,YEM,SYR,0:1,,Friendly 2018,True
609,2018-12-31,PLE,KGZ,1:2,,Friendly 2018,True
610,2018-12-31,QAT,IRN,1:2,,Friendly 2018,False
611,2018-12-31,KSA,KOR,0:0,,Friendly 2018,True
612,2019-01-05,UAE,BHR,1:1,,AFC Nations Cup 2019,False
613,2019-01-06,SYR,PLE,0:0,,AFC Nations Cup 2019,True
614,2019-01-06,AUS,JOR,0:1,,AFC Nations Cup 2019,True
615,2019-01-06,THA,IND,1:4,,AFC Nations Cup 2019,True
616,2019-01-07,CHN,KGZ,2:1,,AFC Nations Cup 2019,True
617,2019-01-07,KOR,PHI,1:0,,AFC Nations Cup 2019,True
618,2019-01-07,IRN,YEM,5:0,,AFC Nations Cup 2019,True
619,2019-01-08,IRQ,VIE,3:2,,AFC Nations Cup 2019,True
620,2019-01-08,KSA,PRK,4:0,,AFC Nations Cup 2019,True
621,2019-01-09,QAT,LIB,2:0,,AFC Nations Cup 2019,True
622,2019-01-09,JPN,TKM,3:2,,AFC Nations Cup 2019,True
623,2019-01-09,UZB,OMA,2:1,,AFC Nations Cup 2019,True
624,2019-01-10,BHR,THA,0:1,,AFC Nations Cup 2019,True
625,2019-01-10,UAE,IND,2:0,,AFC Nations Cup 2019,False
626,2019-01-10,JOR,SYR,2:0,,AFC Nations Cup 2019,True
627,2019-01-11,EST,FIN,2:1,,Friendly 2019,True
628,2019-01-11,KGZ,KOR,0:1,,AFC Nations Cup 2019,True
629,2019-01-11,PLE,AUS,0:3,,AFC Nations Cup 2019,True
630,2019-01-11,PHI,CHN,0:3,,AFC Nations Cup 2019,True
631,2019-01-12,VIE,IRN,0:2,,AFC Nations Cup 2019,True
632,2019-01-12,YEM,IRQ,0:3,,AFC Nations Cup 2019,True
633,2019-01-12,LIB,KSA,0:2,,AFC Nations Cup 2019,True
634,2019-01-13,PRK,QAT,0:6,,AFC Nations Cup 2019,True
635,2019-01-13,OMA,JPN,0:1,,AFC Nations Cup 2019,True
636,2019-01-13,TKM,UZB,0:4,,AFC Nations Cup 2019,True
637,2019-01-14,IND,BHR,0:1,,AFC Nations Cup 2019,True
638,2019-01-14,UAE,THA,1:1,,AFC Nations Cup 2019,False
639,2019-01-15,EST,ISL,0:0,,Friendly 2019,True
640,2019-01-15,PLE,JOR,0:0,,AFC Nations Cup 2019,True
641,2019-01-15,AUS,SYR,3:2,,AFC Nations Cup 2019,True
642,2019-01-16,KOR,CHN,2:0,,AFC Nations Cup 2019,True
643,2019-01-16,KGZ,PHI,3:1,,AFC Nations Cup 2019,True
644,2019-01-16,IRN,IRQ,0:0,,AFC Nations Cup 2019,True
645,2019-01-16,VIE,YEM,2:0,,AFC Nations Cup 2019,True
646,2019-01-17,LIB,PRK,4:1,,AFC Nations Cup 2019,True
647,2019-01-17,KSA,QAT,0:2,,AFC Nations Cup 2019,True
648,2019-01-17,JPN,UZB,2:1,,AFC Nations Cup 2019,True
649,2019-01-17,OMA,TKM,3:1,,AFC Nations Cup 2019,True
650,2019-01-20,JOR,VIE,1:1 a.e.t.,2:4,AFC Nations Cup 2019,True
651,2019-01-20,THA,CHN,1:2,,AFC Nations Cup 2019,True
652,2019-01-20,IRN,OMA,2:0,,AFC Nations Cup 2019,True
653,2019-01-21,JPN,KSA,1:0,,AFC Nations Cup 2019,True
654,2019-01-21,UAE,KGZ,3:2 a.e.t.,,AFC Nations Cup 2019,False
655,2019-01-21,AUS,UZB,0:0 a.e.t.,4:2,AFC Nations Cup 2019,True
656,2019-01-22,QAT,IRQ,1:0,,AFC Nations Cup 2019,True
657,2019-01-22,KOR,BHR,2:1 a.e.t.,,AFC Nations Cup 2019,True
658,2019-01-24,CHN,IRN,0:3,,AFC Nations Cup 2019,True
659,2019-01-24,VIE,JPN,0:1,,AFC Nations Cup 2019,True
660,2019-01-25,KOR,QAT,0:1,,AFC Nations Cup 2019,True
661,2019-01-25,UAE,AUS,1:0,,AFC Nations Cup 2019,False
662,2019-01-27,USA,PAN,3:0,,Friendly 2019,False
663,2019-01-28,IRN,JPN,0:3,,AFC Nations Cup 2019,True
664,2019-01-29,UAE,QAT,0:4,,AFC Nations Cup 2019,False
665,2019-02-01,JPN,QAT,1:3,,AFC Nations Cup 2019,True
666,2019-02-02,USA,CRC,2:0,,Friendly 2019,False
667,2019-02-25,CUB,BER,2:2,,Friendly 2019,False
668,2019-02-27,CUB,BER,5:0,,Friendly 2019,False
669,2019-02-28,GRN,LCA,1:0,,Friendly 2019,True
670,2019-02-28,VIN,BRB,2:0,,Friendly 2019,False
671,2019-03-02,VIN,LCA,2:1,,Friendly 2019,False
672,2019-03-02,GRN,DMA,0:1,,Friendly 2019,True
673,2019-03-04,LCA,DMA,1:1,,Friendly 2019,True
674,2019-03-04,BRB,GRN,3:0,,Friendly 2019,True
675,2019-03-06,LCA,BRB,0:2,,Friendly 2019,True
676,2019-03-06,VIN,DMA,2:1,,Friendly 2019,False
677,2019-03-06,SLV,GUA,3:1,,Friendly 2019,True
678,2019-03-08,DMA,BRB,0:2,,Friendly 2019,True
679,2019-03-08,VIN,GRN,1:1,,Friendly 2019,False
680,2019-03-09,CAM,BAN,0:1,,Friendly 2019,False
681,2019-03-16,BAH,TCA,6:1,,Friendly 2019,False
682,2019-03-18,FIJ,NCL,3:0,,Friendly 2019,False
683,2019-03-18,SOL,VAN,3:1,,Friendly 2019,False
684,2019-03-19,MYA,TPE,0:0,,Friendly 2019,False
685,2019-03-20,WAL,TRI,1:0,,Friendly 2019,False
686,2019-03-20,IRQ,SYR,1:0,,Friendly 2019,False
687,2019-03-20,GER,SRB,1:1,,Friendly 2019,False
688,2019-03-20,MAS,SIN,0:1,,Friendly 2019,False
689,2019-03-20,OMA,AFG,5:0,,Friendly 2019,True
690,2019-03-21,MKD,LVA,3:1,,UEFA EURO 2020 Q,False
691,2019-03-21,KAZ,SCO,3:0,,UEFA EURO 2020 Q,False
692,2019-03-21,CYP,SMR,5:0,,UEFA EURO 2020 Q,False
693,2019-03-21,BEL,RUS,3:1,,UEFA EURO 2020 Q,False
694,2019-03-21,ISR,SVN,1:1,,UEFA EURO 2020 Q,False
695,2019-03-21,AUT,POL,0:1,,UEFA EURO 2020 Q,False
696,2019-03-21,SVK,HUN,2:0,,UEFA EURO 2020 Q,False
697,2019-03-21,NIR,EST,2:0,,UEFA EURO 2020 Q,False
698,2019-03-21,CRO,AZE,2:1,,UEFA EURO 2020 Q,False
699,2019-03-21,USA,ECU,1:0,,Friendly 2019,False
700,2019-03-21,UAE,KSA,2:1,,Friendly 2019,False
701,2019-03-21,KUW,NEP,0:0,,Friendly 2019,False
702,2019-03-21,KOS,DEN,2:2,,Friendly 2019,False
703,2019-03-21,NCL,MRI,1:3,,Friendly 2019,True
704,2019-03-21,CHN,THA,0:1,,Friendly 2019,False
705,2019-03-21,VGB,TCA,2:2,,CONCACAF Nations League 2020 Q,True
706,2019-03-21,NED,BLR,4:0,,UEFA EURO 2020 Q,False
707,2019-03-22,BUL,MNE,1:1,,UEFA EURO 2020 Q,False
708,2019-03-22,JPN,COL,0:1,,Friendly 2019,False
709,2019-03-22,KOR,BOL,1:0,,Friendly 2019,False
710,2019-03-22,PER,PAR,1:0,,Friendly 2019,True
711,2019-03-22,ENG,CZE,5:0,,UEFA EURO 2020 Q,False
712,2019-03-22,GUA,CRC,1:0,,Friendly 2019,False
713,2019-03-22,POR,UKR,0:0,,UEFA EURO 2020 Q,False
714,2019-03-22,ALB,TUR,0:2,,UEFA EURO 2020 Q,False
715,2019-03-22,AND,ISL,0:2,,UEFA EURO 2020 Q,False
716,2019-03-22,MDA,FRA,1:4,,UEFA EURO 2020 Q,False
717,2019-03-22,LUX,LTU,2:1,,UEFA EURO 2020 Q,False
718,2019-03-22,CHI,MEX,1:3,,Friendly 2019,True
719,2019-03-22,BFA,MTN,1:0,,CAF Nations Cup 2019 Q,False
720,2019-03-22,URU,UZB,3:0,,Friendly 2019,True
721,2019-03-22,SDN,EQG,1:4,,CAF Nations Cup 2019 Q,False
722,2019-03-22,MWI,MAR,0:0,,CAF Nations Cup 2019 Q,False
723,2019-03-22,ALG,GAM,1:1,,CAF Nations Cup 2019 Q,False
724,2019-03-22,NGA,SEY,3:1,,CAF Nations Cup 2019 Q,False
725,2019-03-22,BOT,ANG,0:1,,CAF Nations Cup 2019 Q,False
726,2019-03-22,ARG,VEN,1:3,,Friendly 2019,True
727,2019-03-22,TUN,SWZ,4:0,,CAF Nations Cup 2019 Q,False
728,2019-03-22,AIA,VIR,0:3,,CONCACAF Nations League 2020 Q,False
729,2019-03-22,CAY,MSR,1:2,,CONCACAF Nations League 2020 Q,False
730,2019-03-22,LCA,ARU,3:2,,CONCACAF Nations League 2020 Q,True
731,2019-03-23,MAS,AFG,2:1,,Friendly 2019,False
732,2019-03-23,OMA,SIN,1:1,5:4,Friendly 2019,True
733,2019-03-23,JOR,SYR,0:1,,Friendly 2019,True
734,2019-03-23,BRA,PAN,1:1,,Friendly 2019,True
735,2019-03-23,GEO,SUI,0:2,,UEFA EURO 2020 Q,False
736,2019-03-23,MLT,FRO,2:1,,UEFA EURO 2020 Q,False
737,2019-03-23,LIE,GRE,0:2,,UEFA EURO 2020 Q,False
738,2019-03-23,ESP,NOR,2:1,,UEFA EURO 2020 Q,False
739,2019-03-23,SWE,ROU,2:1,,UEFA EURO 2020 Q,False
740,2019-03-23,BIH,ARM,2:1,,UEFA EURO 2020 Q,False
741,2019-03-23,SUR,SKN,2:0,,CONCACAF Nations League 2020 Q,False
742,2019-03-23,GIB,IRL,0:1,,UEFA EURO 2020 Q,False
743,2019-03-23,ITA,FIN,2:0,,UEFA EURO 2020 Q,False
744,2019-03-23,GUY,BLZ,2:1,,CONCACAF Nations League 2020 Q,False
745,2019-03-23,DMA,BAH,4:0,,CONCACAF Nations League 2020 Q,False
746,2019-03-23,ATG,CUW,2:1,,CONCACAF Nations League 2020 Q,False
747,2019-03-23,ZAM,NAM,4:1,,CAF Nations Cup 2019 Q,False
748,2019-03-23,GNB,MOZ,2:2,,CAF Nations Cup 2019 Q,False
749,2019-03-23,NIG,EGY,1:1,,CAF Nations Cup 2019 Q,False
750,2019-03-23,CIV,RWA,3:0,,CAF Nations Cup 2019 Q,False
751,2019-03-23,GHA,KEN,1:0,,CAF Nations Cup 2019 Q,False
752,2019-03-23,MLI,SSD,3:0,,CAF Nations Cup 2019 Q,False
753,2019-03-23,BDI,GAB,1:1,,CAF Nations Cup 2019 Q,False
754,2019-03-23,CMR,COM,3:0,,CAF Nations Cup 2019 Q,False
755,2019-03-23,SEN,MAD,2:0,,CAF Nations Cup 2019 Q,False
756,2019-03-23,SLV,JAM,2:0,,CONCACAF Nations League 2020 Q,False
757,2019-03-24,NIR,BLR,2:1,,UEFA EURO 2020 Q,False
758,2019-03-24,HUN,CRO,2:1,,UEFA EURO 2020 Q,False
759,2019-03-24,WAL,SVK,1:0,,UEFA EURO 2020 Q,False
760,2019-03-24,ISR,AUT,4:2,,UEFA EURO 2020 Q,False
761,2019-03-24,NED,GER,2:3,,UEFA EURO 2020 Q,False
762,2019-03-24,SVN,MKD,1:1,,UEFA EURO 2020 Q,False
763,2019-03-24,CYP,BEL,0:2,,UEFA EURO 2020 Q,False
764,2019-03-24,KAZ,RUS,0:4,,UEFA EURO 2020 Q,False
765,2019-03-24,SMR,SCO,0:2,,UEFA EURO 2020 Q,False
766,2019-03-24,POL,LVA,2:0,,UEFA EURO 2020 Q,False
767,2019-03-24,TPE,SOL,0:1,,Friendly 2019,False
768,2019-03-24,HAI,CUB,2:1,,CONCACAF Nations League 2020 Q,False
769,2019-03-24,PUR,GRN,0:2,,CONCACAF Nations League 2020 Q,False
770,2019-03-24,FIJ,MRI,1:0,,Friendly 2019,False
771,2019-03-24,DOM,BER,1:3,,CONCACAF Nations League 2020 Q,False
772,2019-03-24,BRB,NCA,0:1,,CONCACAF Nations League 2020 Q,False
773,2019-03-24,TAN,UGA,3:0,,CAF Nations Cup 2019 Q,False
774,2019-03-24,CPV,LES,0:0,,CAF Nations Cup 2019 Q,False
775,2019-03-24,CTA,GUI,0:0,,CAF Nations Cup 2019 Q,False
776,2019-03-24,ZIM,CGO,2:0,,CAF Nations Cup 2019 Q,False
777,2019-03-24,COD,LBR,1:0,,CAF Nations Cup 2019 Q,False
778,2019-03-24,LBY,RSA,1:2,,CAF Nations Cup 2019 Q,True
779,2019-03-24,BEN,TOG,2:1,,CAF Nations Cup 2019 Q,False
780,2019-03-25,TUR,MDA,4:0,,UEFA EURO 2020 Q,False
781,2019-03-25,FRA,ISL,4:0,,UEFA EURO 2020 Q,False
782,2019-03-25,AND,ALB,0:3,,UEFA EURO 2020 Q,False
783,2019-03-25,POR,SRB,1:1,,UEFA EURO 2020 Q,False
784,2019-03-25,LUX,UKR,1:2,,UEFA EURO 2020 Q,False
785,2019-03-25,MNE,ENG,1:5,,UEFA EURO 2020 Q,False
786,2019-03-25,KSA,EQG,3:2,,Friendly 2019,False
787,2019-03-25,MYA,IDN,0:2,,Friendly 2019,False
788,2019-03-25,KUW,NEP,1:0,,Friendly 2019,False
789,2019-03-25,URU,THA,4:0,,Friendly 2019,True
790,2019-03-25,CHN,UZB,0:1,,Friendly 2019,False
791,2019-03-25,KOS,BUL,1:1,,UEFA EURO 2020 Q,False
792,2019-03-26,PER,SLV,0:2,,Friendly 2019,True
793,2019-03-26,SEN,MLI,2:1,,Friendly 2019,False
794,2019-03-26,USA,CHI,1:1,,Friendly 2019,False
795,2019-03-26,IRL,GEO,1:0,,UEFA EURO 2020 Q,False
796,2019-03-26,SUI,DEN,3:3,,UEFA EURO 2020 Q,False
797,2019-03-26,ARM,FIN,0:2,,UEFA EURO 2020 Q,False
798,2019-03-26,NOR,SWE,3:3,,UEFA EURO 2020 Q,False
799,2019-03-26,ROU,FRO,4:1,,UEFA EURO 2020 Q,False
800,2019-03-26,BIH,GRE,2:2,,UEFA EURO 2020 Q,False
801,2019-03-26,ITA,LIE,6:0,,UEFA EURO 2020 Q,False
802,2019-03-26,MLT,ESP,0:2,,UEFA EURO 2020 Q,False
803,2019-03-26,NGA,EGY,1:0,,Friendly 2019,False
804,2019-03-26,CRC,JAM,1:0,,Friendly 2019,False
805,2019-03-26,MAR,ARG,0:1,,Friendly 2019,False
806,2019-03-26,MEX,PAR,4:2,,Friendly 2019,True
807,2019-03-26,KOR,COL,2:1,,Friendly 2019,False
808,2019-03-26,JPN,BOL,1:0,,Friendly 2019,False
809,2019-03-26,GIB,EST,0:1,,Friendly 2019,False
810,2019-03-26,GHA,MTN,3:1,,Friendly 2019,False
811,2019-03-26,ECU,HON,0:0,,Friendly 2019,True
812,2019-03-26,CZE,BRA,1:3,,Friendly 2019,False
813,2019-03-26,CIV,LBR,1:0,,Friendly 2019,False
814,2019-03-26,ALG,TUN,1:0,,Friendly 2019,False
815,2019-03-26,IRQ,JOR,3:2,,Friendly 2019,False
816,2019-03-26,GUA,NCA,1:0,,Friendly 2019,False
817,2019-04-20,BOT,SEY,2:0,,African Nations Championship 2020 Q,False
818,2019-04-20,SWZ,MWI,0:0,,African Nations Championship 2020 Q,False
819,2019-05-11,MWI,SWZ,1:1,,African Nations Championship 2020 Q,False
820,2019-05-11,SEY,BOT,1:3,,African Nations Championship 2020 Q,False
821,2019-05-25,SWZ,MRI,2:2,,COSAFA Cup 2019,True
822,2019-05-26,MWI,SEY,3:0,,COSAFA Cup 2019,True
823,2019-05-26,MOZ,NAM,1:2,,COSAFA Cup 2019,True
824,2019-05-27,SWZ,COM,2:2,,COSAFA Cup 2019,True
825,2019-05-28,NAM,MWI,1:2,,COSAFA Cup 2019,True
826,2019-05-28,SEY,MOZ,0:0,,COSAFA Cup 2019,True
827,2019-05-28,LAO,SRI,2:1,,Friendly 2019,False
828,2019-05-29,COM,MRI,2:1,,COSAFA Cup 2019,True
829,2019-05-30,MOZ,MWI,1:1,,COSAFA Cup 2019,True
830,2019-05-30,NAM,SEY,3:0,,COSAFA Cup 2019,True
831,2019-05-30,TUR,GRE,2:1,,Friendly 2019,False
832,2019-05-31,LAO,SRI,2:2,,Friendly 2019,False
833,2019-06-01,ECU,VEN,1:1,,Friendly 2019,True
834,2019-06-01,LES,UGA,0:0,3:2,COSAFA Cup 2019,True
835,2019-06-02,SLV,HAI,1:0,,Friendly 2019,True
836,2019-06-02,FRA,BOL,2:0,,Friendly 2019,False
837,2019-06-02,LUX,MAD,3:3,,Friendly 2019,False
838,2019-06-02,MAS,NEP,2:0,,Friendly 2019,False
839,2019-06-02,TUR,UZB,2:0,,Friendly 2019,False
840,2019-06-03,COL,PAN,3:0,,Friendly 2019,False
841,2019-06-04,COM,MWI,1:2,,COSAFA Cup 2019,True
842,2019-06-04,VAN,TAH,2:0,,Friendly 2019,False
843,2019-06-05,PER,CRC,1:0,,Friendly 2019,False
844,2019-06-05,POR,SUI,3:1,,UEFA Nations League 2019,False
845,2019-06-05,USA,JAM,0:1,,Friendly 2019,False
846,2019-06-05,PAR,HON,1:1,,Friendly 2019,False
847,2019-06-05,MEX,VEN,3:1,,Friendly 2019,True
848,2019-06-05,BRA,QAT,2:0,,Friendly 2019,False
849,2019-06-05,THA,VIE,0:1,,Friendly 2019,False
850,2019-06-05,CUW,IND,3:1,,Friendly 2019,True
851,2019-06-05,LES,BOT,1:2,,COSAFA Cup 2019,True
852,2019-06-05,JPN,TRI,0:0,,Friendly 2019,False
853,2019-06-06,IRN,SYR,5:0,,Friendly 2019,False
854,2019-06-06,NED,ENG,3:1 a.e.t.,,UEFA Nations League 2019,True
855,2019-06-06,TPE,NEP,1:1,,Friendly 2019,False
856,2019-06-06,CHI,HAI,2:1,,Friendly 2019,False
857,2019-06-06,BER,GUY,1:0,,Friendly 2019,False
858,2019-06-06,MNG,BRU,2:0,,FIFA World Cup 2022 Q,False
859,2019-06-06,MAC,SRI,1:0,,FIFA World Cup 2022 Q,True
860,2019-06-06,LAO,BAN,0:1,,FIFA World Cup 2022 Q,False
861,2019-06-06,CAM,PAK,2:0,,FIFA World Cup 2022 Q,False
862,2019-06-06,BHU,GUM,1:0,,FIFA World Cup 2022 Q,False
863,2019-06-07,LTU,LUX,1:1,,UEFA EURO 2020 Q,False
864,2019-06-07,UKR,SRB,5:0,,UEFA EURO 2020 Q,False
865,2019-06-07,DEN,IRL,1:1,,UEFA EURO 2020 Q,False
866,2019-06-07,GEO,GIB,3:0,,UEFA EURO 2020 Q,False
867,2019-06-07,FRO,ESP,1:4,,UEFA EURO 2020 Q,False
868,2019-06-07,MNE,KOS,1:1,,UEFA EURO 2020 Q,False
869,2019-06-07,SWE,MLT,3:0,,UEFA EURO 2020 Q,False
870,2019-06-07,SVN,AUT,0:1,,UEFA EURO 2020 Q,False
871,2019-06-07,LVA,ISR,0:3,,UEFA EURO 2020 Q,False
872,2019-06-07,MKD,POL,0:1,,UEFA EURO 2020 Q,False
873,2019-06-07,NOR,ROU,2:2,,UEFA EURO 2020 Q,False
874,2019-06-07,CZE,BUL,2:1,,UEFA EURO 2020 Q,False
875,2019-06-07,MAS,TLS,7:1,,FIFA World Cup 2022 Q,False
876,2019-06-07,URU,PAN,3:0,,Friendly 2019,False
877,2019-06-07,UZB,PRK,4:0,,Friendly 2019,False
878,2019-06-07,ARG,NCA,5:1,,Friendly 2019,False
879,2019-06-07,CHN,PHI,2:0,,Friendly 2019,False
880,2019-06-07,GUI,GAM,0:1,,Friendly 2019,True
881,2019-06-07,FIJ,TAH,1:1,,Friendly 2019,True
882,2019-06-07,MAD,KEN,0:1,,Friendly 2019,True
883,2019-06-07,SVK,JOR,5:1,,Friendly 2019,False
884,2019-06-07,TJK,AFG,1:1,,Friendly 2019,False
885,2019-06-07,TUN,IRQ,2:0,,Friendly 2019,False
886,2019-06-07,KOR,AUS,1:0,,Friendly 2019,False
887,2019-06-08,MDA,AND,1:0,,UEFA EURO 2020 Q,False
888,2019-06-08,GRE,ITA,0:3,,UEFA EURO 2020 Q,False
889,2019-06-08,FIN,BIH,2:0,,UEFA EURO 2020 Q,False
890,2019-06-08,ARM,LIE,3:0,,UEFA EURO 2020 Q,False
891,2019-06-08,SCO,CYP,2:1,,UEFA EURO 2020 Q,False
892,2019-06-08,RUS,SMR,9:0,,UEFA EURO 2020 Q,False
893,2019-06-08,TUR,FRA,2:0,,UEFA EURO 2020 Q,False
894,2019-06-08,ISL,ALB,1:0,,UEFA EURO 2020 Q,False
895,2019-06-08,BEL,KAZ,3:0,,UEFA EURO 2020 Q,False
896,2019-06-08,AZE,HUN,1:3,,UEFA EURO 2020 Q,False
897,2019-06-08,EST,NIR,1:2,,UEFA EURO 2020 Q,False
898,2019-06-08,BLR,GER,0:2,,UEFA EURO 2020 Q,False
899,2019-06-08,SIN,SOL,4:3,,Friendly 2019,False
900,2019-06-08,NGA,ZIM,0:0,,Friendly 2019,False
901,2019-06-08,THA,IND,0:1,,Friendly 2019,False
902,2019-06-08,CUW,VIE,1:1,5:4,Friendly 2019,True
903,2019-06-08,CRO,WAL,2:1,,UEFA EURO 2020 Q,False
904,2019-06-09,SUI,ENG,0:0 a.e.t.,5:6,UEFA Nations League 2019,True
905,2019-06-09,POR,NED,1:0,,UEFA Nations League 2019,False
906,2019-06-09,USA,VEN,0:3,,Friendly 2019,False
907,2019-06-09,UGA,TKM,0:0,,Friendly 2019,True
908,2019-06-09,PER,COL,0:3,,Friendly 2019,False
909,2019-06-09,MEX,ECU,3:2,,Friendly 2019,True
910,2019-06-09,JPN,SLV,2:0,,Friendly 2019,False
911,2019-06-09,COD,BFA,0:0,,Friendly 2019,True
912,2019-06-09,CMR,ZAM,2:1,,Friendly 2019,True
913,2019-06-09,BRA,HON,7:0,,Friendly 2019,False
914,2019-06-09,PAR,GUA,2:0,,Friendly 2019,False
915,2019-06-10,FRO,NOR,0:2,,UEFA EURO 2020 Q,False
916,2019-06-10,MKD,AUT,1:4,,UEFA EURO 2020 Q,False
917,2019-06-10,LVA,SVN,0:5,,UEFA EURO 2020 Q,False
918,2019-06-10,ESP,SWE,3:0,,UEFA EURO 2020 Q,False
919,2019-06-10,MLT,ROU,0:4,,UEFA EURO 2020 Q,False
920,2019-06-10,IRL,GIB,2:0,,UEFA EURO 2020 Q,False
921,2019-06-10,POL,ISR,4:0,,UEFA EURO 2020 Q,False
922,2019-06-10,UKR,LUX,1:0,,UEFA EURO 2020 Q,False
923,2019-06-10,SRB,LTU,4:1,,UEFA EURO 2020 Q,False
924,2019-06-10,CZE,MNE,3:0,,UEFA EURO 2020 Q,False
925,2019-06-10,BUL,KOS,2:3,,UEFA EURO 2020 Q,False
926,2019-06-10,VAN,FIJ,0:0,,Friendly 2019,False
927,2019-06-10,DEN,GEO,5:1,,UEFA EURO 2020 Q,False
928,2019-06-11,BLR,NIR,0:1,,UEFA EURO 2020 Q,False
929,2019-06-11,GER,EST,8:0,,UEFA EURO 2020 Q,False
930,2019-06-11,AZE,SVK,1:5,,UEFA EURO 2020 Q,False
931,2019-06-11,HUN,WAL,1:0,,UEFA EURO 2020 Q,False
932,2019-06-11,ALB,MDA,2:0,,UEFA EURO 2020 Q,False
933,2019-06-11,AND,FRA,0:4,,UEFA EURO 2020 Q,False
934,2019-06-11,KAZ,SMR,4:0,,UEFA EURO 2020 Q,False
935,2019-06-11,UZB,SYR,2:0,,Friendly 2019,False
936,2019-06-11,RUS,CYP,1:0,,UEFA EURO 2020 Q,False
937,2019-06-11,GRE,ARM,2:3,,UEFA EURO 2020 Q,False
938,2019-06-11,ITA,BIH,2:1,,UEFA EURO 2020 Q,False
939,2019-06-11,LIE,FIN,0:2,,UEFA EURO 2020 Q,False
940,2019-06-11,BEL,SCO,3:0,,UEFA EURO 2020 Q,False
941,2019-06-11,SIN,MYA,1:2,,Friendly 2019,False
942,2019-06-11,ISL,TUR,2:1,,UEFA EURO 2020 Q,False
943,2019-06-11,KOR,IRN,1:1,,Friendly 2019,False
944,2019-06-11,KGZ,PLE,2:2,,Friendly 2019,False
945,2019-06-11,BAN,LAO,0:0,,FIFA World Cup 2022 Q,False
946,2019-06-11,BRU,MNG,2:1,,FIFA World Cup 2022 Q,False
947,2019-06-11,PAK,CAM,1:2,,FIFA World Cup 2022 Q,True
948,2019-06-11,MAS,TLS,5:1,,FIFA World Cup 2022 Q,False
949,2019-06-11,SRI,MAC,3:0,,FIFA World Cup 2022 Q,False
950,2019-06-11,GUM,BHU,5:0,,FIFA World Cup 2022 Q,False
951,2019-06-11,CHN,TJK,1:0,,Friendly 2019,False
952,2019-06-11,CRO,TUN,1:2,,Friendly 2019,False
953,2019-06-11,GUI,BEN,0:1,,Friendly 2019,True
954,2019-06-11,HKG,TPE,0:2,,Friendly 2019,False
955,2019-06-11,JOR,IDN,4:1,,Friendly 2019,False
956,2019-06-11,ALG,BDI,1:1,,Friendly 2019,True
957,2019-06-12,MAR,GAM,0:1,,Friendly 2019,False
958,2019-06-13,EGY,TAN,1:0,,Friendly 2019,False
959,2019-06-14,BRA,BOL,3:0,,Copa America 2019,False
960,2019-06-14,MAD,MTN,1:3,,Friendly 2019,True
961,2019-06-15,CIV,UGA,0:1,,Friendly 2019,True
962,2019-06-15,IDN,VAN,6:0,,Friendly 2019,False
963,2019-06-15,COD,KEN,1:1,,Friendly 2019,True
964,2019-06-15,MEX,CUB,7:0,,CONCACAF Gold Cup 2019,True
965,2019-06-15,VEN,PER,0:0,,Copa America 2019,True
966,2019-06-15,ARG,COL,0:2,,Copa America 2019,True
967,2019-06-16,CRC,NCA,4:0,,CONCACAF Gold Cup 2019,False
968,2019-06-16,HAI,BER,2:1,,CONCACAF Gold Cup 2019,True
969,2019-06-16,PAR,QAT,2:2,,Copa America 2019,True
970,2019-06-16,URU,ECU,4:0,,Copa America 2019,True
971,2019-06-16,ALG,MLI,3:2,,Friendly 2019,True
972,2019-06-16,EGY,GUI,3:1,,Friendly 2019,False
973,2019-06-16,MAR,ZAM,2:3,,Friendly 2019,False
974,2019-06-16,NGA,SEN,0:1,,Friendly 2019,True
975,2019-06-17,CUW,SLV,0:1,,CONCACAF Gold Cup 2019,True
976,2019-06-17,JAM,HON,3:2,,CONCACAF Gold Cup 2019,False
977,2019-06-17,JPN,CHI,0:4,,Copa America 2019,True
978,2019-06-18,BEN,MTN,3:1,,Friendly 2019,True
979,2019-06-18,BRA,VEN,0:0,,Copa America 2019,False
980,2019-06-18,PAN,TRI,2:0,,CONCACAF Gold Cup 2019,True
981,2019-06-18,USA,GUY,4:0,,CONCACAF Gold Cup 2019,False
982,2019-06-18,BOL,PER,1:3,,Copa America 2019,True
983,2019-06-19,MEX,CAN,3:1,,CONCACAF Gold Cup 2019,True
984,2019-06-19,ARG,PAR,1:1,,Copa America 2019,True
985,2019-06-19,COL,QAT,1:0,,Copa America 2019,True
986,2019-06-19,CIV,ZAM,4:1,,Friendly 2019,True
987,2019-06-20,CRC,BER,2:1,,CONCACAF Gold Cup 2019,True
988,2019-06-20,NCA,HAI,0:2,,CONCACAF Gold Cup 2019,True
989,2019-06-20,URU,JPN,2:2,,Copa America 2019,True
990,2019-06-21,ECU,CHI,1:2,,Copa America 2019,True
991,2019-06-21,HON,CUW,0:1,,CONCACAF Gold Cup 2019,True
992,2019-06-21,EGY,ZIM,1:0,,CAF Nations Cup 2019,False
993,2019-06-21,SLV,JAM,0:0,,CONCACAF Gold Cup 2019,True
994,2019-06-22,COD,UGA,0:2,,CAF Nations Cup 2019,True
995,2019-06-22,GUI,MAD,2:2,,CAF Nations Cup 2019,True
996,2019-06-22,NGA,BDI,1:0,,CAF Nations Cup 2019,True
997,2019-06-22,GUY,PAN,2:4,,CONCACAF Gold Cup 2019,True
998,2019-06-22,USA,TRI,6:0,,CONCACAF Gold Cup 2019,False
999,2019-06-22,BOL,VEN,1:3,,Copa America 2019,True
1000,2019-06-22,BRA,PER,5:0,,Copa America 2019,False
1001,2019-06-23,QAT,ARG,0:2,,Copa America 2019,True
1002,2019-06-23,COL,PAR,1:0,,Copa America 2019,True
1003,2019-06-23,CAN,CUB,7:0,,CONCACAF Gold Cup 2019,True
1004,2019-06-23,SEN,TAN,2:0,,CAF Nations Cup 2019,True
1005,2019-06-23,ALG,KEN,2:0,,CAF Nations Cup 2019,True
1006,2019-06-23,MAR,NAM,1:0,,CAF Nations Cup 2019,True
1007,2019-06-24,CIV,RSA,1:0,,CAF Nations Cup 2019,True
1008,2019-06-24,MLI,MTN,4:1,,CAF Nations Cup 2019,True
1009,2019-06-24,TUN,ANG,1:1,,CAF Nations Cup 2019,True
1010,2019-06-24,BER,NCA,2:0,,CONCACAF Gold Cup 2019,True
1011,2019-06-24,HAI,CRC,2:1,,CONCACAF Gold Cup 2019,True
1012,2019-06-24,CHI,URU,0:1,,Copa America 2019,True
1013,2019-06-24,ECU,JPN,1:1,,Copa America 2019,True
1014,2019-06-25,JAM,CUW,1:1,,CONCACAF Gold Cup 2019,True
1015,2019-06-25,HON,SLV,4:0,,CONCACAF Gold Cup 2019,True
1016,2019-06-25,CMR,GNB,2:0,,CAF Nations Cup 2019,True
1017,2019-06-25,GHA,BEN,2:2,,CAF Nations Cup 2019,True
1018,2019-06-26,EGY,COD,2:0,,CAF Nations Cup 2019,False
1019,2019-06-26,UGA,ZIM,1:1,,CAF Nations Cup 2019,True
1020,2019-06-26,NGA,GUI,1:0,,CAF Nations Cup 2019,True
1021,2019-06-26,USA,PAN,1:0,,CONCACAF Gold Cup 2019,False
1022,2019-06-26,TRI,GUY,1:1,,CONCACAF Gold Cup 2019,True
1023,2019-06-27,MAD,BDI,1:0,,CAF Nations Cup 2019,True
1024,2019-06-27,KEN,TAN,3:2,,CAF Nations Cup 2019,True
1025,2019-06-27,SEN,ALG,0:1,,CAF Nations Cup 2019,True
1026,2019-06-27,BRA,PAR,0:0,4:3,Copa America 2019,False
1027,2019-06-28,VEN,ARG,0:2,,Copa America 2019,True
1028,2019-06-28,TUN,MLI,1:1,,CAF Nations Cup 2019,True
1029,2019-06-28,COL,CHI,0:0,4:5,Copa America 2019,True
1030,2019-06-28,MAR,CIV,1:0,,CAF Nations Cup 2019,True
1031,2019-06-28,RSA,NAM,1:0,,CAF Nations Cup 2019,True
1032,2019-06-29,MTN,ANG,0:0,,CAF Nations Cup 2019,True
1033,2019-06-29,BEN,GNB,0:0,,CAF Nations Cup 2019,True
1034,2019-06-29,CMR,GHA,0:0,,CAF Nations Cup 2019,True
1035,2019-06-29,HAI,CAN,3:2,,CONCACAF Gold Cup 2019,True
1036,2019-06-29,MEX,CRC,1:1 a.e.t.,5:4,CONCACAF Gold Cup 2019,True
1037,2019-06-29,URU,PER,0:0,4:5,Copa America 2019,True
1038,2019-06-30,USA,CUW,1:0,,CONCACAF Gold Cup 2019,False
1039,2019-06-30,JAM,PAN,1:0,,CONCACAF Gold Cup 2019,True
1040,2019-06-30,MAD,NGA,2:0,,CAF Nations Cup 2019,True
1041,2019-06-30,ZIM,COD,0:4,,CAF Nations Cup 2019,True
1042,2019-06-30,EGY,UGA,2:0,,CAF Nations Cup 2019,False
1043,2019-06-30,BDI,GUI,0:2,,CAF Nations Cup 2019,True
1044,2019-07-01,KEN,SEN,0:3,,CAF Nations Cup 2019,True
1045,2019-07-01,TAN,ALG,0:3,,CAF Nations Cup 2019,True
1046,2019-07-01,NAM,CIV,1:4,,CAF Nations Cup 2019,True
1047,2019-07-01,RSA,MAR,0:1,,CAF Nations Cup 2019,True
1048,2019-07-02,HAI,MEX,0:1 a.e.t.,,CONCACAF Gold Cup 2019,True
1049,2019-07-02,ANG,MLI,0:1,,CAF Nations Cup 2019,True
1050,2019-07-02,MTN,TUN,0:0,,CAF Nations Cup 2019,True
1051,2019-07-02,BEN,CMR,0:0,,CAF Nations Cup 2019,True
1052,2019-07-02,GNB,GHA,0:2,,CAF Nations Cup 2019,True
1053,2019-07-02,BRA,ARG,2:0,,Copa America 2019,False
1054,2019-07-03,CHI,PER,0:3,,Copa America 2019,True
1055,2019-07-03,USA,JAM,3:1,,CONCACAF Gold Cup 2019,False
1056,2019-07-05,MAR,BEN,1:1 a.e.t.,1:4,CAF Nations Cup 2019,True
1057,2019-07-05,UGA,SEN,0:1,,CAF Nations Cup 2019,True
1058,2019-07-06,EGY,RSA,0:1,,CAF Nations Cup 2019,False
1059,2019-07-06,NGA,CMR,3:2,,CAF Nations Cup 2019,True
1060,2019-07-06,ARG,CHI,2:1,,Copa America 2019,True
1061,2019-07-07,ALG,GUI,3:0,,CAF Nations Cup 2019,True
1062,2019-07-07,MAD,COD,2:2 a.e.t.,4:2,CAF Nations Cup 2019,True
1063,2019-07-07,USA,MEX,0:1,,CONCACAF Gold Cup 2019,False
1064,2019-07-07,BRA,PER,3:1,,Copa America 2019,False
1065,2019-07-07,IND,TJK,2:4,,Friendly 2019,False
1066,2019-07-08,MLI,CIV,0:1,,CAF Nations Cup 2019,True
1067,2019-07-08,NCL,ASA,5:0,,South Pacific Games 2019,True
1068,2019-07-08,FIJ,TAH,2:1,,South Pacific Games 2019,True
1069,2019-07-08,GHA,TUN,1:1 a.e.t.,4:5,CAF Nations Cup 2019,True
1070,2019-07-08,SYR,PRK,5:2,,Friendly 2019,True
1071,2019-07-08,SAM,PNG,0:6,,South Pacific Games 2019,False
1072,2019-07-10,FIJ,ASA,9:0,,South Pacific Games 2019,True
1073,2019-07-10,SEN,BEN,1:0,,CAF Nations Cup 2019,True
1074,2019-07-10,RSA,NGA,1:2,,CAF Nations Cup 2019,True
1075,2019-07-10,SYR,TJK,0:2,,Friendly 2019,True
1076,2019-07-10,VAN,PNG,0:2,,South Pacific Games 2019,False
1077,2019-07-10,NCL,SOL,2:0,,South Pacific Games 2019,True
1078,2019-07-11,MAD,TUN,0:3,,CAF Nations Cup 2019,True
1079,2019-07-11,CIV,ALG,1:1 a.e.t.,3:4,CAF Nations Cup 2019,True
1080,2019-07-12,TAH,SOL,3:0,,South Pacific Games 2019,True
1081,2019-07-12,FIJ,NCL,0:1,,South Pacific Games 2019,True
1082,2019-07-12,SAM,TGA,2:0,,South Pacific Games 2019,False
1083,2019-07-13,IND,PRK,2:5,,Friendly 2019,False
1084,2019-07-14,ALG,NGA,2:1,,CAF Nations Cup 2019,True
1085,2019-07-14,SEN,TUN,1:0 a.e.t.,,CAF Nations Cup 2019,True
1086,2019-07-15,PRK,TJK,1:0,,Friendly 2019,True
1087,2019-07-15,VAN,TGA,14:0,,South Pacific Games 2019,True
1088,2019-07-15,NCL,TAH,3:0,,South Pacific Games 2019,True
1089,2019-07-15,SOL,ASA,13:0,,South Pacific Games 2019,True
1090,2019-07-16,IND,SYR,1:1,,Friendly 2019,False
1091,2019-07-17,TUN,NGA,0:1,,CAF Nations Cup 2019,True
1092,2019-07-18,TAH,ASA,8:1,,South Pacific Games 2019,True
1093,2019-07-18,FIJ,SOL,4:4,,South Pacific Games 2019,True
1094,2019-07-18,SAM,VAN,0:11,,South Pacific Games 2019,False
1095,2019-07-18,PNG,TGA,8:0,,South Pacific Games 2019,True
1096,2019-07-18,MRI,SEY,1:1,,Indian Ocean Island Games 2019,False
1097,2019-07-19,SEN,ALG,0:1,,CAF Nations Cup 2019,True
1098,2019-07-19,TJK,PRK,0:1,,Friendly 2019,True
1099,2019-07-20,MAD,SEY,0:0,,Indian Ocean Island Games 2019,True
1100,2019-07-20,COM,MDV,3:0,,Indian Ocean Island Games 2019,True
1101,2019-07-20,PNG,FIJ,1:1,2:4,South Pacific Games 2019,True
1102,2019-07-22,MRI,MAD,1:1,,Indian Ocean Island Games 2019,False
1103,2019-07-26,DJI,ETH,0:1,,African Nations Championship 2020 Q,False
1104,2019-07-26,BOT,ZAM,0:0,,African Nations Championship 2020 Q,False
1105,2019-07-26,COM,NAM,0:2,,African Nations Championship 2020 Q,False
1106,2019-07-27,GNB,MLI,0:4,,African Nations Championship 2020 Q,False
1107,2019-07-27,CPV,MTN,0:0,,African Nations Championship 2020 Q,False
1108,2019-07-27,BDI,SSD,2:0,,African Nations Championship 2020 Q,False
1109,2019-07-27,SOM,UGA,1:3,,African Nations Championship 2020 Q,True
1110,2019-07-28,TAN,KEN,0:0,,African Nations Championship 2020 Q,False
1111,2019-07-28,CHA,EQG,3:3,,African Nations Championship 2020 Q,False
1112,2019-07-28,SWZ,ANG,1:1,,African Nations Championship 2020 Q,False
1113,2019-07-28,LES,RSA,3:2,,African Nations Championship 2020 Q,False
1114,2019-07-28,MAD,MOZ,1:0,,African Nations Championship 2020 Q,False
1115,2019-07-28,LBR,SEN,1:0,,African Nations Championship 2020 Q,False
1116,2019-07-28,BEN,TOG,0:0,,African Nations Championship 2020 Q,False
1117,2019-07-29,MRI,ZIM,0:4,,African Nations Championship 2020 Q,False
1118,2019-07-30,IRQ,LIB,1:0,,West Asian Championship 2019,False
1119,2019-07-30,PLE,YEM,1:0,,West Asian Championship 2019,True
1120,2019-08-02,SYR,LIB,1:2,,West Asian Championship 2019,True
1121,2019-08-02,IRQ,PLE,2:1,,West Asian Championship 2019,False
1122,2019-08-03,UGA,SOM,4:1,,African Nations Championship 2020 Q,False
1123,2019-08-03,ANG,SWZ,1:1,4:5,African Nations Championship 2020 Q,False
1124,2019-08-03,ZAM,BOT,3:2,,African Nations Championship 2020 Q,False
1125,2019-08-03,MTN,CPV,2:1,,African Nations Championship 2020 Q,False
1126,2019-08-03,SEN,LBR,3:0,,African Nations Championship 2020 Q,False
1127,2019-08-04,MLI,GNB,3:0,,African Nations Championship 2020 Q,False
1128,2019-08-04,ZIM,MRI,3:1,,African Nations Championship 2020 Q,False
1129,2019-08-04,JOR,BHR,0:1,,West Asian Championship 2019,True
1130,2019-08-04,TOG,BEN,1:0,,African Nations Championship 2020 Q,False
1131,2019-08-04,RSA,LES,0:3,,African Nations Championship 2020 Q,False
1132,2019-08-04,SSD,BDI,1:2,,African Nations Championship 2020 Q,True
1133,2019-08-04,MOZ,MAD,3:2,,African Nations Championship 2020 Q,False
1134,2019-08-04,EQG,CHA,2:1,,African Nations Championship 2020 Q,False
1135,2019-08-04,NAM,COM,0:0,,African Nations Championship 2020 Q,False
1136,2019-08-04,KEN,TAN,0:0,1:4,African Nations Championship 2020 Q,False
1137,2019-08-04,ETH,DJI,4:3,,African Nations Championship 2020 Q,False
1138,2019-08-05,LIB,PLE,0:0,,West Asian Championship 2019,True
1139,2019-08-05,SYR,YEM,1:1,,West Asian Championship 2019,True
1140,2019-08-07,JOR,KUW,1:1,,West Asian Championship 2019,True
1141,2019-08-08,LIB,YEM,1:2,,West Asian Championship 2019,True
1142,2019-08-08,IRQ,SYR,0:0,,West Asian Championship 2019,False
1143,2019-08-10,BHR,KUW,1:0,,West Asian Championship 2019,True
1144,2019-08-11,IRQ,YEM,2:1,,West Asian Championship 2019,False
1145,2019-08-11,SYR,PLE,3:4,,West Asian Championship 2019,True
1146,2019-08-14,DOM,GUA,0:0,,Friendly 2019,False
1147,2019-08-14,IRQ,BHR,0:1,,West Asian Championship 2019,False
1148,2019-08-29,TPE,GUM,3:0,,Friendly 2019,False
1149,2019-08-30,MAS,JOR,0:1,,Friendly 2019,False
1150,2019-09-04,SSD,EQG,1:1,,FIFA World Cup 2022 Q,True
1151,2019-09-04,STP,GNB,0:1,,FIFA World Cup 2022 Q,False
1152,2019-09-04,LBR,SLE,3:1,,FIFA World Cup 2022 Q,False
1153,2019-09-04,MRI,MOZ,0:1,,FIFA World Cup 2022 Q,False
1154,2019-09-04,ERI,NAM,1:2,,FIFA World Cup 2022 Q,False
1155,2019-09-04,DJI,SWZ,2:1,,FIFA World Cup 2022 Q,False
1156,2019-09-04,BDI,TAN,1:1,,FIFA World Cup 2022 Q,False
1157,2019-09-04,ETH,LES,0:0,,FIFA World Cup 2022 Q,False
1158,2019-09-05,CHA,SDN,1:3,,FIFA World Cup 2022 Q,False
1159,2019-09-05,SEY,RWA,0:3,,FIFA World Cup 2022 Q,False
1160,2019-09-05,SOM,ZIM,1:0,,FIFA World Cup 2022 Q,True
1161,2019-09-05,CHI,ARG,0:0,,Friendly 2019,True
1162,2019-09-05,JPN,PAR,2:0,,Friendly 2019,False
1163,2019-09-05,KOR,GEO,2:2,,Friendly 2019,True
1164,2019-09-05,NIR,LUX,1:0,,Friendly 2019,False
1165,2019-09-05,PER,ECU,0:1,,Friendly 2019,True
1166,2019-09-05,KSA,MLI,1:1,,Friendly 2019,False
1167,2019-09-05,IRL,SUI,1:1,,UEFA EURO 2020 Q,False
1168,2019-09-05,FRO,SWE,0:4,,UEFA EURO 2020 Q,False
1169,2019-09-05,NOR,MLT,2:0,,UEFA EURO 2020 Q,False
1170,2019-09-05,ROU,ESP,1:2,,UEFA EURO 2020 Q,False
1171,2019-09-05,ISR,MKD,1:1,,UEFA EURO 2020 Q,False
1172,2019-09-05,ARM,ITA,1:3,,UEFA EURO 2020 Q,False
1173,2019-09-05,BIH,LIE,5:0,,UEFA EURO 2020 Q,False
1174,2019-09-05,FIN,GRE,1:0,,UEFA EURO 2020 Q,False
1175,2019-09-05,SRI,TKM,0:2,,FIFA World Cup 2022 Q,False
1176,2019-09-05,GIB,DEN,0:6,,UEFA EURO 2020 Q,False
1177,2019-09-05,PRK,LIB,2:0,,FIFA World Cup 2022 Q,False
1178,2019-09-05,HON,PUR,4:0,,Friendly 2019,False
1179,2019-09-05,IDN,MAS,2:3,,FIFA World Cup 2022 Q,False
1180,2019-09-05,BER,PAN,1:4,,CONCACAF Nations League 2020,False
1181,2019-09-05,GRN,SKN,2:1,,CONCACAF Nations League 2020,False
1182,2019-09-05,DMA,SUR,1:2,,CONCACAF Nations League 2020,False
1183,2019-09-05,NCA,VIN,1:1,,CONCACAF Nations League 2020,False
1184,2019-09-05,VIR,CAY,0:2,,CONCACAF Nations League 2020,False
1185,2019-09-05,GUM,MDV,0:1,,FIFA World Cup 2022 Q,False
1186,2019-09-05,PHI,SYR,2:5,,FIFA World Cup 2022 Q,False
1187,2019-09-05,TPE,JOR,1:2,,FIFA World Cup 2022 Q,False
1188,2019-09-05,KUW,NEP,7:0,,FIFA World Cup 2022 Q,False
1189,2019-09-05,GUA,AIA,10:0,,CONCACAF Nations League 2020,False
1190,2019-09-05,CAM,HKG,1:1,,FIFA World Cup 2022 Q,False
1191,2019-09-05,BHR,IRQ,1:1,,FIFA World Cup 2022 Q,False
1192,2019-09-05,MNG,MYA,1:0,,FIFA World Cup 2022 Q,False
1193,2019-09-05,QAT,AFG,6:0,,FIFA World Cup 2022 Q,False
1194,2019-09-05,IND,OMA,1:2,,FIFA World Cup 2022 Q,False
1195,2019-09-05,TJK,KGZ,1:0,,FIFA World Cup 2022 Q,False
1196,2019-09-05,SIN,YEM,2:2,,FIFA World Cup 2022 Q,False
1197,2019-09-05,PLE,UZB,2:0,,FIFA World Cup 2022 Q,False
1198,2019-09-05,THA,VIE,0:0,,FIFA World Cup 2022 Q,False
1199,2019-09-06,GER,NED,2:4,,UEFA EURO 2020 Q,False
1200,2019-09-06,SCO,RUS,1:2,,UEFA EURO 2020 Q,False
1201,2019-09-06,SMR,BEL,0:4,,UEFA EURO 2020 Q,False
1202,2019-09-06,CYP,KAZ,1:1,,UEFA EURO 2020 Q,False
1203,2019-09-06,SVN,POL,2:0,,UEFA EURO 2020 Q,False
1204,2019-09-06,AUT,LVA,6:0,,UEFA EURO 2020 Q,False
1205,2019-09-06,WAL,AZE,2:1,,UEFA EURO 2020 Q,False
1206,2019-09-06,SVK,CRO,0:4,,UEFA EURO 2020 Q,False
1207,2019-09-06,USA,MEX,0:3,,Friendly 2019,False
1208,2019-09-06,EST,BLR,1:2,,UEFA EURO 2020 Q,False
1209,2019-09-06,MAR,BFA,1:1,,Friendly 2019,True
1210,2019-09-06,CIV,BEN,1:2,,Friendly 2019,True
1211,2019-09-06,CRC,URU,1:2,,Friendly 2019,False
1212,2019-09-06,BRA,COL,2:2,,Friendly 2019,True
1213,2019-09-06,GAM,ANG,0:1,,FIFA World Cup 2022 Q,False
1214,2019-09-06,COM,TOG,1:1,,FIFA World Cup 2022 Q,False
1215,2019-09-06,JAM,ATG,6:0,,CONCACAF Nations League 2020,False
1216,2019-09-06,ARU,GUY,0:1,,CONCACAF Nations League 2020,True
1217,2019-09-06,TUN,MTN,1:0,,Friendly 2019,False
1218,2019-09-07,ENG,BUL,4:0,,UEFA EURO 2020 Q,False
1219,2019-09-07,TUR,AND,1:0,,UEFA EURO 2020 Q,False
1220,2019-09-07,ISL,MDA,3:0,,UEFA EURO 2020 Q,False
1221,2019-09-07,FRA,ALB,4:1,,UEFA EURO 2020 Q,False
1222,2019-09-07,SRB,POR,2:4,,UEFA EURO 2020 Q,False
1223,2019-09-07,LTU,UKR,0:3,,UEFA EURO 2020 Q,False
1224,2019-09-07,KOS,CZE,2:1,,UEFA EURO 2020 Q,False
1225,2019-09-07,MSR,DOM,2:1,,CONCACAF Nations League 2020,False
1226,2019-09-07,BOT,MWI,0:0,,FIFA World Cup 2022 Q,False
1227,2019-09-07,SLV,LCA,3:0,,CONCACAF Nations League 2020,False
1228,2019-09-07,CUW,HAI,1:0,,CONCACAF Nations League 2020,False
1229,2019-09-07,CAN,CUB,6:0,,CONCACAF Nations League 2020,False
1230,2019-09-07,LBY,NIG,2:0,,Friendly 2019,True
1231,2019-09-08,ROU,MLT,1:0,,UEFA EURO 2020 Q,False
1232,2019-09-08,SUI,GIB,4:0,,UEFA EURO 2020 Q,False
1233,2019-09-08,ESP,FRO,4:0,,UEFA EURO 2020 Q,False
1234,2019-09-08,GEO,DEN,0:0,,UEFA EURO 2020 Q,False
1235,2019-09-08,GRE,LIE,1:1,,UEFA EURO 2020 Q,False
1236,2019-09-08,ARM,BIH,4:2,,UEFA EURO 2020 Q,False
1237,2019-09-08,FIN,ITA,1:2,,UEFA EURO 2020 Q,False
1238,2019-09-08,SWE,NOR,1:1,,UEFA EURO 2020 Q,False
1239,2019-09-08,KEN,UGA,1:1,,Friendly 2019,False
1240,2019-09-08,VIN,DMA,1:0,,CONCACAF Nations League 2020,False
1241,2019-09-08,SLE,LBR,1:0,,FIFA World Cup 2022 Q,False
1242,2019-09-08,LES,ETH,1:1,,FIFA World Cup 2022 Q,False
1243,2019-09-08,EQG,SSD,1:0,,FIFA World Cup 2022 Q,False
1244,2019-09-08,CAY,BRB,3:2,,CONCACAF Nations League 2020,False
1245,2019-09-08,SUR,NCA,6:0,,CONCACAF Nations League 2020,False
1246,2019-09-08,BLZ,GRN,1:2,,CONCACAF Nations League 2020,False
1247,2019-09-08,PAN,BER,0:2,,CONCACAF Nations League 2020,False
1248,2019-09-08,TAN,BDI,1:1 a.e.t.,3:0,FIFA World Cup 2022 Q,False
1249,2019-09-09,SCO,BEL,0:4,,UEFA EURO 2020 Q,False
1250,2019-09-09,SMR,CYP,0:4,,UEFA EURO 2020 Q,False
1251,2019-09-09,RUS,KAZ,1:0,,UEFA EURO 2020 Q,False
1252,2019-09-09,SVN,ISR,3:2,,UEFA EURO 2020 Q,False
1253,2019-09-09,POL,AUT,0:0,,UEFA EURO 2020 Q,False
1254,2019-09-09,LVA,MKD,0:2,,UEFA EURO 2020 Q,False
1255,2019-09-09,AZE,CRO,1:1,,UEFA EURO 2020 Q,False
1256,2019-09-09,HUN,SVK,1:2,,UEFA EURO 2020 Q,False
1257,2019-09-09,EST,NED,0:4,,UEFA EURO 2020 Q,False
1258,2019-09-09,WAL,BLR,1:0,,Friendly 2019,False
1259,2019-09-09,IRQ,UZB,0:0,,Friendly 2019,True
1260,2019-09-09,ALG,BEN,1:0,,Friendly 2019,False
1261,2019-09-09,GUY,JAM,0:4,,CONCACAF Nations League 2020,False
1262,2019-09-09,ATG,ARU,2:1,,CONCACAF Nations League 2020,False
1263,2019-09-09,NIR,GER,0:2,,UEFA EURO 2020 Q,False
1264,2019-09-10,JOR,PAR,2:4,,Friendly 2019,False
1265,2019-09-10,HON,CHI,2:1,,Friendly 2019,False
1266,2019-09-10,ECU,BOL,3:0,,Friendly 2019,False
1267,2019-09-10,CIV,TUN,2:1,,Friendly 2019,True
1268,2019-09-10,COL,VEN,0:0,,Friendly 2019,True
1269,2019-09-10,SDN,CHA,0:0,,FIFA World Cup 2022 Q,False
1270,2019-09-10,ZIM,SOM,3:1,,FIFA World Cup 2022 Q,False
1271,2019-09-10,TOG,COM,2:0,,FIFA World Cup 2022 Q,False
1272,2019-09-10,RWA,SEY,7:0,,FIFA World Cup 2022 Q,False
1273,2019-09-10,BRA,PER,0:1,,Friendly 2019,True
1274,2019-09-10,MDA,TUR,0:4,,UEFA EURO 2020 Q,False
1275,2019-09-10,FRA,AND,3:0,,UEFA EURO 2020 Q,False
1276,2019-09-10,OMA,LIB,1:0,,Friendly 2019,False
1277,2019-09-10,IRL,BUL,3:1,,Friendly 2019,False
1278,2019-09-10,UKR,NGA,2:2,,Friendly 2019,False
1279,2019-09-10,USA,URU,1:1,,Friendly 2019,False
1280,2019-09-10,ENG,KOS,5:3,,UEFA EURO 2020 Q,False
1281,2019-09-10,MNE,CZE,0:3,,UEFA EURO 2020 Q,False
1282,2019-09-10,LTU,POR,1:5,,UEFA EURO 2020 Q,False
1283,2019-09-10,LUX,SRB,1:3,,UEFA EURO 2020 Q,False
1284,2019-09-10,ALB,ISL,4:2,,UEFA EURO 2020 Q,False
1285,2019-09-10,NAM,ERI,2:0,,FIFA World Cup 2022 Q,False
1286,2019-09-10,MAR,NIG,1:0,,Friendly 2019,False
1287,2019-09-10,MOZ,MRI,2:0,,FIFA World Cup 2022 Q,False
1288,2019-09-10,MEX,ARG,0:4,,Friendly 2019,True
1289,2019-09-10,GNB,STP,2:1,,FIFA World Cup 2022 Q,False
1290,2019-09-10,CUB,CAN,0:1,,CONCACAF Nations League 2020,True
1291,2019-09-10,HAI,CUW,1:1,,CONCACAF Nations League 2020,False
1292,2019-09-10,DOM,SLV,1:0,,CONCACAF Nations League 2020,False
1293,2019-09-10,MSR,LCA,1:1,,CONCACAF Nations League 2020,False
1294,2019-09-10,PUR,GUA,0:5,,CONCACAF Nations League 2020,False
1295,2019-09-10,GUM,PHI,1:4,,FIFA World Cup 2022 Q,False
1296,2019-09-10,MDV,CHN,0:5,,FIFA World Cup 2022 Q,False
1297,2019-09-10,TPE,NEP,0:2,,FIFA World Cup 2022 Q,False
1298,2019-09-10,KUW,AUS,0:3,,FIFA World Cup 2022 Q,False
1299,2019-09-10,CAM,BHR,0:1,,FIFA World Cup 2022 Q,False
1300,2019-09-10,HKG,IRN,0:2,,FIFA World Cup 2022 Q,False
1301,2019-09-10,BOT,MWI,0:1,,FIFA World Cup 2022 Q,False
1302,2019-09-10,YEM,KSA,2:2,,FIFA World Cup 2022 Q,True
1303,2019-09-10,AFG,BAN,1:0,,FIFA World Cup 2022 Q,True
1304,2019-09-10,QAT,IND,0:0,,FIFA World Cup 2022 Q,False
1305,2019-09-10,MNG,TJK,0:1,,FIFA World Cup 2022 Q,False
1306,2019-09-10,MYA,JPN,0:2,,FIFA World Cup 2022 Q,False
1307,2019-09-10,IDN,THA,0:3,,FIFA World Cup 2022 Q,False
1308,2019-09-10,MAS,UAE,1:2,,FIFA World Cup 2022 Q,False
1309,2019-09-10,SRI,PRK,0:1,,FIFA World Cup 2022 Q,False
1310,2019-09-10,TKM,KOR,0:2,,FIFA World Cup 2022 Q,False
1311,2019-09-10,ANG,GAM,2:1,,FIFA World Cup 2022 Q,False
1312,2019-09-10,SWZ,DJI,0:0,,FIFA World Cup 2022 Q,False
1313,2019-09-10,SIN,PLE,2:1,,FIFA World Cup 2022 Q,False
1314,2019-09-21,SEN,GUI,1:0,,African Nations Championship 2020 Q,False
1315,2019-09-21,MTN,MLI,0:0,,African Nations Championship 2020 Q,False
1316,2019-09-21,ALG,MAR,0:0,,African Nations Championship 2020 Q,False
1317,2019-09-21,BDI,UGA,0:3,,African Nations Championship 2020 Q,False
1318,2019-09-21,TUN,LBY,1:0,,African Nations Championship 2020 Q,False
1319,2019-09-22,TOG,NGA,4:1,,African Nations Championship 2020 Q,False
1320,2019-09-22,ETH,RWA,0:1,,African Nations Championship 2020 Q,False
1321,2019-09-22,TAN,SDN,0:1,,African Nations Championship 2020 Q,False
1322,2019-09-22,CTA,COD,0:2,,African Nations Championship 2020 Q,False
1323,2019-09-22,EQG,CGO,2:2,,African Nations Championship 2020 Q,False
1324,2019-09-22,SWZ,ZAM,0:1,,African Nations Championship 2020 Q,False
1325,2019-09-22,MAD,NAM,1:0,,African Nations Championship 2020 Q,False
1326,2019-09-22,ZIM,LES,3:1,,African Nations Championship 2020 Q,False
1327,2019-09-22,GHA,BFA,0:1,,African Nations Championship 2020 Q,False
1328,2019-09-22,NIG,CIV,2:0,,African Nations Championship 2020 Q,False
1329,2019-09-29,BAN,BHU,4:1,,Friendly 2019,False
1330,2019-10-02,MEX,TRI,2:0,,Friendly 2019,False
1331,2019-10-03,BAN,BHU,2:0,,Friendly 2019,False
1332,2019-10-05,JOR,SIN,0:0,,Friendly 2019,False
1333,2019-10-05,MAS,SRI,6:0,,Friendly 2019,False
1334,2019-10-09,BHR,AZE,2:3,,Friendly 2019,False
1335,2019-10-09,SSD,SEY,2:1,,CAF Nations Cup 2021 Q,True
1336,2019-10-09,GER,ARG,2:2,,Friendly 2019,False
1337,2019-10-09,LBR,CHA,1:0,,CAF Nations Cup 2021 Q,False
1338,2019-10-09,DJI,GAM,1:1,,CAF Nations Cup 2021 Q,False
1339,2019-10-09,MRI,STP,1:3,,CAF Nations Cup 2021 Q,False
1340,2019-10-10,VEN,BOL,4:1,,Friendly 2019,False
1341,2019-10-10,BRA,SEN,1:1,,Friendly 2019,True
1342,2019-10-10,BFA,GAB,0:1,,Friendly 2019,True
1343,2019-10-10,KOS,GIB,1:0,,Friendly 2019,False
1344,2019-10-10,SRB,PAR,1:0,,Friendly 2019,False
1345,2019-10-10,THA,CGO,1:1,,Friendly 2019,False
1346,2019-10-10,TOG,CPV,1:2,,Friendly 2019,True
1347,2019-10-10,BLR,EST,0:0,,UEFA EURO 2020 Q,False
1348,2019-10-10,LVA,POL,0:3,,UEFA EURO 2020 Q,False
1349,2019-10-10,CRO,HUN,3:0,,UEFA EURO 2020 Q,False
1350,2019-10-10,SVK,WAL,1:1,,UEFA EURO 2020 Q,False
1351,2019-10-10,AUT,ISR,3:1,,UEFA EURO 2020 Q,False
1352,2019-10-10,ALG,COD,1:1,,Friendly 2019,False
1353,2019-10-10,MKD,SVN,2:1,,UEFA EURO 2020 Q,False
1354,2019-10-10,BEL,SMR,9:0,,UEFA EURO 2020 Q,False
1355,2019-10-10,KAZ,CYP,1:2,,UEFA EURO 2020 Q,False
1356,2019-10-10,RUS,SCO,4:0,,UEFA EURO 2020 Q,False
1357,2019-10-10,NED,NIR,3:1,,UEFA EURO 2020 Q,False
1358,2019-10-10,LIB,TKM,2:1,,FIFA World Cup 2022 Q,False
1359,2019-10-10,KSA,SIN,3:0,,FIFA World Cup 2022 Q,False
1360,2019-10-10,VIE,MAS,1:0,,FIFA World Cup 2022 Q,False
1361,2019-10-10,KOR,SRI,8:0,,FIFA World Cup 2022 Q,False
1362,2019-10-10,TRI,HON,0:2,,CONCACAF Nations League 2020,False
1363,2019-10-10,HAI,CRC,1:1,,CONCACAF Nations League 2020,True
1364,2019-10-10,BLZ,SKN,0:4,,CONCACAF Nations League 2020,False
1365,2019-10-10,VGB,BAH,0:4,,CONCACAF Nations League 2020,True
1366,2019-10-10,CHN,GUM,7:0,,FIFA World Cup 2022 Q,False
1367,2019-10-10,AUS,NEP,5:0,,FIFA World Cup 2022 Q,False
1368,2019-10-10,JOR,KUW,0:0,,FIFA World Cup 2022 Q,False
1369,2019-10-10,SYR,MDV,2:1,,FIFA World Cup 2022 Q,True
1370,2019-10-10,IRQ,HKG,2:0,,FIFA World Cup 2022 Q,False
1371,2019-10-10,UZB,YEM,5:0,,FIFA World Cup 2022 Q,False
1372,2019-10-10,BAN,QAT,0:2,,FIFA World Cup 2022 Q,False
1373,2019-10-10,OMA,AFG,3:0,,FIFA World Cup 2022 Q,False
1374,2019-10-10,JPN,MNG,6:0,,FIFA World Cup 2022 Q,False
1375,2019-10-10,KGZ,MYA,7:0,,FIFA World Cup 2022 Q,False
1376,2019-10-10,UAE,IDN,5:0,,FIFA World Cup 2022 Q,False
1377,2019-10-10,IRN,CAM,14:0,,FIFA World Cup 2022 Q,False
1378,2019-10-11,TUR,ALB,1:0,,UEFA EURO 2020 Q,False
1379,2019-10-11,MNE,BUL,0:0,,UEFA EURO 2020 Q,False
1380,2019-10-11,ISL,FRA,0:1,,UEFA EURO 2020 Q,False
1381,2019-10-11,AND,MDA,1:0,,UEFA EURO 2020 Q,False
1382,2019-10-11,UKR,LTU,2:0,,UEFA EURO 2020 Q,False
1383,2019-10-11,POR,LUX,3:0,,UEFA EURO 2020 Q,False
1384,2019-10-11,CZE,ENG,2:1,,UEFA EURO 2020 Q,False
1385,2019-10-11,BER,MEX,1:5,,CONCACAF Nations League 2020,False
1386,2019-10-11,MAR,LBY,1:1,,Friendly 2019,False
1387,2019-10-11,VIN,SUR,2:2,,CONCACAF Nations League 2020,False
1388,2019-10-11,NCA,DMA,3:1,,CONCACAF Nations League 2020,False
1389,2019-10-11,ATG,GUY,2:1,,CONCACAF Nations League 2020,False
1390,2019-10-11,USA,CUB,7:0,,CONCACAF Nations League 2020,False
1391,2019-10-11,URU,PER,1:0,,Friendly 2019,False
1392,2019-10-12,GEO,IRL,0:0,,UEFA EURO 2020 Q,False
1393,2019-10-12,ITA,GRE,2:0,,UEFA EURO 2020 Q,False
1394,2019-10-12,LIE,ARM,1:1,,UEFA EURO 2020 Q,False
1395,2019-10-12,NOR,ESP,1:1,,UEFA EURO 2020 Q,False
1396,2019-10-12,MLT,SWE,0:4,,UEFA EURO 2020 Q,False
1397,2019-10-12,FRO,ROU,0:3,,UEFA EURO 2020 Q,False
1398,2019-10-12,DEN,SUI,1:0,,UEFA EURO 2020 Q,False
1399,2019-10-12,BIH,FIN,4:1,,UEFA EURO 2020 Q,False
1400,2019-10-12,COL,CHI,0:0,,Friendly 2019,True
1401,2019-10-12,AIA,GUA,0:5,,CONCACAF Nations League 2020,False
1402,2019-10-12,BRB,VIR,1:0,,CONCACAF Nations League 2020,False
1403,2019-10-12,JAM,ARU,2:0,,CONCACAF Nations League 2020,False
1404,2019-10-12,MSR,SLV,0:2,,CONCACAF Nations League 2020,False
1405,2019-10-12,DOM,LCA,3:0,,CONCACAF Nations League 2020,False
1406,2019-10-12,GUI,COM,0:1,,Friendly 2019,True
1407,2019-10-13,BLR,NED,1:2,,UEFA EURO 2020 Q,False
1408,2019-10-13,EST,GER,0:3,,UEFA EURO 2020 Q,False
1409,2019-10-13,HUN,AZE,1:0,,UEFA EURO 2020 Q,False
1410,2019-10-13,WAL,CRO,1:1,,UEFA EURO 2020 Q,False
1411,2019-10-13,KAZ,BEL,0:2,,UEFA EURO 2020 Q,False
1412,2019-10-13,SVN,AUT,0:1,,UEFA EURO 2020 Q,False
1413,2019-10-13,CYP,RUS,0:5,,UEFA EURO 2020 Q,False
1414,2019-10-13,RSA,MLI,2:1,,Friendly 2019,False
1415,2019-10-13,SCO,SMR,6:0,,UEFA EURO 2020 Q,False
1416,2019-10-13,POL,MKD,2:0,,UEFA EURO 2020 Q,False
1417,2019-10-13,SVK,PAR,1:1,,Friendly 2019,False
1418,2019-10-13,NIG,CTA,0:2,,Friendly 2019,False
1419,2019-10-13,KEN,MOZ,0:1,,Friendly 2019,False
1420,2019-10-13,CHA,LBR,1:0,5:4,CAF Nations Cup 2021 Q,False
1421,2019-10-13,STP,MRI,2:1,,CAF Nations Cup 2021 Q,False
1422,2019-10-13,SEY,SSD,0:1,,CAF Nations Cup 2021 Q,False
1423,2019-10-13,CRC,CUW,0:0,,CONCACAF Nations League 2020,False
1424,2019-10-13,GAM,DJI,1:1,3:2,CAF Nations Cup 2021 Q,False
1425,2019-10-13,ARG,ECU,6:1,,Friendly 2019,True
1426,2019-10-13,BRA,NGA,1:1,,Friendly 2019,True
1427,2019-10-13,ETH,UGA,0:1,,Friendly 2019,False
1428,2019-10-13,SKN,BLZ,0:1,,CONCACAF Nations League 2020,False
1429,2019-10-14,KOS,MNE,2:0,,UEFA EURO 2020 Q,False
1430,2019-10-14,MDA,ALB,0:4,,UEFA EURO 2020 Q,False
1431,2019-10-14,ISL,AND,2:0,,UEFA EURO 2020 Q,False
1432,2019-10-14,FRA,TUR,1:1,,UEFA EURO 2020 Q,False
1433,2019-10-14,UKR,POR,2:1,,UEFA EURO 2020 Q,False
1434,2019-10-14,LTU,SRB,1:2,,UEFA EURO 2020 Q,False
1435,2019-10-14,BUL,ENG,0:6,,UEFA EURO 2020 Q,False
1436,2019-10-14,SUR,VIN,0:1,,CONCACAF Nations League 2020,False
1437,2019-10-14,RWA,TAN,0:0,,Friendly 2019,False
1438,2019-10-14,EGY,BOT,1:0,,Friendly 2019,False
1439,2019-10-14,CZE,NIR,2:3,,Friendly 2019,False
1440,2019-10-14,DMA,NCA,0:4,,CONCACAF Nations League 2020,False
1441,2019-10-14,GUY,ATG,5:1,,CONCACAF Nations League 2020,False
1442,2019-10-14,VEN,TRI,2:0,,Friendly 2019,False
1443,2019-10-15,SRI,LIB,0:3,,FIFA World Cup 2022 Q,False
1444,2019-10-15,BER,GUA,0:0,,Friendly 2019,False
1445,2019-10-15,CHI,GUI,3:2,,Friendly 2019,True
1446,2019-10-15,COL,ALG,0:3,,Friendly 2019,True
1447,2019-10-15,DEN,LUX,4:0,,Friendly 2019,False
1448,2019-10-15,KUW,TKM,1:1,,Friendly 2019,False
1449,2019-10-15,MTN,LBY,0:0,,Friendly 2019,False
1450,2019-10-15,LIE,ITA,0:5,,UEFA EURO 2020 Q,False
1451,2019-10-15,MAR,GAB,2:3,,Friendly 2019,False
1452,2019-10-15,SUI,IRL,2:0,,UEFA EURO 2020 Q,False
1453,2019-10-15,GIB,GEO,2:3,,UEFA EURO 2020 Q,False
1454,2019-10-15,FRO,MLT,1:0,,UEFA EURO 2020 Q,False
1455,2019-10-15,ROU,NOR,1:1,,UEFA EURO 2020 Q,False
1456,2019-10-15,SWE,ESP,1:1,,UEFA EURO 2020 Q,False
1457,2019-10-15,ISR,LVA,3:1,,UEFA EURO 2020 Q,False
1458,2019-10-15,FIN,ARM,3:0,,UEFA EURO 2020 Q,False
1459,2019-10-15,GRE,BIH,2:1,,UEFA EURO 2020 Q,False
1460,2019-10-15,PRK,KOR,0:0,,FIFA World Cup 2022 Q,False
1461,2019-10-15,PER,URU,1:1,,Friendly 2019,False
1462,2019-10-15,THA,UAE,2:1,,FIFA World Cup 2022 Q,False
1463,2019-10-15,JOR,NEP,3:0,,FIFA World Cup 2022 Q,False
1464,2019-10-15,TJK,JPN,0:3,,FIFA World Cup 2022 Q,False
1465,2019-10-15,CAN,USA,2:0,,CONCACAF Nations League 2020,False
1466,2019-10-15,MEX,PAN,3:1,,CONCACAF Nations League 2020,False
1467,2019-10-15,DOM,MSR,0:0,,CONCACAF Nations League 2020,False
1468,2019-10-15,LCA,SLV,0:2,,CONCACAF Nations League 2020,False
1469,2019-10-15,ARU,JAM,0:6,,CONCACAF Nations League 2020,True
1470,2019-10-15,VIR,BRB,0:4,,CONCACAF Nations League 2020,False
1471,2019-10-15,IDN,VIE,1:3,,FIFA World Cup 2022 Q,False
1472,2019-10-15,PHI,CHN,0:0,,FIFA World Cup 2022 Q,False
1473,2019-10-15,AIA,PUR,2:3,,CONCACAF Nations League 2020,False
1474,2019-10-15,TPE,AUS,1:7,,FIFA World Cup 2022 Q,False
1475,2019-10-15,BHR,IRN,1:0,,FIFA World Cup 2022 Q,False
1476,2019-10-15,CAM,IRQ,0:4,,FIFA World Cup 2022 Q,False
1477,2019-10-15,PLE,KSA,0:0,,FIFA World Cup 2022 Q,False
1478,2019-10-15,SIN,UZB,1:3,,FIFA World Cup 2022 Q,False
1479,2019-10-15,IND,BAN,1:1,,FIFA World Cup 2022 Q,False
1480,2019-10-15,QAT,OMA,2:1,,FIFA World Cup 2022 Q,False
1481,2019-10-15,MNG,KGZ,1:2,,FIFA World Cup 2022 Q,False
1482,2019-10-15,SYR,GUM,4:0,,FIFA World Cup 2022 Q,True
1483,2019-10-18,SDN,TAN,1:2,,African Nations Championship 2020 Q,False
1484,2019-10-19,NGA,TOG,2:0,,African Nations Championship 2020 Q,True
1485,2019-10-19,ZAM,SWZ,2:2,,African Nations Championship 2020 Q,False
1486,2019-10-19,NAM,MAD,2:0,,African Nations Championship 2020 Q,False
1487,2019-10-19,UGA,BDI,3:0,,African Nations Championship 2020 Q,False
1488,2019-10-19,RWA,ETH,1:1,,African Nations Championship 2020 Q,False
1489,2019-10-19,MAR,ALG,3:0,,African Nations Championship 2020 Q,False
1490,2019-10-20,BFA,GHA,0:0,,African Nations Championship 2020 Q,False
1491,2019-10-20,MLI,MTN,2:0,,African Nations Championship 2020 Q,False
1492,2019-10-20,GUI,SEN,1:0,3:1,African Nations Championship 2020 Q,False
1493,2019-10-20,CIV,NIG,1:0,,African Nations Championship 2020 Q,False
1494,2019-10-20,LBY,TUN,1:2,,African Nations Championship 2020 Q,True
1495,2019-10-20,COD,CTA,4:1,,African Nations Championship 2020 Q,False
1496,2019-10-20,CGO,EQG,1:0,,African Nations Championship 2020 Q,False
1497,2019-10-20,LES,ZIM,0:0,,African Nations Championship 2020 Q,False
1498,2019-11-07,MYA,NEP,3:0,,Friendly 2019,False
1499,2019-11-09,MAS,TJK,1:0,,Friendly 2019,False
1500,2019-11-09,NAM,ZAM,0:2,,Friendly 2019,False
1501,2019-11-09,UZB,KGZ,3:1,,Friendly 2019,False
1502,2019-11-13,SLE,LES,1:1,,CAF Nations Cup 2021 Q,False
1503,2019-11-13,NGA,BEN,2:1,,CAF Nations Cup 2021 Q,False
1504,2019-11-13,SEN,CGO,2:0,,CAF Nations Cup 2021 Q,False
1505,2019-11-13,GNB,SWZ,3:0,,CAF Nations Cup 2021 Q,False
1506,2019-11-13,CMR,CPV,0:0,,CAF Nations Cup 2021 Q,False
1507,2019-11-13,CTA,BDI,2:0,,CAF Nations Cup 2021 Q,False
1508,2019-11-13,SDN,STP,4:0,,CAF Nations Cup 2021 Q,False
1509,2019-11-13,MWI,SSD,1:0,,CAF Nations Cup 2021 Q,False
1510,2019-11-13,BFA,UGA,0:0,,CAF Nations Cup 2021 Q,False
1511,2019-11-13,NAM,CHA,2:1,,CAF Nations Cup 2021 Q,False
1512,2019-11-13,ANG,GAM,1:3,,CAF Nations Cup 2021 Q,False
1513,2019-11-14,MAS,THA,2:1,,FIFA World Cup 2022 Q,False
1514,2019-11-14,VIE,UAE,1:0,,FIFA World Cup 2022 Q,False
1515,2019-11-14,LIB,KOR,0:0,,FIFA World Cup 2022 Q,False
1516,2019-11-14,TKM,PRK,3:1,,FIFA World Cup 2022 Q,False
1517,2019-11-14,BUL,PAR,0:1,,Friendly 2019,False
1518,2019-11-14,ECU,TRI,3:0,,Friendly 2019,False
1519,2019-11-14,QAT,SIN,2:0,,Friendly 2019,False
1520,2019-11-14,IRL,NZL,3:1,,Friendly 2019,False
1521,2019-11-14,CZE,KOS,2:1,,UEFA EURO 2020 Q,False
1522,2019-11-14,KGZ,JPN,0:2,,FIFA World Cup 2022 Q,False
1523,2019-11-14,ENG,MNE,7:0,,UEFA EURO 2020 Q,False
1524,2019-11-14,POR,LTU,6:0,,UEFA EURO 2020 Q,False
1525,2019-11-14,SRB,LUX,3:2,,UEFA EURO 2020 Q,False
1526,2019-11-14,ALB,AND,2:2,,UEFA EURO 2020 Q,False
1527,2019-11-14,FRA,MDA,2:1,,UEFA EURO 2020 Q,False
1528,2019-11-14,TUR,ISL,0:0,,UEFA EURO 2020 Q,False
1529,2019-11-14,UKR,EST,1:0,,Friendly 2019,False
1530,2019-11-14,OMA,BAN,4:1,,FIFA World Cup 2022 Q,False
1531,2019-11-14,MYA,TJK,4:3,,FIFA World Cup 2022 Q,False
1532,2019-11-14,YEM,PLE,1:0,,FIFA World Cup 2022 Q,True
1533,2019-11-14,MLI,GUI,2:2,,CAF Nations Cup 2021 Q,False
1534,2019-11-14,GHA,RSA,2:0,,CAF Nations Cup 2021 Q,False
1535,2019-11-14,COD,GAB,0:0,,CAF Nations Cup 2021 Q,False
1536,2019-11-14,MOZ,RWA,2:0,,CAF Nations Cup 2021 Q,False
1537,2019-11-14,AFG,IND,1:1,,FIFA World Cup 2022 Q,True
1538,2019-11-14,TOG,COM,0:1,,CAF Nations Cup 2021 Q,False
1539,2019-11-14,ALG,ZAM,5:0,,CAF Nations Cup 2021 Q,False
1540,2019-11-14,CUW,CRC,1:2,,CONCACAF Nations League 2020,False
1541,2019-11-14,SKN,GRN,0:0,,CONCACAF Nations League 2020,False
1542,2019-11-14,EGY,KEN,1:1,,CAF Nations Cup 2021 Q,False
1543,2019-11-14,MDV,PHI,1:2,,FIFA World Cup 2022 Q,False
1544,2019-11-14,SYR,CHN,2:1,,FIFA World Cup 2022 Q,True
1545,2019-11-14,JOR,AUS,0:1,,FIFA World Cup 2022 Q,False
1546,2019-11-14,KUW,TPE,9:0,,FIFA World Cup 2022 Q,False
1547,2019-11-14,HKG,BHR,0:0,,FIFA World Cup 2022 Q,False
1548,2019-11-14,IRQ,IRN,2:1,,FIFA World Cup 2022 Q,True
1549,2019-11-14,UZB,KSA,2:3,,FIFA World Cup 2022 Q,False
1550,2019-11-14,BAH,VGB,3:0,,CONCACAF Nations League 2020,False
1551,2019-11-15,FIN,LIE,3:0,,UEFA EURO 2020 Q,False
1552,2019-11-15,DEN,GIB,6:0,,UEFA EURO 2020 Q,False
1553,2019-11-15,SUI,GEO,1:0,,UEFA EURO 2020 Q,False
1554,2019-11-15,NOR,FRO,4:0,,UEFA EURO 2020 Q,False
1555,2019-11-15,BIH,ITA,0:3,,UEFA EURO 2020 Q,False
1556,2019-11-15,ESP,MLT,7:0,,UEFA EURO 2020 Q,False
1557,2019-11-15,ARM,GRE,0:1,,UEFA EURO 2020 Q,False
1558,2019-11-15,COL,PER,1:0,,Friendly 2019,True
1559,2019-11-15,ROU,SWE,0:2,,UEFA EURO 2020 Q,False
1560,2019-11-15,BRA,ARG,0:1,,Friendly 2019,True
1561,2019-11-15,HUN,URU,1:2,,Friendly 2019,False
1562,2019-11-15,VIN,NCA,1:0,,CONCACAF Nations League 2020,False
1563,2019-11-15,SUR,DMA,4:0,,CONCACAF Nations League 2020,False
1564,2019-11-15,ZIM,BOT,0:0,,CAF Nations Cup 2021 Q,False
1565,2019-11-15,TAN,EQG,2:1,,CAF Nations Cup 2021 Q,False
1566,2019-11-15,TUN,LBY,4:1,,CAF Nations Cup 2021 Q,False
1567,2019-11-15,MAR,MTN,0:0,,CAF Nations Cup 2021 Q,False
1568,2019-11-15,PAN,MEX,0:3,,CONCACAF Nations League 2020,False
1569,2019-11-15,ATG,JAM,0:2,,CONCACAF Nations League 2020,False
1570,2019-11-15,GUY,ARU,4:2,,CONCACAF Nations League 2020,False
1571,2019-11-15,USA,CAN,4:1,,CONCACAF Nations League 2020,False
1572,2019-11-16,AUT,MKD,2:1,,UEFA EURO 2020 Q,False
1573,2019-11-16,SMR,KAZ,1:3,,UEFA EURO 2020 Q,False
1574,2019-11-16,RUS,BEL,1:4,,UEFA EURO 2020 Q,False
1575,2019-11-16,CYP,SCO,1:2,,UEFA EURO 2020 Q,False
1576,2019-11-16,SVN,LVA,1:0,,UEFA EURO 2020 Q,False
1577,2019-11-16,ISR,POL,1:2,,UEFA EURO 2020 Q,False
1578,2019-11-16,CRO,SVK,3:1,,UEFA EURO 2020 Q,False
1579,2019-11-16,AZE,WAL,0:2,,UEFA EURO 2020 Q,False
1580,2019-11-16,GER,BLR,4:0,,UEFA EURO 2020 Q,False
1581,2019-11-16,GUA,PUR,5:0,,CONCACAF Nations League 2020,False
1582,2019-11-16,CAY,VIR,1:0,,CONCACAF Nations League 2020,False
1583,2019-11-16,LCA,DOM,1:0,,CONCACAF Nations League 2020,False
1584,2019-11-16,SLV,MSR,1:0,,CONCACAF Nations League 2020,False
1585,2019-11-16,MAD,ETH,1:0,,CAF Nations Cup 2021 Q,False
1586,2019-11-16,CIV,NIG,1:0,,CAF Nations Cup 2021 Q,False
1587,2019-11-16,NIR,NED,0:0,,UEFA EURO 2020 Q,False
1588,2019-11-17,CRC,HAI,1:1,,CONCACAF Nations League 2020,False
1589,2019-11-17,GRN,BLZ,3:2,,CONCACAF Nations League 2020,False
1590,2019-11-17,LTU,NZL,1:0,,Friendly 2019,False
1591,2019-11-17,BUL,CZE,1:0,,UEFA EURO 2020 Q,False
1592,2019-11-17,KOS,ENG,0:4,,UEFA EURO 2020 Q,False
1593,2019-11-17,ALB,FRA,0:2,,UEFA EURO 2020 Q,False
1594,2019-11-17,SRB,UKR,2:2,,UEFA EURO 2020 Q,False
1595,2019-11-17,MDA,ISL,1:2,,UEFA EURO 2020 Q,False
1596,2019-11-17,AND,TUR,0:2,,UEFA EURO 2020 Q,False
1597,2019-11-17,LUX,POR,0:2,,UEFA EURO 2020 Q,False
1598,2019-11-17,HON,TRI,4:0,,CONCACAF Nations League 2020,False
1599,2019-11-17,SSD,BFA,1:2,,CAF Nations Cup 2021 Q,True
1600,2019-11-17,BEN,SLE,1:0,,CAF Nations Cup 2021 Q,False
1601,2019-11-17,SWZ,SEN,1:4,,CAF Nations Cup 2021 Q,False
1602,2019-11-17,CGO,GNB,3:0,,CAF Nations Cup 2021 Q,False
1603,2019-11-17,RWA,CMR,0:1,,CAF Nations Cup 2021 Q,False
1604,2019-11-17,GAB,ANG,2:1,,CAF Nations Cup 2021 Q,False
1605,2019-11-17,RSA,SDN,1:0,,CAF Nations Cup 2021 Q,False
1606,2019-11-17,UGA,MWI,2:0,,CAF Nations Cup 2021 Q,False
1607,2019-11-17,GUI,NAM,2:0,,CAF Nations Cup 2021 Q,False
1608,2019-11-17,CHA,MLI,0:2,,CAF Nations Cup 2021 Q,False
1609,2019-11-17,LES,NGA,2:4,,CAF Nations Cup 2021 Q,False
1610,2019-11-18,GIB,SUI,1:6,,UEFA EURO 2020 Q,False
1611,2019-11-18,IRL,DEN,1:1,,UEFA EURO 2020 Q,False
1612,2019-11-18,MLT,NOR,1:2,,UEFA EURO 2020 Q,False
1613,2019-11-18,LIE,BIH,0:3,,UEFA EURO 2020 Q,False
1614,2019-11-18,SWE,FRO,3:0,,UEFA EURO 2020 Q,False
1615,2019-11-18,GRE,FIN,2:1,,UEFA EURO 2020 Q,False
1616,2019-11-18,ITA,ARM,9:1,,UEFA EURO 2020 Q,False
1617,2019-11-18,ESP,ROU,5:0,,UEFA EURO 2020 Q,False
1618,2019-11-18,ARG,URU,2:2,,Friendly 2019,True
1619,2019-11-18,JAM,GUY,1:1,,CONCACAF Nations League 2020,False
1620,2019-11-18,DMA,VIN,1:0,,CONCACAF Nations League 2020,False
1621,2019-11-18,STP,GHA,0:1,,CAF Nations Cup 2021 Q,False
1622,2019-11-18,GAM,COD,2:2,,CAF Nations Cup 2021 Q,False
1623,2019-11-18,CPV,MOZ,2:2,,CAF Nations Cup 2021 Q,False
1624,2019-11-18,NCA,SUR,1:2,,CONCACAF Nations League 2020,False
1625,2019-11-18,KEN,TOG,1:1,,CAF Nations Cup 2021 Q,False
1626,2019-11-18,BOT,ALG,0:1,,CAF Nations Cup 2021 Q,False
1627,2019-11-18,ARU,ATG,2:3,,CONCACAF Nations League 2020,True
1628,2019-11-18,COM,EGY,0:0,,CAF Nations Cup 2021 Q,False
1629,2019-11-19,COL,ECU,1:0,,Friendly 2019,True
1630,2019-11-19,KGZ,TJK,1:1,,FIFA World Cup 2022 Q,False
1631,2019-11-19,MYA,MNG,1:0,,FIFA World Cup 2022 Q,False
1632,2019-11-19,MAS,IDN,2:0,,FIFA World Cup 2022 Q,False
1633,2019-11-19,VIE,THA,0:0,,FIFA World Cup 2022 Q,False
1634,2019-11-19,LIB,PRK,0:0,,FIFA World Cup 2022 Q,False
1635,2019-11-19,TKM,SRI,2:0,,FIFA World Cup 2022 Q,False
1636,2019-11-19,BRA,KOR,3:0,,Friendly 2019,True
1637,2019-11-19,CRO,GEO,2:1,,Friendly 2019,False
1638,2019-11-19,SVK,AZE,2:0,,UEFA EURO 2020 Q,False
1639,2019-11-19,KSA,PAR,0:0,,Friendly 2019,False
1640,2019-11-19,GER,NIR,6:1,,UEFA EURO 2020 Q,False
1641,2019-11-19,NED,EST,5:0,,UEFA EURO 2020 Q,False
1642,2019-11-19,OMA,IND,1:0,,FIFA World Cup 2022 Q,False
1643,2019-11-19,WAL,HUN,2:0,,UEFA EURO 2020 Q,False
1644,2019-11-19,LVA,AUT,1:0,,UEFA EURO 2020 Q,False
1645,2019-11-19,MKD,ISR,1:0,,UEFA EURO 2020 Q,False
1646,2019-11-19,POL,SVN,3:2,,UEFA EURO 2020 Q,False
1647,2019-11-19,BEL,CYP,6:1,,UEFA EURO 2020 Q,False
1648,2019-11-19,JPN,VEN,1:4,,Friendly 2019,False
1649,2019-11-19,AFG,QAT,0:1,,FIFA World Cup 2022 Q,False
1650,2019-11-19,HKG,CAM,2:0,,FIFA World Cup 2022 Q,False
1651,2019-11-19,UZB,PLE,2:0,,FIFA World Cup 2022 Q,False
1652,2019-11-19,BDI,MAR,0:3,,CAF Nations Cup 2021 Q,False
1653,2019-11-19,MTN,CTA,2:0,,CAF Nations Cup 2021 Q,False
1654,2019-11-19,ZAM,ZIM,1:2,,CAF Nations Cup 2021 Q,False
1655,2019-11-19,EQG,TUN,0:1,,CAF Nations Cup 2021 Q,False
1656,2019-11-19,LBY,TAN,2:1,,CAF Nations Cup 2021 Q,True
1657,2019-11-19,ETH,CIV,2:1,,CAF Nations Cup 2021 Q,False
1658,2019-11-19,NIG,MAD,2:6,,CAF Nations Cup 2021 Q,False
1659,2019-11-19,CUB,USA,0:4,,CONCACAF Nations League 2020,True
1660,2019-11-19,MEX,BER,2:1,,CONCACAF Nations League 2020,False
1661,2019-11-19,SLV,DOM,2:0,,CONCACAF Nations League 2020,False
1662,2019-11-19,LCA,MSR,0:1,,CONCACAF Nations League 2020,False
1663,2019-11-19,BRB,CAY,3:0,,CONCACAF Nations League 2020,False
1664,2019-11-19,PUR,AIA,3:0,,CONCACAF Nations League 2020,False
1665,2019-11-19,MDV,GUM,3:1,,FIFA World Cup 2022 Q,False
1666,2019-11-19,SYR,PHI,1:0,,FIFA World Cup 2022 Q,True
1667,2019-11-19,JOR,TPE,5:0,,FIFA World Cup 2022 Q,False
1668,2019-11-19,NEP,KUW,0:1,,FIFA World Cup 2022 Q,True
1669,2019-11-19,SMR,RUS,0:5,,UEFA EURO 2020 Q,False
1670,2019-11-19,IRQ,BHR,0:0,,FIFA World Cup 2022 Q,True
1671,2019-11-19,YEM,SIN,1:2,,FIFA World Cup 2022 Q,True
1672,2019-11-19,SCO,KAZ,3:1,,UEFA EURO 2020 Q,False
1673,2019-11-21,GUA,ATG,8:0,,Friendly 2019,False
1674,2019-11-23,DJI,MRI,3:0,,Friendly 2019,False
1675,2019-11-26,QAT,IRQ,1:2,,Gulf Cup 2019,False
1676,2019-11-26,UAE,YEM,3:0,,Gulf Cup 2019,True
1677,2019-11-27,BHR,OMA,0:0,,Gulf Cup 2019,True
1678,2019-11-27,KSA,KUW,1:3,,Gulf Cup 2019,True
1679,2019-11-29,QAT,YEM,6:0,,Gulf Cup 2019,False
1680,2019-11-29,UAE,IRQ,0:2,,Gulf Cup 2019,True
1681,2019-11-30,KUW,OMA,1:2,,Gulf Cup 2019,True
1682,2019-11-30,KSA,BHR,2:0,,Gulf Cup 2019,True
1683,2019-12-02,KUW,BHR,2:4,,Gulf Cup 2019,True
1684,2019-12-02,KSA,OMA,3:1,,Gulf Cup 2019,True
1685,2019-12-02,IRQ,YEM,0:0,,Gulf Cup 2019,True
1686,2019-12-02,QAT,UAE,4:2,,Gulf Cup 2019,False
1687,2019-12-05,IRQ,BHR,2:2 a.e.t.,3:5,Gulf Cup 2019,True
1688,2019-12-05,QAT,KSA,0:1,,Gulf Cup 2019,False
1689,2019-12-08,KSA,BHR,0:1,,Gulf Cup 2019,True
1690,2019-12-10,CHN,JPN,1:2,,East Asian Championship 2019,True
1691,2019-12-11,KOR,HKG,2:0,,East Asian Championship 2019,False
1692,2019-12-14,JPN,HKG,5:0,,East Asian Championship 2019,True
1693,2019-12-15,KOR,CHN,1:0,,East Asian Championship 2019,False
1694,2019-12-18,CHN,HKG,2:0,,East Asian Championship 2019,True
1695,2019-12-18,KOR,JPN,1:0,,East Asian Championship 2019,False
1696,2020-01-07,CAN,BRB,4:1,,Friendly 2020,True
1697,2020-01-10,CAN,BRB,4:1,,Friendly 2020,True
1698,2020-01-15,BAN,PLE,0:2,,Friendly 2020,False
1699,2020-01-15,ISL,CAN,1:0,,Friendly 2020,True
1700,2020-01-16,BDI,MRI,4:1,,Friendly 2020,True
1701,2020-01-17,SRI,PLE,0:2,,Friendly 2020,False
1702,2020-01-18,BDI,SEY,3:1,,Friendly 2020,True
1703,2020-01-19,BAN,SRI,3:0,,Friendly 2020,True
1704,2020-01-20,SEY,MRI,2:2,,Friendly 2020,True
1705,2020-01-22,PLE,SEY,1:0,,Friendly 2020,True
1706,2020-01-23,BAN,BDI,0:3,,Friendly 2020,False
1707,2020-01-25,PLE,BDI,3:1,,Friendly 2020,True
1708,2020-02-01,USA,CRC,1:0,,Friendly 2020,False
1709,2020-02-23,BLR,UZB,1:0,,Friendly 2020,True
1710,2020-02-25,NCA,PAN,0:0,,Friendly 2020,False
1711,2020-03-04,GUA,PAN,0:2,,Friendly 2020,False
1712,2020-03-11,JAM,BER,2:0,,Friendly 2020,False
1713,2020-09-03,LVA,AND,0:0,,UEFA Nations League 2021,False
1714,2020-09-03,FRO,MLT,3:2,,UEFA Nations League 2021,False
1715,2020-09-03,SVN,GRE,0:0,,UEFA Nations League 2021,False
1716,2020-09-03,MDA,KOS,1:1,,UEFA Nations League 2021,True
1717,2020-09-03,FIN,WAL,0:1,,UEFA Nations League 2021,False
1718,2020-09-03,UZB,TJK,2:1,,Friendly 2020,False
1719,2020-09-03,TUR,HUN,0:1,,UEFA Nations League 2021,False
1720,2020-09-03,RUS,SRB,3:1,,UEFA Nations League 2021,False
1721,2020-09-03,UKR,SUI,2:1,,UEFA Nations League 2021,False
1722,2020-09-03,GER,ESP,1:1,,UEFA Nations League 2021,False
1723,2020-09-03,BUL,IRL,1:1,,UEFA Nations League 2021,False
1724,2020-09-04,BLR,ALB,0:2,,UEFA Nations League 2021,False
1725,2020-09-04,LTU,KAZ,0:2,,UEFA Nations League 2021,False
1726,2020-09-04,SVK,CZE,1:3,,UEFA Nations League 2021,False
1727,2020-09-04,SCO,ISR,1:1,,UEFA Nations League 2021,False
1728,2020-09-04,NOR,AUT,1:2,,UEFA Nations League 2021,False
1729,2020-09-04,NED,POL,1:0,,UEFA Nations League 2021,False
1730,2020-09-04,ITA,BIH,1:1,,UEFA Nations League 2021,False
1731,2020-09-04,ROU,NIR,1:1,,UEFA Nations League 2021,False
1732,2020-09-05,AZE,LUX,1:2,,UEFA Nations League 2021,False
1733,2020-09-05,DEN,BEL,0:2,,UEFA Nations League 2021,False
1734,2020-09-05,ISL,ENG,0:1,,UEFA Nations League 2021,False
1735,2020-09-05,POR,CRO,4:1,,UEFA Nations League 2021,False
1736,2020-09-05,SWE,FRA,0:1,,UEFA Nations League 2021,False
1737,2020-09-05,CYP,MNE,0:2,,UEFA Nations League 2021,False
1738,2020-09-05,EST,GEO,0:1,,UEFA Nations League 2021,False
1739,2020-09-05,MKD,ARM,2:1,,UEFA Nations League 2021,False
1740,2020-09-05,GIB,SMR,1:0,,UEFA Nations League 2021,False
1741,2020-09-06,SVN,MDA,1:0,,UEFA Nations League 2021,False
1742,2020-09-06,MLT,LVA,1:1,,UEFA Nations League 2021,False
1743,2020-09-06,KOS,GRE,1:2,,UEFA Nations League 2021,False
1744,2020-09-06,AND,FRO,0:1,,UEFA Nations League 2021,False
1745,2020-09-06,WAL,BUL,1:0,,UEFA Nations League 2021,False
1746,2020-09-06,ESP,UKR,4:0,,UEFA Nations League 2021,False
1747,2020-09-06,SRB,TUR,0:0,,UEFA Nations League 2021,False
1748,2020-09-06,HUN,RUS,2:3,,UEFA Nations League 2021,False
1749,2020-09-06,SUI,GER,1:1,,UEFA Nations League 2021,False
1750,2020-09-06,IRL,FIN,0:1,,UEFA Nations League 2021,False
1751,2020-09-07,ISR,SVK,1:1,,UEFA Nations League 2021,False
1752,2020-09-07,KAZ,BLR,1:2,,UEFA Nations League 2021,False
1753,2020-09-07,ALB,LTU,0:1,,UEFA Nations League 2021,False
1754,2020-09-07,CZE,SCO,1:2,,UEFA Nations League 2021,False
1755,2020-09-07,NED,ITA,0:1,,UEFA Nations League 2021,False
1756,2020-09-07,AUT,ROU,2:3,,UEFA Nations League 2021,False
1757,2020-09-07,BIH,POL,1:2,,UEFA Nations League 2021,False
1758,2020-09-07,NIR,NOR,1:5,,UEFA Nations League 2021,False
1759,2020-09-08,SMR,LIE,0:2,,UEFA Nations League 2021,True
1760,2020-09-08,GEO,MKD,1:1,,UEFA Nations League 2021,False
1761,2020-09-08,ARM,EST,2:0,,UEFA Nations League 2021,False
1762,2020-09-08,CYP,AZE,0:1,,UEFA Nations League 2021,False
1763,2020-09-08,LUX,MNE,0:1,,UEFA Nations League 2021,False
1764,2020-09-08,FRA,CRO,4:2,,UEFA Nations League 2021,False
1765,2020-09-08,DEN,ENG,0:0,,UEFA Nations League 2021,False
1766,2020-09-08,BEL,ISL,5:1,,UEFA Nations League 2021,False
1767,2020-09-08,SWE,POR,0:2,,UEFA Nations League 2021,False
1768,2020-09-30,MEX,GUA,3:0,,Friendly 2020,False
1769,2020-10-06,NCA,GUA,0:0,,Friendly 2020,False
1770,2020-10-07,MNE,LVA,1:1,,Friendly 2020,False
1771,2020-10-07,POL,FIN,5:1,,Friendly 2020,False
1772,2020-10-07,POR,ESP,0:0,,Friendly 2020,False
1773,2020-10-07,NED,MEX,0:1,,Friendly 2020,False
1774,2020-10-07,SUI,CRO,1:2,,Friendly 2020,False
1775,2020-10-07,MLT,GIB,2:0,,Friendly 2020,False
1776,2020-10-07,SVN,SMR,4:0,,Friendly 2020,False
1777,2020-10-07,LUX,LIE,1:2,,Friendly 2020,False
1778,2020-10-07,ITA,MDA,6:0,,Friendly 2020,False
1779,2020-10-07,GER,TUR,3:3,,Friendly 2020,False
1780,2020-10-07,FRA,UKR,7:1,,Friendly 2020,False
1781,2020-10-07,AND,CPV,1:2,,Friendly 2020,False
1782,2020-10-07,EST,LTU,1:3,,Friendly 2020,False
1783,2020-10-07,DEN,FRO,4:0,,Friendly 2020,False
1784,2020-10-07,CYP,CZE,1:2,,Friendly 2020,False
1785,2020-10-07,AUT,GRE,2:1,,Friendly 2020,False
1786,2020-10-08,MKD,KOS,2:1,,UEFA EURO 2020 Q,False
1787,2020-10-08,GEO,BLR,1:0,,UEFA EURO 2020 Q,False
1788,2020-10-08,SCO,ISR,0:0 a.e.t.,5:3,UEFA EURO 2020 Q,False
1789,2020-10-08,NOR,SRB,1:2 a.e.t.,,UEFA EURO 2020 Q,False
1790,2020-10-08,SVK,IRL,0:0 a.e.t.,4:2,UEFA EURO 2020 Q,False
1791,2020-10-08,BIH,NIR,1:1 a.e.t.,3:4,UEFA EURO 2020 Q,False
1792,2020-10-08,ISL,ROU,2:1,,UEFA EURO 2020 Q,False
1793,2020-10-08,BUL,HUN,1:3,,UEFA EURO 2020 Q,False
1794,2020-10-08,RSA,NAM,1:1,,Friendly 2020,False
1795,2020-10-08,RUS,SWE,1:2,,Friendly 2020,False
1796,2020-10-08,ENG,WAL,3:0,,Friendly 2020,False
1797,2020-10-08,BEL,CIV,1:1,,Friendly 2020,False
1798,2020-10-08,URU,CHI,2:1,,FIFA World Cup 2022 Q,False
1799,2020-10-08,PAR,PER,2:2,,FIFA World Cup 2022 Q,False
1800,2020-10-08,ARG,ECU,1:0,,FIFA World Cup 2022 Q,False
1801,2020-10-08,UZB,IRN,1:2,,Friendly 2020,False
1802,2020-10-09,MTN,SLE,2:1,,Friendly 2020,False
1803,2020-10-09,TUN,SDN,3:0,,Friendly 2020,False
1804,2020-10-09,NGA,ALG,0:1,,Friendly 2020,True
1805,2020-10-09,MAR,SEN,3:1,,Friendly 2020,False
1806,2020-10-09,KEN,ZAM,2:1,,Friendly 2020,False
1807,2020-10-09,COL,VEN,3:0,,FIFA World Cup 2022 Q,False
1808,2020-10-09,GHA,MLI,0:3,,Friendly 2020,True
1809,2020-10-09,CGO,GAM,0:1,,Friendly 2020,True
1810,2020-10-09,BFA,COD,3:0,,Friendly 2020,True
1811,2020-10-09,BRA,BOL,5:0,,FIFA World Cup 2022 Q,False
1812,2020-10-09,JPN,CMR,0:0,,Friendly 2020,True
1813,2020-10-10,LIE,GIB,0:1,,UEFA Nations League 2021,False
1814,2020-10-10,FRO,LVA,1:1,,UEFA Nations League 2021,False
1815,2020-10-10,AND,MLT,0:0,,UEFA Nations League 2021,False
1816,2020-10-10,MNE,AZE,2:0,,UEFA Nations League 2021,False
1817,2020-10-10,LUX,CYP,2:0,,UEFA Nations League 2021,False
1818,2020-10-10,UKR,GER,1:2,,UEFA Nations League 2021,False
1819,2020-10-10,HON,NCA,1:1,,Friendly 2020,False
1820,2020-10-10,CRC,PAN,0:1,,Friendly 2020,False
1821,2020-10-10,CPV,GUI,1:2,,Friendly 2020,True
1822,2020-10-10,ESP,SUI,1:0,,UEFA Nations League 2021,False
1823,2020-10-11,ARM,GEO,2:2,,UEFA Nations League 2021,True
1824,2020-10-11,SRB,HUN,0:1,,UEFA Nations League 2021,False
1825,2020-10-11,FIN,BUL,2:0,,UEFA Nations League 2021,False
1826,2020-10-11,IRL,WAL,0:0,,UEFA Nations League 2021,False
1827,2020-10-11,EST,MKD,3:3,,UEFA Nations League 2021,False
1828,2020-10-11,BIH,NED,0:0,,UEFA Nations League 2021,False
1829,2020-10-11,KOS,SVN,0:1,,UEFA Nations League 2021,False
1830,2020-10-11,KAZ,ALB,0:0,,UEFA Nations League 2021,False
1831,2020-10-11,LTU,BLR,2:2,,UEFA Nations League 2021,False
1832,2020-10-11,RUS,TUR,1:1,,UEFA Nations League 2021,False
1833,2020-10-11,GRE,MDA,2:0,,UEFA Nations League 2021,False
1834,2020-10-11,SCO,SVK,1:0,,UEFA Nations League 2021,False
1835,2020-10-11,BEN,GAB,2:0,,Friendly 2020,True
1836,2020-10-11,NOR,ROU,4:0,,UEFA Nations League 2021,False
1837,2020-10-11,LBY,COM,1:2,,Friendly 2020,True
1838,2020-10-11,MWI,ZIM,0:0,,Friendly 2020,False
1839,2020-10-11,TAN,BDI,0:1,,Friendly 2020,False
1840,2020-10-11,POL,ITA,0:0,,UEFA Nations League 2021,False
1841,2020-10-11,ISR,CZE,1:2,,UEFA Nations League 2021,False
1842,2020-10-11,ISL,DEN,0:3,,UEFA Nations League 2021,False
1843,2020-10-11,NIR,AUT,0:1,,UEFA Nations League 2021,False
1844,2020-10-11,FRA,POR,0:0,,UEFA Nations League 2021,False
1845,2020-10-11,ENG,BEL,2:1,,UEFA Nations League 2021,False
1846,2020-10-11,CRO,SWE,2:1,,UEFA Nations League 2021,False
1847,2020-10-12,GHA,QAT,5:1,,Friendly 2020,True
1848,2020-10-12,MAD,BFA,1:2,,Friendly 2020,True
1849,2020-10-12,TOG,SDN,1:1,,Friendly 2020,True
1850,2020-10-12,UAE,UZB,1:2,,Friendly 2020,False
1851,2020-10-13,LIE,SMR,0:0,,UEFA Nations League 2021,False
1852,2020-10-13,NGA,TUN,1:1,,Friendly 2020,True
1853,2020-10-13,LVA,MLT,0:1,,UEFA Nations League 2021,False
1854,2020-10-13,FRO,AND,2:0,,UEFA Nations League 2021,False
1855,2020-10-13,MNE,LUX,1:2,,UEFA Nations League 2021,False
1856,2020-10-13,AZE,CYP,0:0,,UEFA Nations League 2021,True
1857,2020-10-13,UKR,ESP,1:0,,UEFA Nations League 2021,False
1858,2020-10-13,GER,SUI,3:3,,UEFA Nations League 2021,False
1859,2020-10-13,MAR,COD,1:1,,Friendly 2020,False
1860,2020-10-13,JPN,CIV,1:0,,Friendly 2020,True
1861,2020-10-13,MEX,ALG,2:2,,Friendly 2020,True
1862,2020-10-13,BOL,ARG,1:2,,FIFA World Cup 2022 Q,False
1863,2020-10-13,CHI,COL,2:2,,FIFA World Cup 2022 Q,False
1864,2020-10-13,CRC,PAN,0:1,,Friendly 2020,False
1865,2020-10-13,PER,BRA,2:4,,FIFA World Cup 2022 Q,False
1866,2020-10-13,VEN,PAR,0:1,,FIFA World Cup 2022 Q,False
1867,2020-10-13,ECU,URU,4:2,,FIFA World Cup 2022 Q,False
1868,2020-10-14,LTU,ALB,0:0,,UEFA Nations League 2021,False
1869,2020-10-14,RUS,HUN,0:0,,UEFA Nations League 2021,False
1870,2020-10-14,MDA,SVN,0:4,,UEFA Nations League 2021,False
1871,2020-10-14,GRE,KOS,0:0,,UEFA Nations League 2021,False
1872,2020-10-14,MKD,GEO,1:1,,UEFA Nations League 2021,False
1873,2020-10-14,EST,ARM,1:1,,UEFA Nations League 2021,False
1874,2020-10-14,FIN,IRL,1:0,,UEFA Nations League 2021,False
1875,2020-10-14,BUL,WAL,0:1,,UEFA Nations League 2021,False
1876,2020-10-14,TUR,SRB,2:2,,UEFA Nations League 2021,False
1877,2020-10-14,BLR,KAZ,2:0,,UEFA Nations League 2021,False
1878,2020-10-14,SVK,ISR,2:3,,UEFA Nations League 2021,False
1879,2020-10-14,ROU,AUT,0:1,,UEFA Nations League 2021,False
1880,2020-10-14,NOR,NIR,1:0,,UEFA Nations League 2021,False
1881,2020-10-14,POR,SWE,3:0,,UEFA Nations League 2021,False
1882,2020-10-14,CRO,FRA,1:2,,UEFA Nations League 2021,False
1883,2020-10-14,ISL,BEL,1:2,,UEFA Nations League 2021,False
1884,2020-10-14,ENG,DEN,0:1,,UEFA Nations League 2021,False
1885,2020-10-14,POL,BIH,3:0,,UEFA Nations League 2021,False
1886,2020-10-14,ITA,NED,1:1,,UEFA Nations League 2021,False
1887,2020-10-14,SCO,CZE,1:0,,UEFA Nations League 2021,False
1888,2020-10-22,ETH,ZAM,2:3,,Friendly 2020,False
1889,2020-10-25,ETH,ZAM,1:3,,Friendly 2020,False
1890,2020-11-06,ETH,SDN,2:2,,Friendly 2020,False
1891,2020-11-07,BHR,TJK,1:0,,Friendly 2020,True
1892,2020-11-11,SVN,AZE,0:0,,Friendly 2020,False
1893,2020-11-11,SMR,LVA,0:3,,Friendly 2020,False
1894,2020-11-11,ROU,BLR,5:3,,Friendly 2020,False
1895,2020-11-11,POR,AND,7:0,,Friendly 2020,False
1896,2020-11-11,POL,UKR,2:0,,Friendly 2020,False
1897,2020-11-11,NED,ESP,1:1,,Friendly 2020,False
1898,2020-11-11,MNE,KAZ,0:0,,Friendly 2020,False
1899,2020-11-11,TUR,CRO,3:3,,Friendly 2020,False
1900,2020-11-11,MLT,LIE,3:0,,Friendly 2020,False
1901,2020-11-11,LUX,AUT,0:3,,Friendly 2020,False
1902,2020-11-11,LTU,FRO,2:1,,Friendly 2020,False
1903,2020-11-11,ITA,EST,4:0,,Friendly 2020,False
1904,2020-11-11,BUL,GIB,3:0,,Friendly 2020,False
1905,2020-11-11,GER,CZE,1:0,,Friendly 2020,False
1906,2020-11-11,FRA,FIN,0:2,,Friendly 2020,False
1907,2020-11-11,DEN,SWE,2:0,,Friendly 2020,False
1908,2020-11-11,BEL,SUI,2:1,,Friendly 2020,False
1909,2020-11-11,ALB,KOS,2:1,,Friendly 2020,False
1910,2020-11-11,LBY,EQG,2:3,,CAF Nations Cup 2021 Q,True
1911,2020-11-11,SEN,GNB,2:0,,CAF Nations Cup 2021 Q,False
1912,2020-11-11,KEN,COM,1:1,,CAF Nations Cup 2021 Q,False
1913,2020-11-11,MTN,BDI,1:1,,CAF Nations Cup 2021 Q,False
1914,2020-11-11,GUI,CHA,1:0,,CAF Nations Cup 2021 Q,False
1915,2020-11-11,GRE,CYP,2:1,,Friendly 2020,False
1916,2020-11-12,IRQ,JOR,0:0,,Friendly 2020,True
1917,2020-11-12,UAE,TJK,3:2,,Friendly 2020,False
1918,2020-11-12,MDA,RUS,0:0,,Friendly 2020,False
1919,2020-11-12,UZB,SYR,0:1,,Friendly 2020,True
1920,2020-11-12,WAL,USA,0:0,,Friendly 2020,False
1921,2020-11-12,NIR,SVK,1:2 a.e.t.,,UEFA EURO 2020 Q,False
1922,2020-11-12,SRB,SCO,1:1 a.e.t.,4:5,UEFA EURO 2020 Q,False
1923,2020-11-12,GEO,MKD,0:1,,UEFA EURO 2020 Q,False
1924,2020-11-12,BIH,IRN,0:2,,Friendly 2020,False
1925,2020-11-12,HUN,ISL,2:1,,UEFA EURO 2020 Q,False
1926,2020-11-12,BHR,LIB,3:1,,Friendly 2020,True
1927,2020-11-12,ENG,IRL,3:0,,Friendly 2020,False
1928,2020-11-12,ARG,PAR,1:1,,FIFA World Cup 2022 Q,False
1929,2020-11-12,UGA,SSD,1:0,,CAF Nations Cup 2021 Q,False
1930,2020-11-12,GHA,SDN,2:0,,CAF Nations Cup 2021 Q,False
1931,2020-11-12,GAB,GAM,2:1,,CAF Nations Cup 2021 Q,False
1932,2020-11-12,BOL,ECU,2:3,,FIFA World Cup 2022 Q,False
1933,2020-11-12,CPV,RWA,0:0,,CAF Nations Cup 2021 Q,False
1934,2020-11-12,CMR,MOZ,4:1,,CAF Nations Cup 2021 Q,False
1935,2020-11-12,ZAM,BOT,2:1,,CAF Nations Cup 2021 Q,False
1936,2020-11-12,CGO,SWZ,2:0,,CAF Nations Cup 2021 Q,False
1937,2020-11-12,BFA,MWI,3:1,,CAF Nations Cup 2021 Q,False
1938,2020-11-12,CIV,MAD,2:1,,CAF Nations Cup 2021 Q,False
1939,2020-11-12,ALG,ZIM,3:1,,CAF Nations Cup 2021 Q,False
1940,2020-11-13,CHI,PER,2:0,,FIFA World Cup 2022 Q,False
1941,2020-11-13,JPN,PAN,1:0,,Friendly 2020,True
1942,2020-11-13,CRC,QAT,1:1,,Friendly 2020,True
1943,2020-11-13,BAN,NEP,2:0,,Friendly 2020,False
1944,2020-11-13,COL,URU,0:3,,FIFA World Cup 2022 Q,False
1945,2020-11-13,BRA,VEN,1:0,,FIFA World Cup 2022 Q,False
1946,2020-11-13,TUN,TAN,1:0,,CAF Nations Cup 2021 Q,False
1947,2020-11-13,NIG,ETH,1:0,,CAF Nations Cup 2021 Q,False
1948,2020-11-13,MAR,CTA,4:1,,CAF Nations Cup 2021 Q,False
1949,2020-11-13,RSA,STP,2:0,,CAF Nations Cup 2021 Q,False
1950,2020-11-13,MLI,NAM,1:0,,CAF Nations Cup 2021 Q,False
1951,2020-11-13,NGA,SLE,4:4,,CAF Nations Cup 2021 Q,False
1952,2020-11-14,SUI,ESP,1:1,,UEFA Nations League 2021,False
1953,2020-11-14,SMR,GIB,0:0,,UEFA Nations League 2021,False
1954,2020-11-14,MLT,AND,3:1,,UEFA Nations League 2021,False
1955,2020-11-14,LVA,FRO,1:1,,UEFA Nations League 2021,False
1956,2020-11-14,CYP,LUX,2:1,,UEFA Nations League 2021,False
1957,2020-11-14,AZE,MNE,0:0,,UEFA Nations League 2021,True
1958,2020-11-14,GER,UKR,3:1,,UEFA Nations League 2021,False
1959,2020-11-14,COD,ANG,0:0,,CAF Nations Cup 2021 Q,False
1960,2020-11-14,POR,FRA,0:1,,UEFA Nations League 2021,False
1961,2020-11-14,KSA,JAM,3:0,,Friendly 2020,False
1962,2020-11-14,MEX,KOR,3:2,,Friendly 2020,True
1963,2020-11-14,BEN,LES,1:0,,CAF Nations Cup 2021 Q,False
1964,2020-11-14,EGY,TOG,1:0,,CAF Nations Cup 2021 Q,False
1965,2020-11-14,SWE,CRO,2:1,,UEFA Nations League 2021,False
1966,2020-11-15,HUN,SRB,1:1,,UEFA Nations League 2021,False
1967,2020-11-15,TUR,RUS,3:2,,UEFA Nations League 2021,False
1968,2020-11-15,BUL,FIN,1:2,,UEFA Nations League 2021,False
1969,2020-11-15,WAL,IRL,1:0,,UEFA Nations League 2021,False
1970,2020-11-15,GEO,ARM,1:2,,UEFA Nations League 2021,False
1971,2020-11-15,SVN,KOS,2:1,,UEFA Nations League 2021,False
1972,2020-11-15,MDA,GRE,0:2,,UEFA Nations League 2021,False
1973,2020-11-15,ALB,KAZ,3:1,,UEFA Nations League 2021,False
1974,2020-11-15,BLR,LTU,2:0,,UEFA Nations League 2021,False
1975,2020-11-15,SVK,SCO,1:0,,UEFA Nations League 2021,False
1976,2020-11-15,MKD,EST,2:1,,UEFA Nations League 2021,False
1977,2020-11-15,CZE,ISR,1:0,,UEFA Nations League 2021,False
1978,2020-11-15,GUA,HON,2:1,,Friendly 2020,False
1979,2020-11-15,AUT,NIR,2:1,,UEFA Nations League 2021,False
1980,2020-11-15,DEN,ISL,2:1,,UEFA Nations League 2021,False
1981,2020-11-15,BEL,ENG,2:0,,UEFA Nations League 2021,False
1982,2020-11-15,NED,BIH,3:1,,UEFA Nations League 2021,False
1983,2020-11-15,ITA,POL,2:0,,UEFA Nations League 2021,False
1984,2020-11-15,EQG,LBY,1:0,,CAF Nations Cup 2021 Q,False
1985,2020-11-15,GNB,SEN,0:1,,CAF Nations Cup 2021 Q,False
1986,2020-11-15,COM,KEN,2:1,,CAF Nations Cup 2021 Q,False
1987,2020-11-15,BDI,MTN,3:1,,CAF Nations Cup 2021 Q,False
1988,2020-11-15,CHA,GUI,1:1,,CAF Nations Cup 2021 Q,False
1989,2020-11-15,ROU,NOR,3:0,,UEFA Nations League 2021,False
1990,2020-11-16,USA,PAN,6:2,,Friendly 2020,True
1991,2020-11-16,UAE,BHR,1:3,,Friendly 2020,False
1992,2020-11-16,JOR,SYR,1:0,,Friendly 2020,True
1993,2020-11-16,SWZ,CGO,0:0,,CAF Nations Cup 2021 Q,False
1994,2020-11-16,BOT,ZAM,1:0,,CAF Nations Cup 2021 Q,False
1995,2020-11-16,ZIM,ALG,2:2,,CAF Nations Cup 2021 Q,False
1996,2020-11-16,GAM,GAB,2:1,,CAF Nations Cup 2021 Q,False
1997,2020-11-16,RSA,STP,4:2,,CAF Nations Cup 2021 Q,False
1998,2020-11-16,SSD,UGA,1:0,,CAF Nations Cup 2021 Q,True
1999,2020-11-16,MWI,BFA,0:0,,CAF Nations Cup 2021 Q,False
2000,2020-11-16,MOZ,CMR,0:2,,CAF Nations Cup 2021 Q,False
2001,2020-11-17,JPN,MEX,0:2,,Friendly 2020,True
2002,2020-11-17,KOR,QAT,2:1,,Friendly 2020,True
2003,2020-11-17,KSA,JAM,1:2,,Friendly 2020,False
2004,2020-11-17,UZB,IRQ,1:2,,Friendly 2020,True
2005,2020-11-17,CRO,POR,2:3,,UEFA Nations League 2021,False
2006,2020-11-17,FRA,SWE,4:2,,UEFA Nations League 2021,False
2007,2020-11-17,SUI,UKR,3:0,,UEFA Nations League 2021,False
2008,2020-11-17,LUX,AZE,0:0,,UEFA Nations League 2021,False
2009,2020-11-17,MNE,CYP,4:0,,UEFA Nations League 2021,False
2010,2020-11-17,AND,LVA,0:5,,UEFA Nations League 2021,False
2011,2020-11-17,MLT,FRO,1:1,,UEFA Nations League 2021,False
2012,2020-11-17,BAN,NEP,0:0,,Friendly 2020,False
2013,2020-11-17,ESP,GER,6:0,,UEFA Nations League 2021,False
2014,2020-11-17,VEN,CHI,2:1,,FIFA World Cup 2022 Q,False
2015,2020-11-17,GIB,LIE,1:1,,UEFA Nations League 2021,False
2016,2020-11-17,PER,ARG,0:2,,FIFA World Cup 2022 Q,False
2017,2020-11-17,NAM,MLI,1:2,,CAF Nations Cup 2021 Q,False
2018,2020-11-17,SDN,GHA,1:0,,CAF Nations Cup 2021 Q,True
2019,2020-11-17,ANG,COD,0:1,,CAF Nations Cup 2021 Q,False
2020,2020-11-17,CTA,MAR,0:2,,CAF Nations Cup 2021 Q,True
2021,2020-11-17,RWA,CPV,0:0,,CAF Nations Cup 2021 Q,False
2022,2020-11-17,TOG,EGY,1:3,,CAF Nations Cup 2021 Q,False
2023,2020-11-17,URU,BRA,0:2,,FIFA World Cup 2022 Q,False
2024,2020-11-17,ETH,NIG,3:0,,CAF Nations Cup 2021 Q,False
2025,2020-11-17,MAD,CIV,1:1,,CAF Nations Cup 2021 Q,False
2026,2020-11-17,LES,BEN,0:0,,CAF Nations Cup 2021 Q,False
2027,2020-11-17,SLE,NGA,0:0,,CAF Nations Cup 2021 Q,False
2028,2020-11-17,ECU,COL,6:1,,FIFA World Cup 2022 Q,False
2029,2020-11-17,PAR,BOL,2:2,,FIFA World Cup 2022 Q,False
2030,2020-11-17,TAN,TUN,1:1,,CAF Nations Cup 2021 Q,False
2031,2020-11-18,ALB,BLR,3:2,,UEFA Nations League 2021,False
2032,2020-11-18,KOS,MDA,1:0,,UEFA Nations League 2021,False
2033,2020-11-18,GRE,SVN,0:0,,UEFA Nations League 2021,False
2034,2020-11-18,ARM,MKD,1:0,,UEFA Nations League 2021,True
2035,2020-11-18,WAL,FIN,3:1,,UEFA Nations League 2021,False
2036,2020-11-18,IRL,BUL,0:0,,UEFA Nations League 2021,False
2037,2020-11-18,SRB,RUS,5:0,,UEFA Nations League 2021,False
2038,2020-11-18,HUN,TUR,2:0,,UEFA Nations League 2021,False
2039,2020-11-18,KAZ,LTU,1:2,,UEFA Nations League 2021,False
2040,2020-11-18,CZE,SVK,2:0,,UEFA Nations League 2021,False
2041,2020-11-18,ISR,SCO,1:0,,UEFA Nations League 2021,False
2042,2020-11-18,BIH,ITA,0:2,,UEFA Nations League 2021,False
2043,2020-11-18,POL,NED,1:2,,UEFA Nations League 2021,False
2044,2020-11-18,BEL,DEN,4:2,,UEFA Nations League 2021,False
2045,2020-11-18,GEO,EST,0:0,,UEFA Nations League 2021,False
2046,2020-11-18,ENG,ISL,4:0,,UEFA Nations League 2021,False
2047,2020-11-18,AUT,NOR,1:1,,UEFA Nations League 2021,False
2048,2020-11-18,NIR,ROU,1:1,,UEFA Nations League 2021,False
2049,2020-12-04,QAT,BAN,5:0,,FIFA World Cup 2022 Q,False
2050,2020-12-09,USA,SLV,6:0,,Friendly 2020,False
2051,2021-01-12,UAE,IRQ,0:0,,Friendly 2021,False
2052,2021-01-16,CMR,ZIM,1:0,,African Nations Championship 2020,False
2053,2021-01-16,MLI,BFA,1:0,,African Nations Championship 2020,True
2054,2021-01-17,CGO,COD,0:1,,African Nations Championship 2020,True
2055,2021-01-17,LBY,NIG,0:0,,African Nations Championship 2020,True
2056,2021-01-18,KUW,PLE,0:1,,Friendly 2021,False
2057,2021-01-18,MAR,TOG,1:0,,African Nations Championship 2020,True
2058,2021-01-18,RWA,UGA,0:0,,African Nations Championship 2020,True
2059,2021-01-19,ZAM,TAN,2:0,,African Nations Championship 2020,True
2060,2021-01-19,DOM,PUR,0:1,,Friendly 2021,False
2061,2021-01-19,GUI,NAM,3:0,,African Nations Championship 2020,True
2062,2021-01-20,BFA,ZIM,3:1,,African Nations Championship 2020,True
2063,2021-01-20,CMR,MLI,1:1,,African Nations Championship 2020,False
2064,2021-01-21,CGO,NIG,1:1,,African Nations Championship 2020,True
2065,2021-01-21,LBY,COD,1:1,,African Nations Championship 2020,True
2066,2021-01-22,MAR,RWA,0:0,,African Nations Championship 2020,True
2067,2021-01-22,UGA,TOG,1:2,,African Nations Championship 2020,True
2068,2021-01-22,GUA,PUR,1:0,,Friendly 2021,False
2069,2021-01-23,NAM,TAN,0:1,,African Nations Championship 2020,True
2070,2021-01-23,ZAM,GUI,1:1,,African Nations Championship 2020,True
2071,2021-01-24,ZIM,MLI,0:1,,African Nations Championship 2020,True
2072,2021-01-24,CMR,BFA,0:0,,African Nations Championship 2020,False
2073,2021-01-25,DOM,SRB,0:0,,Friendly 2021,False
2074,2021-01-25,NIG,COD,1:2,,African Nations Championship 2020,True
2075,2021-01-25,CGO,LBY,1:0,,African Nations Championship 2020,True
2076,2021-01-26,TOG,RWA,2:3,,African Nations Championship 2020,True
2077,2021-01-26,UGA,MAR,2:5,,African Nations Championship 2020,True
2078,2021-01-27,NAM,ZAM,0:0,,African Nations Championship 2020,True
2079,2021-01-27,TAN,GUI,2:2,,African Nations Championship 2020,True
2080,2021-01-27,IRQ,KUW,2:1,,Friendly 2021,False
2081,2021-01-28,PAN,SRB,0:0,,Friendly 2021,False
2082,2021-01-30,CMR,COD,2:1,,African Nations Championship 2020,False
2083,2021-01-30,MLI,CGO,0:0 a.e.t.,5:4,African Nations Championship 2020,True
2084,2021-01-31,GUI,RWA,1:0,,African Nations Championship 2020,True
2085,2021-01-31,MAR,ZAM,3:1,,African Nations Championship 2020,True
2086,2021-01-31,USA,TRI,7:0,,Friendly 2021,False
2087,2021-02-01,JOR,TJK,2:0,,Friendly 2021,True
2088,2021-02-03,CMR,MAR,0:4,,African Nations Championship 2020,False
2089,2021-02-03,MLI,GUI,0:0 a.e.t.,5:4,African Nations Championship 2020,True
2090,2021-02-05,JOR,TJK,0:1,,Friendly 2021,True
2091,2021-02-06,CMR,GUI,0:2,,African Nations Championship 2020,False
2092,2021-02-07,MLI,MAR,0:2,,African Nations Championship 2020,True
2093,2021-02-15,UZB,JOR,2:0,,Friendly 2021,True
2094,2021-02-24,GUA,NCA,1:0,,Friendly 2021,False
2095,2021-03-15,KEN,TAN,2:1,,Friendly 2021,False
2096,2021-03-17,ETH,MWI,4:0,,Friendly 2021,False
2097,2021-03-20,OMA,JOR,0:0,,Friendly 2021,True
2098,2021-03-21,AIA,VIR,0:0,,Friendly 2021,True
2099,2021-03-24,MLT,RUS,1:3,,FIFA World Cup 2022 Q,False
2100,2021-03-24,EST,CZE,2:6,,FIFA World Cup 2022 Q,True
2101,2021-03-24,GIB,NOR,0:3,,FIFA World Cup 2022 Q,False
2102,2021-03-24,LVA,MNE,1:2,,FIFA World Cup 2022 Q,False
2103,2021-03-24,TUR,NED,4:2,,FIFA World Cup 2022 Q,False
2104,2021-03-24,CYP,SVK,0:0,,FIFA World Cup 2022 Q,False
2105,2021-03-24,RWA,MOZ,1:0,,CAF Nations Cup 2021 Q,False
2106,2021-03-24,BLR,HON,1:1,,Friendly 2021,False
2107,2021-03-24,JOR,LIB,1:0,,Friendly 2021,True
2108,2021-03-24,KOS,LTU,4:0,,Friendly 2021,False
2109,2021-03-24,QAT,LUX,1:0,,Friendly 2021,True
2110,2021-03-24,BEL,WAL,3:1,,FIFA World Cup 2022 Q,False
2111,2021-03-24,SVN,CRO,1:0,,FIFA World Cup 2022 Q,False
2112,2021-03-24,FRA,UKR,1:1,,FIFA World Cup 2022 Q,False
2113,2021-03-24,SSD,MWI,0:1,,CAF Nations Cup 2021 Q,True
2114,2021-03-24,SRB,IRL,3:2,,FIFA World Cup 2022 Q,False
2115,2021-03-24,POR,AZE,1:0,,FIFA World Cup 2022 Q,True
2116,2021-03-24,SKN,PUR,1:0,,FIFA World Cup 2022 Q,True
2117,2021-03-24,DOM,DMA,1:0,,FIFA World Cup 2022 Q,False
2118,2021-03-24,GUA,CUB,1:0,,FIFA World Cup 2022 Q,False
2119,2021-03-24,SUR,CAY,3:0,,FIFA World Cup 2022 Q,False
2120,2021-03-24,ATG,MSR,2:2,,FIFA World Cup 2022 Q,True
2121,2021-03-24,ETH,MAD,4:0,,CAF Nations Cup 2021 Q,False
2122,2021-03-24,STP,SDN,0:2,,CAF Nations Cup 2021 Q,False
2123,2021-03-24,UGA,BFA,0:0,,CAF Nations Cup 2021 Q,False
2124,2021-03-24,CHA,NAM,0:3,,CAF Nations Cup 2021 Q,False
2125,2021-03-24,GUI,MLI,1:0,,CAF Nations Cup 2021 Q,False
2126,2021-03-24,FIN,BIH,2:2,,FIFA World Cup 2022 Q,False
2127,2021-03-25,AND,ALB,0:1,,FIFA World Cup 2022 Q,False
2128,2021-03-25,SCO,AUT,2:2,,FIFA World Cup 2022 Q,False
2129,2021-03-25,ITA,NIR,2:0,,FIFA World Cup 2022 Q,False
2130,2021-03-25,MDA,FRO,1:1,,FIFA World Cup 2022 Q,False
2131,2021-03-25,ISR,DEN,0:2,,FIFA World Cup 2022 Q,False
2132,2021-03-25,ENG,SMR,5:0,,FIFA World Cup 2022 Q,False
2133,2021-03-25,HUN,POL,3:3,,FIFA World Cup 2022 Q,False
2134,2021-03-25,JPN,KOR,3:0,,Friendly 2021,False
2135,2021-03-25,LIE,ARM,0:1,,FIFA World Cup 2022 Q,False
2136,2021-03-25,ROU,MKD,3:2,,FIFA World Cup 2022 Q,False
2137,2021-03-25,BHR,SYR,3:1,,Friendly 2021,False
2138,2021-03-25,KSA,KUW,1:0,,Friendly 2021,False
2139,2021-03-25,USA,JAM,4:1,,Friendly 2021,True
2140,2021-03-25,BUL,SUI,1:3,,FIFA World Cup 2022 Q,False
2141,2021-03-25,GER,ISL,3:0,,FIFA World Cup 2022 Q,False
2142,2021-03-25,SWE,GEO,1:0,,FIFA World Cup 2022 Q,False
2143,2021-03-25,IND,OMA,1:1,,Friendly 2021,True
2144,2021-03-25,TRI,GUY,3:0,,FIFA World Cup 2022 Q,True
2145,2021-03-25,RSA,GHA,1:1,,CAF Nations Cup 2021 Q,False
2146,2021-03-25,GAB,COD,3:0,,CAF Nations Cup 2021 Q,False
2147,2021-03-25,GAM,ANG,1:0,,CAF Nations Cup 2021 Q,False
2148,2021-03-25,ESP,GRE,1:1,,FIFA World Cup 2022 Q,False
2149,2021-03-25,COM,TOG,0:0,,CAF Nations Cup 2021 Q,False
2150,2021-03-25,KEN,EGY,1:1,,CAF Nations Cup 2021 Q,False
2151,2021-03-25,BOT,ZIM,0:1,,CAF Nations Cup 2021 Q,False
2152,2021-03-25,ZAM,ALG,3:3,,CAF Nations Cup 2021 Q,False
2153,2021-03-25,LBY,TUN,2:5,,CAF Nations Cup 2021 Q,False
2154,2021-03-25,TJK,MNG,3:0,,FIFA World Cup 2022 Q,False
2155,2021-03-25,SLV,GRN,2:0,,FIFA World Cup 2022 Q,False
2156,2021-03-25,CAN,BER,5:1,,FIFA World Cup 2022 Q,True
2157,2021-03-25,CUW,VIN,5:0,,FIFA World Cup 2022 Q,False
2158,2021-03-25,PAN,BRB,1:0,,FIFA World Cup 2022 Q,True
2159,2021-03-25,HAI,BLZ,2:0,,FIFA World Cup 2022 Q,False
2160,2021-03-25,EQG,TAN,1:0,,CAF Nations Cup 2021 Q,False
2161,2021-03-26,NIG,CIV,0:3,,CAF Nations Cup 2021 Q,False
2162,2021-03-26,CHI,BOL,2:1,,Friendly 2021,False
2163,2021-03-26,SWZ,GNB,1:3,,CAF Nations Cup 2021 Q,False
2164,2021-03-26,BDI,CTA,2:2,,CAF Nations Cup 2021 Q,False
2165,2021-03-26,CPV,CMR,3:1,,CAF Nations Cup 2021 Q,False
2166,2021-03-26,MTN,MAR,0:0,,CAF Nations Cup 2021 Q,False
2167,2021-03-26,CGO,SEN,0:0,,CAF Nations Cup 2021 Q,False
2168,2021-03-27,MNE,GIB,4:1,,FIFA World Cup 2022 Q,False
2169,2021-03-27,WAL,MEX,1:0,,Friendly 2021,False
2170,2021-03-27,QAT,AZE,2:1,,Friendly 2021,True
2171,2021-03-27,BIH,CRC,0:0,,Friendly 2021,False
2172,2021-03-27,NEP,BAN,0:0,,Friendly 2021,False
2173,2021-03-27,SVK,MLT,2:2,,FIFA World Cup 2022 Q,False
2174,2021-03-27,RUS,SVN,2:1,,FIFA World Cup 2022 Q,False
2175,2021-03-27,CRO,CYP,1:0,,FIFA World Cup 2022 Q,False
2176,2021-03-27,NOR,TUR,0:3,,FIFA World Cup 2022 Q,True
2177,2021-03-27,NED,LVA,2:0,,FIFA World Cup 2022 Q,False
2178,2021-03-27,CZE,BEL,1:1,,FIFA World Cup 2022 Q,False
2179,2021-03-27,AIA,DOM,0:6,,FIFA World Cup 2022 Q,True
2180,2021-03-27,SRB,POR,2:2,,FIFA World Cup 2022 Q,False
2181,2021-03-27,IRL,LUX,0:1,,FIFA World Cup 2022 Q,False
2182,2021-03-27,BAH,SKN,0:4,,FIFA World Cup 2022 Q,False
2183,2021-03-27,TCA,NCA,0:7,,FIFA World Cup 2022 Q,True
2184,2021-03-27,VGB,GUA,0:3,,FIFA World Cup 2022 Q,True
2185,2021-03-27,ARU,SUR,0:6,,FIFA World Cup 2022 Q,True
2186,2021-03-27,VIR,ATG,0:3,,FIFA World Cup 2022 Q,False
2187,2021-03-27,LES,SLE,0:0,,CAF Nations Cup 2021 Q,False
2188,2021-03-27,BEN,NGA,0:1,,CAF Nations Cup 2021 Q,False
2189,2021-03-27,BLR,EST,4:2,,FIFA World Cup 2022 Q,False
2190,2021-03-28,AUT,FRO,3:1,,FIFA World Cup 2022 Q,False
2191,2021-03-28,DEN,MDA,8:0,,FIFA World Cup 2022 Q,False
2192,2021-03-28,ISR,SCO,1:1,,FIFA World Cup 2022 Q,False
2193,2021-03-28,ALB,ENG,0:2,,FIFA World Cup 2022 Q,False
2194,2021-03-28,POL,AND,3:0,,FIFA World Cup 2022 Q,False
2195,2021-03-28,GRE,HON,2:1,,Friendly 2021,False
2196,2021-03-28,ARM,ISL,2:0,,FIFA World Cup 2022 Q,False
2197,2021-03-28,MKD,LIE,5:0,,FIFA World Cup 2022 Q,False
2198,2021-03-28,ROU,GER,0:1,,FIFA World Cup 2022 Q,False
2199,2021-03-28,NIR,USA,1:2,,Friendly 2021,False
2200,2021-03-28,UKR,FIN,1:1,,FIFA World Cup 2022 Q,False
2201,2021-03-28,SMR,HUN,0:3,,FIFA World Cup 2022 Q,False
2202,2021-03-28,KAZ,FRA,0:2,,FIFA World Cup 2022 Q,False
2203,2021-03-28,TAN,LBY,1:0,,CAF Nations Cup 2021 Q,False
2204,2021-03-28,BUL,ITA,0:2,,FIFA World Cup 2022 Q,False
2205,2021-03-28,NAM,GUI,2:1,,CAF Nations Cup 2021 Q,False
2206,2021-03-28,MLI,CHA,3:0,,CAF Nations Cup 2021 Q,False
2207,2021-03-28,GHA,STP,3:1,,CAF Nations Cup 2021 Q,False
2208,2021-03-28,SUI,LTU,1:0,,FIFA World Cup 2022 Q,False
2209,2021-03-28,TUN,EQG,2:1,,CAF Nations Cup 2021 Q,False
2210,2021-03-28,SDN,RSA,2:0,,CAF Nations Cup 2021 Q,False
2211,2021-03-28,CUB,CUW,1:2,,FIFA World Cup 2022 Q,True
2212,2021-03-28,DMA,PAN,1:2,,FIFA World Cup 2022 Q,True
2213,2021-03-28,PUR,TRI,1:1,,FIFA World Cup 2022 Q,False
2214,2021-03-28,GEO,ESP,1:2,,FIFA World Cup 2022 Q,False
2215,2021-03-28,KOS,SWE,0:3,,FIFA World Cup 2022 Q,False
2216,2021-03-28,MSR,SLV,1:1,,FIFA World Cup 2022 Q,True
2217,2021-03-29,UZB,IRQ,0:1,,Friendly 2021,False
2218,2021-03-29,UAE,IND,6:0,,Friendly 2021,False
2219,2021-03-29,KUW,LIB,1:1,,Friendly 2021,True
2220,2021-03-29,ECU,BOL,2:1,,Friendly 2021,False
2221,2021-03-29,CAY,CAN,0:11,,FIFA World Cup 2022 Q,True
2222,2021-03-29,ALG,BOT,5:0,,CAF Nations Cup 2021 Q,False
2223,2021-03-29,ZIM,ZAM,0:2,,CAF Nations Cup 2021 Q,False
2224,2021-03-29,EGY,COM,4:0,,CAF Nations Cup 2021 Q,False
2225,2021-03-29,COD,GAM,1:0,,CAF Nations Cup 2021 Q,False
2226,2021-03-29,ANG,GAB,2:0,,CAF Nations Cup 2021 Q,False
2227,2021-03-29,MWI,UGA,1:0,,CAF Nations Cup 2021 Q,False
2228,2021-03-29,BFA,SSD,1:0,,CAF Nations Cup 2021 Q,False
2229,2021-03-29,TOG,KEN,1:2,,CAF Nations Cup 2021 Q,False
2230,2021-03-30,AZE,SRB,1:2,,FIFA World Cup 2022 Q,False
2231,2021-03-30,LUX,POR,1:3,,FIFA World Cup 2022 Q,False
2232,2021-03-30,BEL,BLR,8:0,,FIFA World Cup 2022 Q,False
2233,2021-03-30,WAL,CZE,1:0,,FIFA World Cup 2022 Q,False
2234,2021-03-30,GIB,NED,0:7,,FIFA World Cup 2022 Q,False
2235,2021-03-30,MNE,NOR,0:1,,FIFA World Cup 2022 Q,False
2236,2021-03-30,SVK,RUS,2:1,,FIFA World Cup 2022 Q,False
2237,2021-03-30,CYP,SVN,1:0,,FIFA World Cup 2022 Q,False
2238,2021-03-30,BHR,JOR,1:2,,Friendly 2021,False
2239,2021-03-30,CRC,MEX,0:1,,Friendly 2021,True
2240,2021-03-30,IRN,SYR,3:0,,Friendly 2021,False
2241,2021-03-30,QAT,IRL,1:1,,Friendly 2021,True
2242,2021-03-30,GUY,BAH,4:0,,FIFA World Cup 2022 Q,True
2243,2021-03-30,CRO,MLT,3:0,,FIFA World Cup 2022 Q,False
2244,2021-03-30,BLZ,TCA,5:0,,FIFA World Cup 2022 Q,True
2245,2021-03-30,TUR,LVA,3:3,,FIFA World Cup 2022 Q,False
2246,2021-03-30,VIN,VGB,3:0,,FIFA World Cup 2022 Q,True
2247,2021-03-30,CTA,MTN,0:1,,CAF Nations Cup 2021 Q,False
2248,2021-03-30,MAR,BDI,1:0,,CAF Nations Cup 2021 Q,False
2249,2021-03-30,CMR,RWA,0:0,,CAF Nations Cup 2021 Q,False
2250,2021-03-30,GNB,CGO,3:0,,CAF Nations Cup 2021 Q,False
2251,2021-03-30,SEN,SWZ,1:1,,CAF Nations Cup 2021 Q,False
2252,2021-03-30,CIV,ETH,3:1,,CAF Nations Cup 2021 Q,False
2253,2021-03-30,MOZ,CPV,0:1,,CAF Nations Cup 2021 Q,False
2254,2021-03-30,MAD,NIG,0:0,,CAF Nations Cup 2021 Q,False
2255,2021-03-30,NGA,LES,3:0,,CAF Nations Cup 2021 Q,False
2256,2021-03-30,KSA,PLE,5:0,,FIFA World Cup 2022 Q,False
2257,2021-03-30,JPN,MNG,14:0,,FIFA World Cup 2022 Q,False
2258,2021-03-30,GRN,VIR,1:0,,FIFA World Cup 2022 Q,False
2259,2021-03-30,BER,ARU,5:0,,FIFA World Cup 2022 Q,False
2260,2021-03-30,BRB,AIA,1:0,,FIFA World Cup 2022 Q,True
2261,2021-03-31,AND,HUN,1:4,,FIFA World Cup 2022 Q,False
2262,2021-03-31,SUI,FIN,3:2,,Friendly 2021,False
2263,2021-03-31,LIE,ISL,1:4,,FIFA World Cup 2022 Q,False
2264,2021-03-31,GER,MKD,1:2,,FIFA World Cup 2022 Q,False
2265,2021-03-31,ARM,ROU,3:2,,FIFA World Cup 2022 Q,False
2266,2021-03-31,SMR,ALB,0:2,,FIFA World Cup 2022 Q,False
2267,2021-03-31,ENG,POL,2:1,,FIFA World Cup 2022 Q,False
2268,2021-03-31,SCO,FRO,4:0,,FIFA World Cup 2022 Q,False
2269,2021-03-31,SWE,EST,1:0,,Friendly 2021,False
2270,2021-03-31,AUT,DEN,0:4,,FIFA World Cup 2022 Q,False
2271,2021-03-31,UKR,KAZ,1:1,,FIFA World Cup 2022 Q,False
2272,2021-03-31,BIH,FRA,0:1,,FIFA World Cup 2022 Q,False
2273,2021-03-31,NIR,BUL,0:0,,FIFA World Cup 2022 Q,False
2274,2021-03-31,LTU,ITA,0:2,,FIFA World Cup 2022 Q,False
2275,2021-03-31,ESP,KOS,3:1,,FIFA World Cup 2022 Q,False
2276,2021-03-31,MDA,ISR,1:4,,FIFA World Cup 2022 Q,False
2277,2021-03-31,GRE,GEO,1:1,,FIFA World Cup 2022 Q,False
2278,2021-05-23,UKR,BHR,1:1,,Friendly 2021,False
2279,2021-05-24,IRQ,TJK,0:0,,Friendly 2021,False
2280,2021-05-24,UAE,JOR,5:1,,Friendly 2021,False
2281,2021-05-27,TUR,AZE,2:1,,Friendly 2021,False
2282,2021-05-28,JPN,MYA,10:0,,FIFA World Cup 2022 Q,False
2283,2021-05-28,BHR,MAS,2:0,,Friendly 2021,False
2284,2021-05-28,ITA,SMR,7:0,,Friendly 2021,False
2285,2021-05-29,TJK,THA,2:2,,Friendly 2021,True
2286,2021-05-29,MEX,ISL,2:1,,Friendly 2021,True
2287,2021-05-29,SWE,FIN,2:0,,Friendly 2021,False
2288,2021-05-29,IDN,OMA,1:3,,Friendly 2021,True
2289,2021-05-29,IRQ,NEP,6:2,,Friendly 2021,False
2290,2021-05-30,CHN,GUM,7:0,,FIFA World Cup 2022 Q,False
2291,2021-05-30,MLT,NIR,0:3,,Friendly 2021,True
2292,2021-05-30,SUI,USA,2:1,,Friendly 2021,False
2293,2021-05-31,JOR,VIE,1:1,,Friendly 2021,True
2294,2021-05-31,TUR,GUI,0:0,,Friendly 2021,False
2295,2021-06-01,SVK,BUL,1:1,,Friendly 2021,True
2296,2021-06-01,POL,RUS,1:1,,Friendly 2021,False
2297,2021-06-01,MKD,SVN,1:1,,Friendly 2021,False
2298,2021-06-01,CRO,ARM,1:1,,Friendly 2021,False
2299,2021-06-01,KOS,SMR,4:1,,Friendly 2021,False
2300,2021-06-02,ENG,AUT,1:0,,Friendly 2021,False
2301,2021-06-02,NOR,LUX,1:0,,Friendly 2021,True
2302,2021-06-02,NED,SCO,2:2,,Friendly 2021,True
2303,2021-06-02,GER,DEN,1:1,,Friendly 2021,True
2304,2021-06-02,FRA,WAL,3:0,,Friendly 2021,False
2305,2021-06-02,ROU,GEO,1:2,,Friendly 2021,False
2306,2021-06-02,BIH,MNE,0:0,,Friendly 2021,False
2307,2021-06-02,PUR,BAH,7:0,,FIFA World Cup 2022 Q,False
2308,2021-06-02,MOZ,LES,5:0,,Friendly 2021,False
2309,2021-06-02,DMA,AIA,3:0,,FIFA World Cup 2022 Q,True
2310,2021-06-02,CUB,VGB,5:0,,FIFA World Cup 2022 Q,True
2311,2021-06-02,CAY,ARU,1:3,,FIFA World Cup 2022 Q,True
2312,2021-06-02,MSR,VIR,4:0,,FIFA World Cup 2022 Q,True
2313,2021-06-02,BLR,AZE,1:2,,Friendly 2021,False
2314,2021-06-03,UKR,NIR,1:0,,Friendly 2021,False
2315,2021-06-03,TUR,MDA,2:0,,Friendly 2021,True
2316,2021-06-03,SUI,LIE,7:0,,Friendly 2021,False
2317,2021-06-03,BEL,GRE,1:1,,Friendly 2021,False
2318,2021-06-03,AND,IRL,1:4,,Friendly 2021,False
2319,2021-06-03,ALG,MTN,4:1,,Friendly 2021,False
2320,2021-06-03,URU,PAR,0:0,,FIFA World Cup 2022 Q,False
2321,2021-06-03,PER,COL,0:3,,FIFA World Cup 2022 Q,False
2322,2021-06-03,BOL,VEN,3:1,,FIFA World Cup 2022 Q,False
2323,2021-06-03,UAE,MAS,4:0,,FIFA World Cup 2022 Q,False
2324,2021-06-03,ARG,CHI,1:1,,FIFA World Cup 2022 Q,False
2325,2021-06-03,USA,HON,1:0,,CONCACAF Nations League 2020,False
2326,2021-06-03,QAT,IND,1:0,,FIFA World Cup 2022 Q,False
2327,2021-06-03,BAN,AFG,1:1,,FIFA World Cup 2022 Q,True
2328,2021-06-03,PLE,SIN,4:0,,FIFA World Cup 2022 Q,True
2329,2021-06-03,IRN,HKG,3:1,,FIFA World Cup 2022 Q,True
2330,2021-06-03,BHR,CAM,8:0,,FIFA World Cup 2022 Q,False
2331,2021-06-03,NEP,TPE,2:0,,FIFA World Cup 2022 Q,True
2332,2021-06-03,KUW,AUS,0:3,,FIFA World Cup 2022 Q,False
2333,2021-06-03,MEX,CRC,0:0,5:4,CONCACAF Nations League 2020,True
2334,2021-06-03,THA,IDN,2:2,,FIFA World Cup 2022 Q,True
2335,2021-06-04,ITA,CZE,4:0,,Friendly 2021,False
2336,2021-06-04,KOS,MLT,2:1,,Friendly 2021,True
2337,2021-06-04,NGA,CMR,0:1,,Friendly 2021,True
2338,2021-06-04,HUN,CYP,1:0,,Friendly 2021,False
2339,2021-06-04,RWA,CTA,2:0,,Friendly 2021,False
2340,2021-06-04,SVN,GIB,6:0,,Friendly 2021,False
2341,2021-06-04,ESP,POR,0:0,,Friendly 2021,False
2342,2021-06-04,MKD,KAZ,4:0,,Friendly 2021,False
2343,2021-06-04,FIN,EST,0:1,,Friendly 2021,False
2344,2021-06-04,MDV,SYR,0:4,,FIFA World Cup 2022 Q,True
2345,2021-06-04,LVA,LTU,3:1,,Friendly 2021,False
2346,2021-06-04,BRA,ECU,2:0,,FIFA World Cup 2022 Q,False
2347,2021-06-04,SKN,GUY,3:0,,FIFA World Cup 2022 Q,False
2348,2021-06-04,NCA,BLZ,3:0,,FIFA World Cup 2022 Q,False
2349,2021-06-04,DOM,BRB,1:1,,FIFA World Cup 2022 Q,False
2350,2021-06-04,GUA,VIN,10:0,,FIFA World Cup 2022 Q,False
2351,2021-06-04,SUR,BER,6:0,,FIFA World Cup 2022 Q,False
2352,2021-06-04,ATG,GRN,1:0,,FIFA World Cup 2022 Q,False
2353,2021-06-04,FRO,ISL,0:1,,Friendly 2021,False
2354,2021-06-05,WAL,ALB,0:0,,Friendly 2021,False
2355,2021-06-05,NIG,GAM,0:2,,Friendly 2021,True
2356,2021-06-05,RUS,BUL,1:0,,Friendly 2021,False
2357,2021-06-05,CIV,BFA,2:1,,Friendly 2021,False
2358,2021-06-05,SWE,ARM,3:1,,Friendly 2021,False
2359,2021-06-05,TOG,GUI,2:0,,Friendly 2021,True
2360,2021-06-05,TUN,COD,1:0,,Friendly 2021,False
2361,2021-06-05,SEN,ZAM,3:1,,Friendly 2021,False
2362,2021-06-05,SWZ,LES,1:0,,Friendly 2021,True
2363,2021-06-05,MNE,ISR,1:3,,Friendly 2021,False
2364,2021-06-05,TCA,HAI,0:10,,FIFA World Cup 2022 Q,False
2365,2021-06-05,PAN,AIA,13:0,,FIFA World Cup 2022 Q,False
2366,2021-06-05,VGB,CUW,0:8,,FIFA World Cup 2022 Q,True
2367,2021-06-05,ARU,CAN,0:7,,FIFA World Cup 2022 Q,True
2368,2021-06-05,VIR,SLV,0:7,,FIFA World Cup 2022 Q,False
2369,2021-06-05,LIB,SRI,3:2,,FIFA World Cup 2022 Q,True
2370,2021-06-05,KOR,TKM,5:0,,FIFA World Cup 2022 Q,False
2371,2021-06-05,KSA,YEM,3:0,,FIFA World Cup 2022 Q,False
2372,2021-06-05,BAH,TRI,0:0,,FIFA World Cup 2022 Q,False
2373,2021-06-06,NOR,GRE,1:2,,Friendly 2021,True
2374,2021-06-06,NED,GEO,3:0,,Friendly 2021,False
2375,2021-06-06,MDA,AZE,1:0,,Friendly 2021,False
2376,2021-06-06,LUX,SCO,0:1,,Friendly 2021,False
2377,2021-06-06,ENG,ROU,1:0,,Friendly 2021,False
2378,2021-06-06,DEN,BIH,2:0,,Friendly 2021,False
2379,2021-06-06,BEL,CRO,1:0,,Friendly 2021,False
2380,2021-06-06,AUT,SVK,0:0,,Friendly 2021,False
2381,2021-06-06,ALG,MLI,1:0,,Friendly 2021,False
2382,2021-06-06,HON,CRC,2:2,5:4,CONCACAF Nations League 2020,True
2383,2021-06-06,USA,MEX,3:2 a.e.t.,,CONCACAF Nations League 2020,False
2384,2021-06-07,UKR,CYP,4:0,,Friendly 2021,False
2385,2021-06-07,SRB,JAM,1:1,,Friendly 2021,True
2386,2021-06-07,RWA,CTA,5:0,,Friendly 2021,False
2387,2021-06-07,GER,LVA,7:1,,Friendly 2021,False
2388,2021-06-07,FRO,LIE,5:1,,Friendly 2021,False
2389,2021-06-07,AND,GIB,0:0,,Friendly 2021,False
2390,2021-06-07,VIE,IDN,4:0,,FIFA World Cup 2022 Q,True
2391,2021-06-07,UAE,THA,3:1,,FIFA World Cup 2022 Q,False
2392,2021-06-07,KGZ,MNG,0:1,,FIFA World Cup 2022 Q,True
2393,2021-06-07,IRQ,CAM,4:1,,FIFA World Cup 2022 Q,True
2394,2021-06-07,QAT,OMA,1:0,,FIFA World Cup 2022 Q,False
2395,2021-06-07,BAN,IND,0:2,,FIFA World Cup 2022 Q,True
2396,2021-06-07,UZB,SIN,5:0,,FIFA World Cup 2022 Q,True
2397,2021-06-07,BHR,IRN,0:3,,FIFA World Cup 2022 Q,False
2398,2021-06-07,NEP,JOR,0:3,,FIFA World Cup 2022 Q,True
2399,2021-06-07,AUS,TPE,5:1,,FIFA World Cup 2022 Q,True
2400,2021-06-07,GUM,SYR,0:3,,FIFA World Cup 2022 Q,True
2401,2021-06-07,CHN,PHI,2:0,,FIFA World Cup 2022 Q,True
2402,2021-06-07,JPN,TJK,4:1,,FIFA World Cup 2022 Q,False
2403,2021-06-08,TOG,GAM,0:1,,Friendly 2021,True
2404,2021-06-08,MOZ,SWZ,1:1,,Friendly 2021,False
2405,2021-06-08,BEN,ZAM,2:2,,Friendly 2021,False
2406,2021-06-08,CZE,ALB,3:1,,Friendly 2021,False
2407,2021-06-08,FRA,BUL,3:0,,Friendly 2021,False
2408,2021-06-08,SEN,CPV,2:0,,Friendly 2021,False
2409,2021-06-08,MAR,GHA,1:0,,Friendly 2021,False
2410,2021-06-08,POL,ISL,2:2,,Friendly 2021,False
2411,2021-06-08,ESP,LTU,4:0,,Friendly 2021,False
2412,2021-06-08,PAR,BRA,0:2,,FIFA World Cup 2022 Q,False
2413,2021-06-08,HUN,IRL,0:0,,Friendly 2021,False
2414,2021-06-08,ECU,PER,1:2,,FIFA World Cup 2022 Q,False
2415,2021-06-08,VEN,URU,0:0,,FIFA World Cup 2022 Q,False
2416,2021-06-08,CHI,BOL,1:1,,FIFA World Cup 2022 Q,False
2417,2021-06-08,SLV,ATG,3:0,,FIFA World Cup 2022 Q,False
2418,2021-06-08,GRN,MSR,1:2,,FIFA World Cup 2022 Q,False
2419,2021-06-08,BER,CAY,1:1,,FIFA World Cup 2022 Q,True
2420,2021-06-08,CAN,SUR,4:0,,FIFA World Cup 2022 Q,True
2421,2021-06-08,CUW,GUA,0:0,,FIFA World Cup 2022 Q,False
2422,2021-06-08,COL,ARG,2:2,,FIFA World Cup 2022 Q,False
2423,2021-06-08,BRB,DMA,1:1,,FIFA World Cup 2022 Q,True
2424,2021-06-08,PAN,DOM,3:0,,FIFA World Cup 2022 Q,False
2425,2021-06-08,HAI,NCA,1:0,,FIFA World Cup 2022 Q,False
2426,2021-06-08,GUY,PUR,0:2,,FIFA World Cup 2022 Q,True
2427,2021-06-08,TRI,SKN,2:0,,FIFA World Cup 2022 Q,True
2428,2021-06-08,VIN,CUB,0:1,,FIFA World Cup 2022 Q,True
2429,2021-06-09,USA,CRC,4:0,,Friendly 2021,False
2430,2021-06-09,POR,ISR,4:0,,Friendly 2021,False
2431,2021-06-09,KOR,SRI,5:0,,FIFA World Cup 2022 Q,False
2432,2021-06-09,TKM,LIB,3:2,,FIFA World Cup 2022 Q,True
2433,2021-06-10,RSA,UGA,3:2,,Friendly 2021,False
2434,2021-06-10,EST,LVA,2:1,,Friendly 2021,False
2435,2021-06-11,UAE,IDN,5:0,,FIFA World Cup 2022 Q,False
2436,2021-06-11,ITA,TUR,3:0,,UEFA EURO 2020,False
2437,2021-06-11,TUN,ALG,0:2,,Friendly 2021,False
2438,2021-06-11,MTN,LBR,1:0,,Friendly 2021,True
2439,2021-06-11,KOS,GAM,1:0,,Friendly 2021,True
2440,2021-06-11,JPN,SRB,1:0,,Friendly 2021,False
2441,2021-06-11,GUI,NIG,2:1,,Friendly 2021,True
2442,2021-06-11,COD,MLI,1:1,,Friendly 2021,True
2443,2021-06-11,MAS,VIE,1:2,,FIFA World Cup 2022 Q,True
2444,2021-06-11,MYA,KGZ,1:8,,FIFA World Cup 2022 Q,True
2445,2021-06-11,YEM,UZB,0:1,,FIFA World Cup 2022 Q,True
2446,2021-06-11,KSA,SIN,3:0,,FIFA World Cup 2022 Q,False
2447,2021-06-11,HKG,IRQ,0:1,,FIFA World Cup 2022 Q,True
2448,2021-06-11,CAM,IRN,0:10,,FIFA World Cup 2022 Q,True
2449,2021-06-11,NEP,AUS,0:3,,FIFA World Cup 2022 Q,True
2450,2021-06-11,KUW,JOR,0:0,,FIFA World Cup 2022 Q,False
2451,2021-06-11,PHI,GUM,3:0,,FIFA World Cup 2022 Q,True
2452,2021-06-11,CHN,MDV,5:0,,FIFA World Cup 2022 Q,True
2453,2021-06-11,AFG,OMA,1:2,,FIFA World Cup 2022 Q,True
2454,2021-06-12,DEN,FIN,0:1,,UEFA EURO 2020,False
2455,2021-06-12,RUS,BEL,0:3,,UEFA EURO 2020,False
2456,2021-06-12,WAL,SUI,1:1,,UEFA EURO 2020,True
2457,2021-06-12,MAR,BFA,1:0,,Friendly 2021,False
2458,2021-06-12,MEX,HON,0:0,,Friendly 2021,True
2459,2021-06-12,SKN,SLV,0:4,,FIFA World Cup 2022 Q,False
2460,2021-06-12,PAN,CUW,2:1,,FIFA World Cup 2022 Q,False
2461,2021-06-12,HAI,CAN,0:1,,FIFA World Cup 2022 Q,False
2462,2021-06-12,GHA,CIV,0:0,,Friendly 2021,False
2463,2021-06-13,BRA,VEN,3:0,,Copa America 2020,False
2464,2021-06-13,COL,ECU,1:0,,Copa America 2020,True
2465,2021-06-13,KOR,LIB,2:1,,FIFA World Cup 2022 Q,False
2466,2021-06-13,SDN,ZAM,0:1,,Friendly 2021,False
2467,2021-06-13,TAN,MWI,2:0,,Friendly 2021,False
2468,2021-06-13,AUT,MKD,3:1,,UEFA EURO 2020,True
2469,2021-06-13,NED,UKR,3:2,,UEFA EURO 2020,False
2470,2021-06-13,ENG,CRO,1:0,,UEFA EURO 2020,False
2471,2021-06-14,ESP,SWE,0:0,,UEFA EURO 2020,False
2472,2021-06-14,SCO,CZE,0:2,,UEFA EURO 2020,False
2473,2021-06-14,POL,SVK,1:2,,UEFA EURO 2020,True
2474,2021-06-14,PAR,BOL,3:1,,Copa America 2020,True
2475,2021-06-14,ARG,CHI,1:1,,Copa America 2020,True
2476,2021-06-14,LBY,LBR,0:1,,Friendly 2021,True
2477,2021-06-15,GER,FRA,0:1,,UEFA EURO 2020,False
2478,2021-06-15,TUN,MLI,1:0,,Friendly 2021,False
2479,2021-06-15,DJI,SOM,1:0,,Friendly 2021,False
2480,2021-06-15,SLV,SKN,2:0,,FIFA World Cup 2022 Q,False
2481,2021-06-15,CUW,PAN,0:0,,FIFA World Cup 2022 Q,False
2482,2021-06-15,CAN,HAI,3:0,,FIFA World Cup 2022 Q,True
2483,2021-06-15,UAE,VIE,3:2,,FIFA World Cup 2022 Q,False
2484,2021-06-15,THA,MAS,0:1,,FIFA World Cup 2022 Q,True
2485,2021-06-15,TJK,MYA,4:0,,FIFA World Cup 2022 Q,True
2486,2021-06-15,JPN,KGZ,5:1,,FIFA World Cup 2022 Q,False
2487,2021-06-15,BAN,OMA,0:3,,FIFA World Cup 2022 Q,True
2488,2021-06-15,HUN,POR,0:3,,UEFA EURO 2020,False
2489,2021-06-15,KSA,UZB,3:0,,FIFA World Cup 2022 Q,False
2490,2021-06-15,PLE,YEM,3:0,,FIFA World Cup 2022 Q,True
2491,2021-06-15,IRN,IRQ,1:0,,FIFA World Cup 2022 Q,True
2492,2021-06-15,BHR,HKG,4:0,,FIFA World Cup 2022 Q,False
2493,2021-06-15,KUW,TPE,2:1,,FIFA World Cup 2022 Q,False
2494,2021-06-15,AUS,JOR,1:0,,FIFA World Cup 2022 Q,True
2495,2021-06-15,PHI,MDV,1:1,,FIFA World Cup 2022 Q,True
2496,2021-06-15,CHN,SYR,3:1,,FIFA World Cup 2022 Q,True
2497,2021-06-15,SLE,BEN,1:0,,CAF Nations Cup 2021 Q,True
2498,2021-06-15,IND,AFG,1:1,,FIFA World Cup 2022 Q,True
2499,2021-06-16,TUR,WAL,0:2,,UEFA EURO 2020,True
2500,2021-06-16,RUS,FIN,1:0,,UEFA EURO 2020,False
2501,2021-06-16,ITA,SUI,3:0,,UEFA EURO 2020,False
2502,2021-06-17,BRA,PER,4:0,,Copa America 2020,False
2503,2021-06-17,COL,VEN,0:0,,Copa America 2020,True
2504,2021-06-17,DEN,BEL,1:2,,UEFA EURO 2020,False
2505,2021-06-17,NED,AUT,2:0,,UEFA EURO 2020,False
2506,2021-06-17,UKR,MKD,2:1,,UEFA EURO 2020,True
2507,2021-06-18,ARG,URU,1:0,,Copa America 2020,True
2508,2021-06-18,CHI,BOL,1:0,,Copa America 2020,True
2509,2021-06-18,CRO,CZE,1:1,,UEFA EURO 2020,True
2510,2021-06-18,ENG,SCO,0:0,,UEFA EURO 2020,False
2511,2021-06-18,SWE,SVK,1:0,,UEFA EURO 2020,True
2512,2021-06-19,HUN,FRA,1:1,,UEFA EURO 2020,False
2513,2021-06-19,GER,POR,4:2,,UEFA EURO 2020,False
2514,2021-06-19,LBY,SDN,0:1,,Arab Cup 2021 Q,True
2515,2021-06-19,ESP,POL,1:1,,UEFA EURO 2020,False
2516,2021-06-20,OMA,SOM,2:1,,Arab Cup 2021 Q,True
2517,2021-06-20,COL,PER,1:2,,Copa America 2020,True
2518,2021-06-20,VEN,ECU,2:2,,Copa America 2020,True
2519,2021-06-20,ITA,WAL,1:0,,UEFA EURO 2020,False
2520,2021-06-20,SUI,TUR,3:1,,UEFA EURO 2020,True
2521,2021-06-21,DEN,RUS,4:1,,UEFA EURO 2020,False
2522,2021-06-21,NED,MKD,3:0,,UEFA EURO 2020,False
2523,2021-06-21,FIN,BEL,0:2,,UEFA EURO 2020,True
2524,2021-06-21,UKR,AUT,0:1,,UEFA EURO 2020,True
2525,2021-06-21,ARG,PAR,1:0,,Copa America 2020,True
2526,2021-06-21,JOR,SSD,3:0,,Arab Cup 2021 Q,True
2527,2021-06-21,URU,CHI,1:1,,Copa America 2020,True
2528,2021-06-22,SCO,CRO,1:3,,UEFA EURO 2020,False
2529,2021-06-22,ENG,CZE,1:0,,UEFA EURO 2020,False
2530,2021-06-22,MTN,YEM,2:0,,Arab Cup 2021 Q,True
2531,2021-06-23,LIB,DJI,1:0,,Arab Cup 2021 Q,True
2532,2021-06-23,BRA,COL,2:1,,Copa America 2020,False
2533,2021-06-23,ECU,PER,2:2,,Copa America 2020,True
2534,2021-06-23,ESP,SVK,5:0,,UEFA EURO 2020,False
2535,2021-06-23,SWE,POL,3:2,,UEFA EURO 2020,True
2536,2021-06-23,GER,HUN,2:2,,UEFA EURO 2020,False
2537,2021-06-23,POR,FRA,2:2,,UEFA EURO 2020,True
2538,2021-06-24,PLE,COM,5:1,,Arab Cup 2021 Q,True
2539,2021-06-24,BOL,URU,0:2,,Copa America 2020,True
2540,2021-06-24,CHI,PAR,0:2,,Copa America 2020,True
2541,2021-06-25,BHR,KUW,2:0,,Arab Cup 2021 Q,True
2542,2021-06-26,WAL,DEN,0:4,,UEFA EURO 2020,True
2543,2021-06-26,ITA,AUT,2:1 a.e.t.,,UEFA EURO 2020,True
2544,2021-06-26,SLV,GUA,0:0,,Friendly 2021,True
2545,2021-06-27,BRA,ECU,1:1,,Copa America 2020,False
2546,2021-06-27,VEN,PER,0:1,,Copa America 2020,True
2547,2021-06-27,BEL,POR,1:0,,UEFA EURO 2020,True
2548,2021-06-27,NED,CZE,0:2,,UEFA EURO 2020,True
2549,2021-06-28,ARG,BOL,4:1,,Copa America 2020,True
2550,2021-06-28,URU,PAR,1:0,,Copa America 2020,True
2551,2021-06-28,CRO,ESP,3:5 a.e.t.,,UEFA EURO 2020,True
2552,2021-06-28,FRA,SUI,3:3 a.e.t.,4:5,UEFA EURO 2020,True
2553,2021-06-29,ENG,GER,2:0,,UEFA EURO 2020,False
2554,2021-06-29,SWE,UKR,1:2 a.e.t.,,UEFA EURO 2020,True
2555,2021-06-30,MEX,PAN,3:0,,Friendly 2021,True
2556,2021-07-02,BEL,ITA,1:2,,UEFA EURO 2020,True
2557,2021-07-02,TRI,MSR,6:1,,CONCACAF Gold Cup 2021 Q,True
2558,2021-07-02,SUI,ESP,1:1 a.e.t.,1:3,UEFA EURO 2020,True
2559,2021-07-02,PER,PAR,3:3,4:3,Copa America 2020,True
2560,2021-07-02,HAI,VIN,6:1,,CONCACAF Gold Cup 2021 Q,True
2561,2021-07-02,BER,BRB,8:1,,CONCACAF Gold Cup 2021 Q,True
2562,2021-07-02,BRA,CHI,1:0,,Copa America 2020,False
2563,2021-07-03,GUA,GUY,4:0,,CONCACAF Gold Cup 2021 Q,True
2564,2021-07-03,ARG,ECU,3:0,,Copa America 2020,True
2565,2021-07-03,URU,COL,0:0,2:4,Copa America 2020,True
2566,2021-07-03,MEX,NGA,4:0,,Friendly 2021,True
2567,2021-07-03,CZE,DEN,1:2,,UEFA EURO 2020,True
2568,2021-07-03,UKR,ENG,0:4,,UEFA EURO 2020,True
2569,2021-07-04,SLV,QAT,0:1,,Friendly 2021,True
2570,2021-07-05,BRA,PER,1:0,,Copa America 2020,False
2571,2021-07-06,COL,ARG,1:1,2:3,Copa America 2020,True
2572,2021-07-06,ITA,ESP,1:1 a.e.t.,4:2,UEFA EURO 2020,True
2573,2021-07-06,RSA,BOT,1:0,,COSAFA Cup 2021,False
2574,2021-07-06,HAI,BER,4:1,,CONCACAF Gold Cup 2021 Q,True
2575,2021-07-06,SWZ,LES,3:1,,COSAFA Cup 2021,True
2576,2021-07-07,MOZ,ZIM,0:0,,COSAFA Cup 2021,True
2577,2021-07-07,SEN,NAM,1:2,,COSAFA Cup 2021,True
2578,2021-07-07,ENG,DEN,2:1 a.e.t.,,UEFA EURO 2020,False
2579,2021-07-08,ZAM,LES,1:2,,COSAFA Cup 2021,True
2580,2021-07-08,RSA,SWZ,1:0,,COSAFA Cup 2021,False
2581,2021-07-09,MWI,ZIM,2:2,,COSAFA Cup 2021,True
2582,2021-07-09,MOZ,SEN,0:1,,COSAFA Cup 2021,True
2583,2021-07-09,PER,COL,2:3,,Copa America 2020,True
2584,2021-07-10,BRA,ARG,0:1,,Copa America 2020,False
2585,2021-07-10,BOT,LES,4:0,,COSAFA Cup 2021,True
2586,2021-07-10,MEX,TRI,0:0,,CONCACAF Gold Cup 2021,True
2587,2021-07-10,SWZ,ZAM,1:0,,COSAFA Cup 2021,True
2588,2021-07-11,ENG,ITA,1:1 a.e.t.,2:3,UEFA EURO 2020,False
2589,2021-07-11,MOZ,MWI,2:0,,COSAFA Cup 2021,True
2590,2021-07-11,NAM,ZIM,2:0,,COSAFA Cup 2021,True
2591,2021-07-11,USA,HAI,1:0,,CONCACAF Gold Cup 2021,False
2592,2021-07-11,SLV,GUA,2:0,,CONCACAF Gold Cup 2021,True
2593,2021-07-12,JAM,SUR,2:0,,CONCACAF Gold Cup 2021,True
2594,2021-07-13,HON,GRN,4:0,,CONCACAF Gold Cup 2021,True
2595,2021-07-13,QAT,PAN,3:3,,CONCACAF Gold Cup 2021,True
2596,2021-07-13,RSA,LES,4:0,,COSAFA Cup 2021,False
2597,2021-07-13,ZAM,BOT,2:1,,COSAFA Cup 2021,True
2598,2021-07-13,MWI,NAM,1:1,,COSAFA Cup 2021,True
2599,2021-07-13,SEN,ZIM,2:1,,COSAFA Cup 2021,True
2600,2021-07-14,SEN,MWI,2:1,,COSAFA Cup 2021,True
2601,2021-07-14,RSA,ZAM,0:0,,COSAFA Cup 2021,False
2602,2021-07-14,MOZ,NAM,1:0,,COSAFA Cup 2021,True
2603,2021-07-14,TRI,SLV,0:2,,CONCACAF Gold Cup 2021,True
2604,2021-07-14,GUA,MEX,0:3,,CONCACAF Gold Cup 2021,True
2605,2021-07-14,SWZ,BOT,1:1,,COSAFA Cup 2021,True
2606,2021-07-15,HAI,CAN,1:4,,CONCACAF Gold Cup 2021,True
2607,2021-07-16,SUR,CRC,1:2,,CONCACAF Gold Cup 2021,True
2608,2021-07-16,SEN,SWZ,2:2,3:0,COSAFA Cup 2021,True
2609,2021-07-16,RSA,MOZ,3:0,,COSAFA Cup 2021,False
2610,2021-07-17,GRN,QAT,0:4,,CONCACAF Gold Cup 2021,True
2611,2021-07-17,PAN,HON,2:3,,CONCACAF Gold Cup 2021,True
2612,2021-07-18,MOZ,SWZ,1:1,2:4,COSAFA Cup 2021,True
2613,2021-07-18,GUA,TRI,1:1,,CONCACAF Gold Cup 2021,True
2614,2021-07-18,MEX,SLV,1:0,,CONCACAF Gold Cup 2021,True
2615,2021-07-18,USA,CAN,1:0,,CONCACAF Gold Cup 2021,False
2616,2021-07-18,RSA,SEN,0:0 a.e.t.,5:4,COSAFA Cup 2021,False
2617,2021-07-20,PAN,GRN,3:1,,CONCACAF Gold Cup 2021,True
2618,2021-07-20,CRC,JAM,1:0,,CONCACAF Gold Cup 2021,True
2619,2021-07-20,HON,QAT,0:2,,CONCACAF Gold Cup 2021,True
2620,2021-07-24,MEX,HON,3:0,,CONCACAF Gold Cup 2021,True
2621,2021-07-24,QAT,SLV,3:2,,CONCACAF Gold Cup 2021,True
2622,2021-07-25,CRC,CAN,0:2,,CONCACAF Gold Cup 2021,True
2623,2021-07-25,USA,JAM,1:0,,CONCACAF Gold Cup 2021,False
2624,2021-07-29,MEX,CAN,2:1,,CONCACAF Gold Cup 2021,True
2625,2021-07-29,USA,QAT,1:0,,CONCACAF Gold Cup 2021,False
2626,2021-08-01,USA,MEX,1:0 a.e.t.,,CONCACAF Gold Cup 2021,False
2627,2021-08-21,SLV,CRC,0:0,,Friendly 2021,True
2628,2021-08-22,SDN,NIG,1:2,,Friendly 2021,True
2629,2021-08-26,ETH,SLE,0:0,,Friendly 2021,False
2630,2021-08-26,SDN,NIG,3:0,,Friendly 2021,True
2631,2021-08-29,ETH,UGA,2:1,,Friendly 2021,False
2632,2021-09-01,NOR,NED,1:1,,FIFA World Cup 2022 Q,False
2633,2021-09-01,TUR,MNE,2:2,,FIFA World Cup 2022 Q,False
2634,2021-09-01,MLT,CYP,3:0,,FIFA World Cup 2022 Q,False
2635,2021-09-01,RUS,CRO,0:0,,FIFA World Cup 2022 Q,False
2636,2021-09-01,SVN,SVK,1:1,,FIFA World Cup 2022 Q,False
2637,2021-09-01,LVA,GIB,3:1,,FIFA World Cup 2022 Q,False
2638,2021-09-01,COM,SEY,7:1,,Friendly 2021,False
2639,2021-09-01,FIN,WAL,0:0,,Friendly 2021,False
2640,2021-09-01,QAT,SRB,0:4,,Friendly 2021,True
2641,2021-09-01,SUI,GRE,2:1,,Friendly 2021,False
2642,2021-09-01,BHR,HAI,6:1,,Friendly 2021,False
2643,2021-09-01,MDA,AUT,0:2,,FIFA World Cup 2022 Q,False
2644,2021-09-01,DEN,SCO,2:0,,FIFA World Cup 2022 Q,False
2645,2021-09-01,EGY,ANG,1:0,,FIFA World Cup 2022 Q,False
2646,2021-09-01,KAZ,UKR,2:2,,FIFA World Cup 2022 Q,False
2647,2021-09-01,FRA,BIH,1:1,,FIFA World Cup 2022 Q,False
2648,2021-09-01,POR,IRL,2:1,,FIFA World Cup 2022 Q,False
2649,2021-09-01,LUX,AZE,2:1,,FIFA World Cup 2022 Q,False
2650,2021-09-01,GNB,GUI,1:1,,FIFA World Cup 2022 Q,True
2651,2021-09-01,SEN,TOG,2:0,,FIFA World Cup 2022 Q,False
2652,2021-09-01,LBY,GAB,2:1,,FIFA World Cup 2022 Q,False
2653,2021-09-01,MLI,RWA,1:0,,FIFA World Cup 2022 Q,True
2654,2021-09-01,CTA,CPV,1:1,,FIFA World Cup 2022 Q,True
2655,2021-09-01,FRO,ISR,0:4,,FIFA World Cup 2022 Q,False
2656,2021-09-02,SWE,ESP,2:1,,FIFA World Cup 2022 Q,False
2657,2021-09-02,GEO,KOS,0:1,,FIFA World Cup 2022 Q,False
2658,2021-09-02,CAN,HON,1:1,,FIFA World Cup 2022 Q,False
2659,2021-09-02,PER,URU,1:1,,FIFA World Cup 2022 Q,False
2660,2021-09-02,ITA,BUL,1:1,,FIFA World Cup 2022 Q,False
2661,2021-09-02,VEN,ARG,1:3,,FIFA World Cup 2022 Q,False
2662,2021-09-02,LTU,NIR,1:4,,FIFA World Cup 2022 Q,False
2663,2021-09-02,ISL,ROU,0:2,,FIFA World Cup 2022 Q,False
2664,2021-09-02,EST,BEL,2:5,,FIFA World Cup 2022 Q,False
2665,2021-09-02,AND,SMR,2:0,,FIFA World Cup 2022 Q,False
2666,2021-09-02,HUN,ENG,0:4,,FIFA World Cup 2022 Q,False
2667,2021-09-02,POL,ALB,4:1,,FIFA World Cup 2022 Q,False
2668,2021-09-02,ECU,PAR,2:0,,FIFA World Cup 2022 Q,False
2669,2021-09-02,LIE,GER,0:2,,FIFA World Cup 2022 Q,True
2670,2021-09-02,MKD,ARM,0:0,,FIFA World Cup 2022 Q,False
2671,2021-09-02,CZE,BLR,1:0,,FIFA World Cup 2022 Q,False
2672,2021-09-02,CHI,BRA,0:1,,FIFA World Cup 2022 Q,False
2673,2021-09-02,MAD,BEN,0:1,,FIFA World Cup 2022 Q,False
2674,2021-09-02,PAN,CRC,0:0,,FIFA World Cup 2022 Q,False
2675,2021-09-02,IRN,SYR,1:0,,FIFA World Cup 2022 Q,False
2676,2021-09-02,KOR,IRQ,0:0,,FIFA World Cup 2022 Q,False
2677,2021-09-02,UAE,LIB,0:0,,FIFA World Cup 2022 Q,False
2678,2021-09-02,AUS,CHN,3:0,,FIFA World Cup 2022 Q,True
2679,2021-09-02,JPN,OMA,0:1,,FIFA World Cup 2022 Q,False
2680,2021-09-02,KSA,VIE,3:1,,FIFA World Cup 2022 Q,False
2681,2021-09-02,ALG,DJI,8:0,,FIFA World Cup 2022 Q,False
2682,2021-09-02,NIG,BFA,0:2,,FIFA World Cup 2022 Q,True
2683,2021-09-02,KEN,UGA,0:0,,FIFA World Cup 2022 Q,False
2684,2021-09-02,NAM,CGO,1:1,,FIFA World Cup 2022 Q,True
2685,2021-09-02,MAR,SDN,2:0,,FIFA World Cup 2022 Q,False
2686,2021-09-02,COD,TAN,1:1,,FIFA World Cup 2022 Q,False
2687,2021-09-02,KGZ,PLE,1:0,,Friendly 2021,False
2688,2021-09-02,SLV,USA,0:0,,FIFA World Cup 2022 Q,False
2689,2021-09-02,MEX,JAM,2:1,,FIFA World Cup 2022 Q,False
2690,2021-09-02,BOL,COL,1:1,,FIFA World Cup 2022 Q,False
2691,2021-09-02,NEP,IND,1-1,,Friendly 2021,False
2692,2021-09-03,MOZ,CIV,0:0,,FIFA World Cup 2022 Q,False
2693,2021-09-03,GHA,ETH,1:0,,FIFA World Cup 2022 Q,False
2694,2021-09-03,CMR,MWI,2:0,,FIFA World Cup 2022 Q,False
2695,2021-09-03,ZIM,RSA,0:0,,FIFA World Cup 2022 Q,False
2696,2021-09-03,TUN,EQG,3:0,,FIFA World Cup 2022 Q,False
2697,2021-09-03,MTN,ZAM,1:2,,FIFA World Cup 2022 Q,False
2698,2021-09-03,NGA,LBR,2:0,,FIFA World Cup 2022 Q,False
2699,2021-09-04,QAT,POR,1:3,,Friendly 2021,True
2700,2021-09-04,BIH,KUW,1:0,,Friendly 2021,False
2701,2021-09-04,JOR,HAI,0:2,,Friendly 2021,True
2702,2021-09-04,SVK,CRO,0:1,,FIFA World Cup 2022 Q,False
2703,2021-09-04,CYP,RUS,0:2,,FIFA World Cup 2022 Q,False
2704,2021-09-04,NED,MNE,4:0,,FIFA World Cup 2022 Q,False
2705,2021-09-04,LVA,NOR,0:2,,FIFA World Cup 2022 Q,False
2706,2021-09-04,SVN,MLT,1:0,,FIFA World Cup 2022 Q,False
2707,2021-09-04,SCO,MDA,1:0,,FIFA World Cup 2022 Q,False
2708,2021-09-04,ISR,AUT,5:2,,FIFA World Cup 2022 Q,False
2709,2021-09-04,FRO,DEN,0:1,,FIFA World Cup 2022 Q,False
2710,2021-09-04,UKR,FRA,1:1,,FIFA World Cup 2022 Q,False
2711,2021-09-04,FIN,KAZ,1:0,,FIFA World Cup 2022 Q,False
2712,2021-09-04,SRB,LUX,4:1,,FIFA World Cup 2022 Q,False
2713,2021-09-04,IRL,AZE,1:1,,FIFA World Cup 2022 Q,False
2714,2021-09-04,GIB,TUR,0:3,,FIFA World Cup 2022 Q,False
2715,2021-09-05,BEL,CZE,3:0,,FIFA World Cup 2022 Q,False
2716,2021-09-05,ALB,HUN,1:0,,FIFA World Cup 2022 Q,False
2717,2021-09-05,ENG,AND,4:0,,FIFA World Cup 2022 Q,False
2718,2021-09-05,SMR,POL,1:7,,FIFA World Cup 2022 Q,False
2719,2021-09-05,GER,ARM,6:0,,FIFA World Cup 2022 Q,False
2720,2021-09-05,NEP,IND,1:2,,Friendly 2021,False
2721,2021-09-05,ROU,LIE,2:0,,FIFA World Cup 2022 Q,False
2722,2021-09-05,EST,NIR,0:1,,Friendly 2021,False
2723,2021-09-05,SWE,UZB,2:1,,Friendly 2021,False
2724,2021-09-05,BLR,WAL,2:3,,FIFA World Cup 2022 Q,True
2725,2021-09-05,ISL,MKD,2:2,,FIFA World Cup 2022 Q,False
2726,2021-09-05,BUL,LTU,1:0,,FIFA World Cup 2022 Q,False
2727,2021-09-05,SUI,ITA,0:0,,FIFA World Cup 2022 Q,False
2728,2021-09-05,KOS,GRE,1:1,,FIFA World Cup 2022 Q,False
2729,2021-09-05,URU,BOL,4:2,,FIFA World Cup 2022 Q,False
2730,2021-09-05,PER,VEN,1:0,,FIFA World Cup 2022 Q,False
2731,2021-09-05,PAR,COL,1:1,,FIFA World Cup 2022 Q,False
2732,2021-09-05,ECU,CHI,0:0,,FIFA World Cup 2022 Q,False
2733,2021-09-05,USA,CAN,1:1,,FIFA World Cup 2022 Q,False
2734,2021-09-05,JAM,PAN,0:3,,FIFA World Cup 2022 Q,False
2735,2021-09-05,SLV,HON,0:0,,FIFA World Cup 2022 Q,False
2736,2021-09-05,CRC,MEX,0:1,,FIFA World Cup 2022 Q,False
2737,2021-09-05,TOG,NAM,0:1,,FIFA World Cup 2022 Q,False
2738,2021-09-05,GAB,EGY,1:1,,FIFA World Cup 2022 Q,False
2739,2021-09-05,RWA,KEN,1:1,,FIFA World Cup 2022 Q,False
2740,2021-09-05,ESP,GEO,4:0,,FIFA World Cup 2022 Q,False
2741,2021-09-06,BEN,COD,1:1,,FIFA World Cup 2022 Q,False
2742,2021-09-06,UGA,MLI,0:0,,FIFA World Cup 2022 Q,False
2743,2021-09-06,RSA,GHA,1:0,,FIFA World Cup 2022 Q,False
2744,2021-09-06,CTA,LBR,0:1,,FIFA World Cup 2022 Q,True
2745,2021-09-06,DJI,NIG,2:4,,FIFA World Cup 2022 Q,True
2746,2021-09-06,CIV,CMR,2:1,,FIFA World Cup 2022 Q,False
2747,2021-09-07,FRA,FIN,2:0,,FIFA World Cup 2022 Q,False
2748,2021-09-07,AUT,SCO,0:1,,FIFA World Cup 2022 Q,False
2749,2021-09-07,DEN,ISR,5:0,,FIFA World Cup 2022 Q,False
2750,2021-09-07,FRO,MDA,2:1,,FIFA World Cup 2022 Q,False
2751,2021-09-07,MNE,LVA,0:0,,FIFA World Cup 2022 Q,False
2752,2021-09-07,NED,TUR,6:1,,FIFA World Cup 2022 Q,False
2753,2021-09-07,NOR,GIB,5:1,,FIFA World Cup 2022 Q,False
2754,2021-09-07,CRO,SVN,3:0,,FIFA World Cup 2022 Q,False
2755,2021-09-07,SVK,CYP,2:0,,FIFA World Cup 2022 Q,False
2756,2021-09-07,LUX,QAT,1:1,,Friendly 2021,False
2757,2021-09-07,BHR,JOR,1:2,,Friendly 2021,False
2758,2021-09-07,COM,BDI,1:0,,Friendly 2021,False
2759,2021-09-07,KGZ,BAN,4:1,,Friendly 2021,False
2760,2021-09-07,BIH,KAZ,2:2,,FIFA World Cup 2022 Q,False
2761,2021-09-07,RUS,MLT,2:0,,FIFA World Cup 2022 Q,False
2762,2021-09-07,IRL,SRB,1:1,,FIFA World Cup 2022 Q,False
2763,2021-09-07,CHN,JPN,0:1,,FIFA World Cup 2022 Q,True
2764,2021-09-07,TAN,MAD,3:2,,FIFA World Cup 2022 Q,False
2765,2021-09-07,AZE,POR,0:3,,FIFA World Cup 2022 Q,False
2766,2021-09-07,IRQ,IRN,0:3,,FIFA World Cup 2022 Q,True
2767,2021-09-07,KOR,LIB,1:0,,FIFA World Cup 2022 Q,False
2768,2021-09-07,OMA,KSA,0:1,,FIFA World Cup 2022 Q,False
2769,2021-09-07,VIE,AUS,0:1,,FIFA World Cup 2022 Q,False
2770,2021-09-07,BFA,ALG,1:1,,FIFA World Cup 2022 Q,True
2771,2021-09-07,EQG,MTN,1:0,,FIFA World Cup 2022 Q,False
2772,2021-09-07,SYR,UAE,1:1,,FIFA World Cup 2022 Q,True
2773,2021-09-07,CPV,NGA,1:2,,FIFA World Cup 2022 Q,False
2774,2021-09-07,MWI,MOZ,1:0,,FIFA World Cup 2022 Q,True
2775,2021-09-07,ANG,LBY,0:1,,FIFA World Cup 2022 Q,False
2776,2021-09-07,ETH,ZIM,1:0,,FIFA World Cup 2022 Q,False
2777,2021-09-07,CGO,SEN,1:3,,FIFA World Cup 2022 Q,False
2778,2021-09-07,SDN,GNB,2:4,,FIFA World Cup 2022 Q,False
2779,2021-09-07,ZAM,TUN,0:2,,FIFA World Cup 2022 Q,False
2780,2021-09-08,HUN,AND,2:1,,FIFA World Cup 2022 Q,False
2781,2021-09-08,GUA,NCA,2:2,,Friendly 2021,False
2782,2021-09-08,CZE,UKR,1:1,,Friendly 2021,False
2783,2021-09-08,BUL,GEO,4:1,,Friendly 2021,False
2784,2021-09-08,MKD,ROU,0:0,,FIFA World Cup 2022 Q,False
2785,2021-09-08,ISL,GER,0:4,,FIFA World Cup 2022 Q,False
2786,2021-09-08,ARM,LIE,1:1,,FIFA World Cup 2022 Q,False
2787,2021-09-08,POL,ENG,1:1,,FIFA World Cup 2022 Q,False
2788,2021-09-08,ALB,SMR,5:0,,FIFA World Cup 2022 Q,False
2789,2021-09-08,GRE,SWE,2:1,,FIFA World Cup 2022 Q,False
2790,2021-09-08,BLR,BEL,0:1,,FIFA World Cup 2022 Q,True
2791,2021-09-08,NIR,SUI,0:0,,FIFA World Cup 2022 Q,False
2792,2021-09-08,ITA,LTU,5:0,,FIFA World Cup 2022 Q,False
2793,2021-09-08,KOS,ESP,0:2,,FIFA World Cup 2022 Q,False
2794,2021-09-08,PAN,MEX,1:1,,FIFA World Cup 2022 Q,False
2795,2021-09-08,HON,USA,1:4,,FIFA World Cup 2022 Q,False
2796,2021-09-08,CRC,JAM,1:1,,FIFA World Cup 2022 Q,False
2797,2021-09-08,CAN,SLV,3:0,,FIFA World Cup 2022 Q,False
2798,2021-09-08,WAL,EST,0:0,,FIFA World Cup 2022 Q,False
2799,2021-09-09,ARG,BOL,3:0,,FIFA World Cup 2022 Q,False
2800,2021-09-09,BRA,PER,2:0,,FIFA World Cup 2022 Q,False
2801,2021-09-09,COL,CHI,3:1,,FIFA World Cup 2022 Q,False
2802,2021-09-09,PAR,VEN,2:1,,FIFA World Cup 2022 Q,False
2803,2021-09-09,URU,ECU,1:0,,FIFA World Cup 2022 Q,False
2804,2021-10-01,MDV,NEP,0:1,,South Asian Championship 2021,False
2805,2021-10-01,SRI,BAN,0:1,,South Asian Championship 2021,True
2806,2021-10-04,SRI,NEP,2:3,,South Asian Championship 2021,True
2807,2021-10-04,BAN,IND,1:1,,South Asian Championship 2021,True
2808,2021-10-06,BHR,CUW,4:0,,Friendly 2021,False
2809,2021-10-06,MAR,GNB,5:0,,FIFA World Cup 2022 Q,False
2810,2021-10-06,SDN,GUI,1:1,,FIFA World Cup 2022 Q,True
2811,2021-10-06,JOR,MAS,4:0,,Friendly 2021,False
2812,2021-10-06,SLE,SSD,1:1,,Friendly 2021,True
2813,2021-10-06,ITA,ESP,1:2,,UEFA Nations League 2021,False
2814,2021-10-07,SLV,PAN,1:0,,FIFA World Cup 2022 Q,False
2815,2021-10-07,HON,CRC,0:0,,FIFA World Cup 2022 Q,False
2816,2021-10-07,MEX,CAN,1:1,,FIFA World Cup 2022 Q,False
2817,2021-10-07,USA,JAM,2:0,,FIFA World Cup 2022 Q,False
2818,2021-10-07,ECU,BOL,3:0,,FIFA World Cup 2022 Q,False
2819,2021-10-07,VEN,BRA,1:3,,FIFA World Cup 2022 Q,False
2820,2021-10-07,PER,CHI,2:0,,FIFA World Cup 2022 Q,False
2821,2021-10-07,URU,COL,0:0,,FIFA World Cup 2022 Q,False
2822,2021-10-07,TAN,BEN,0:1,,FIFA World Cup 2022 Q,False
2823,2021-10-07,MDV,BAN,2:0,,South Asian Championship 2021,False
2824,2021-10-07,BEL,FRA,2:3,,UEFA Nations League 2021,True
2825,2021-10-07,PAR,ARG,0:0,,FIFA World Cup 2022 Q,False
2826,2021-10-07,COD,MAD,2:0,,FIFA World Cup 2022 Q,False
2827,2021-10-07,IND,SRI,0:0,,South Asian Championship 2021,True
2828,2021-10-07,MLI,KEN,5:0,,FIFA World Cup 2022 Q,True
2829,2021-10-07,IDN,TPE,2:1,,AFC Nations Cup 2023 Q,True
2830,2021-10-07,IRQ,LIB,0:0,,FIFA World Cup 2022 Q,True
2831,2021-10-07,KOR,SYR,2:1,,FIFA World Cup 2022 Q,False
2832,2021-10-07,UAE,IRN,0:1,,FIFA World Cup 2022 Q,False
2833,2021-10-07,AUS,OMA,3:1,,FIFA World Cup 2022 Q,True
2834,2021-10-07,RWA,UGA,0:1,,FIFA World Cup 2022 Q,False
2835,2021-10-07,KSA,JPN,1:0,,FIFA World Cup 2022 Q,False
2836,2021-10-07,EQG,ZAM,2:0,,FIFA World Cup 2022 Q,False
2837,2021-10-07,TUN,MTN,3:0,,FIFA World Cup 2022 Q,False
2838,2021-10-07,LBR,CPV,1:2,,FIFA World Cup 2022 Q,True
2839,2021-10-07,NGA,CTA,0:1,,FIFA World Cup 2022 Q,False
2840,2021-10-07,CHN,VIE,3:2,,FIFA World Cup 2022 Q,True
2841,2021-10-08,LVA,NED,0:1,,FIFA World Cup 2022 Q,False
2842,2021-10-08,ISL,ARM,1:1,,FIFA World Cup 2022 Q,False
2843,2021-10-08,GER,ROU,2:1,,FIFA World Cup 2022 Q,False
2844,2021-10-08,RUS,SVK,1:0,,FIFA World Cup 2022 Q,False
2845,2021-10-08,MLT,SVN,0:4,,FIFA World Cup 2022 Q,False
2846,2021-10-08,CYP,CRO,0:3,,FIFA World Cup 2022 Q,False
2847,2021-10-08,TUR,NOR,1:1,,FIFA World Cup 2022 Q,False
2848,2021-10-08,LIE,MKD,0:4,,FIFA World Cup 2022 Q,False
2849,2021-10-08,EST,BLR,2:0,,FIFA World Cup 2022 Q,False
2850,2021-10-08,CZE,WAL,2:2,,FIFA World Cup 2022 Q,False
2851,2021-10-08,EGY,LBY,1:0,,FIFA World Cup 2022 Q,False
2852,2021-10-08,ANG,GAB,3:1,,FIFA World Cup 2022 Q,False
2853,2021-10-08,MWI,CIV,0:3,,FIFA World Cup 2022 Q,True
2854,2021-10-08,CMR,MOZ,3:1,,FIFA World Cup 2022 Q,False
2855,2021-10-08,DJI,BFA,0:4,,FIFA World Cup 2022 Q,True
2856,2021-10-08,ALG,NIG,6:1,,FIFA World Cup 2022 Q,False
2857,2021-10-08,GIB,MNE,0:3,,FIFA World Cup 2022 Q,False
2858,2021-10-09,FRO,AUT,0:2,,FIFA World Cup 2022 Q,False
2859,2021-10-09,MDA,DEN,0:4,,FIFA World Cup 2022 Q,False
2860,2021-10-09,SCO,ISR,3:2,,FIFA World Cup 2022 Q,False
2861,2021-10-09,AND,ENG,0:5,,FIFA World Cup 2022 Q,False
2862,2021-10-09,HUN,ALB,0:1,,FIFA World Cup 2022 Q,False
2863,2021-10-09,SLE,GAM,2:1,,Friendly 2021,True
2864,2021-10-09,CUW,NZL,1:2,,Friendly 2021,True
2865,2021-10-09,UZB,MAS,5:1,,Friendly 2021,True
2866,2021-10-09,POR,QAT,3:0,,Friendly 2021,False
2867,2021-10-09,KAZ,BIH,0:2,,FIFA World Cup 2022 Q,False
2868,2021-10-09,POL,SMR,5:0,,FIFA World Cup 2022 Q,False
2869,2021-10-09,FIN,UKR,1:2,,FIFA World Cup 2022 Q,False
2870,2021-10-09,ETH,RSA,1:3,,FIFA World Cup 2022 Q,False
2871,2021-10-09,LTU,BUL,3:1,,FIFA World Cup 2022 Q,False
2872,2021-10-09,SWE,KOS,3:0,,FIFA World Cup 2022 Q,False
2873,2021-10-09,GEO,GRE,0:2,,FIFA World Cup 2022 Q,False
2874,2021-10-09,LUX,SRB,0:1,,FIFA World Cup 2022 Q,False
2875,2021-10-09,AZE,IRL,0:3,,FIFA World Cup 2022 Q,False
2876,2021-10-09,MAR,GNB,3:0,,FIFA World Cup 2022 Q,False
2877,2021-10-09,GUI,SDN,2:2,,FIFA World Cup 2022 Q,True
2878,2021-10-09,TOG,CGO,1:1,,FIFA World Cup 2022 Q,False
2879,2021-10-09,SEN,NAM,4:1,,FIFA World Cup 2022 Q,False
2880,2021-10-09,GHA,ZIM,3:1,,FIFA World Cup 2022 Q,False
2881,2021-10-09,SUI,NIR,2:0,,FIFA World Cup 2022 Q,False
2882,2021-10-09,GUM,CAM,0:1,,AFC Nations Cup 2023 Q,True
2883,2021-10-10,ARG,URU,3:0,,FIFA World Cup 2022 Q,False
2884,2021-10-10,BOL,PER,1:0,,FIFA World Cup 2022 Q,False
2885,2021-10-10,CHI,PAR,2:0,,FIFA World Cup 2022 Q,False
2886,2021-10-10,COL,BRA,0:0,,FIFA World Cup 2022 Q,False
2887,2021-10-10,ITA,BEL,2:1,,UEFA Nations League 2021,False
2888,2021-10-10,MDV,SRI,1:0,,South Asian Championship 2021,False
2889,2021-10-10,NEP,IND,0:1,,South Asian Championship 2021,True
2890,2021-10-10,ESP,FRA,1:2,,UEFA Nations League 2021,True
2891,2021-10-10,VEN,ECU,2:1,,FIFA World Cup 2022 Q,False
2892,2021-10-10,PAN,USA,1:0,,FIFA World Cup 2022 Q,False
2893,2021-10-10,CRC,SLV,2:1,,FIFA World Cup 2022 Q,False
2894,2021-10-10,JAM,CAN,0:0,,FIFA World Cup 2022 Q,False
2895,2021-10-10,MEX,HON,3:0,,FIFA World Cup 2022 Q,False
2896,2021-10-10,ZAM,EQG,1:1,,FIFA World Cup 2022 Q,False
2897,2021-10-10,CPV,LBR,1:0,,FIFA World Cup 2022 Q,False
2898,2021-10-10,CTA,NGA,0:2,,FIFA World Cup 2022 Q,True
2899,2021-10-10,MTN,TUN,0:0,,FIFA World Cup 2022 Q,False
2900,2021-10-10,UGA,RWA,1:0,,FIFA World Cup 2022 Q,False
2901,2021-10-10,BEN,TAN,0:1,,FIFA World Cup 2022 Q,False
2902,2021-10-10,MAD,COD,1:0,,FIFA World Cup 2022 Q,False
2903,2021-10-10,KEN,MLI,0:1,,FIFA World Cup 2022 Q,False
2904,2021-10-11,NED,GIB,6:0,,FIFA World Cup 2022 Q,False
2905,2021-10-11,MKD,GER,0:4,,FIFA World Cup 2022 Q,False
2906,2021-10-11,ISL,LIE,4:0,,FIFA World Cup 2022 Q,False
2907,2021-10-11,SVN,RUS,1:2,,FIFA World Cup 2022 Q,False
2908,2021-10-11,CYP,MLT,2:2,,FIFA World Cup 2022 Q,False
2909,2021-10-11,ROU,ARM,1:0,,FIFA World Cup 2022 Q,False
2910,2021-10-11,NOR,MNE,2:0,,FIFA World Cup 2022 Q,False
2911,2021-10-11,LVA,TUR,1:2,,FIFA World Cup 2022 Q,False
2912,2021-10-11,CRO,SVK,2:2,,FIFA World Cup 2022 Q,False
2913,2021-10-11,BLR,CZE,0:2,,FIFA World Cup 2022 Q,True
2914,2021-10-11,TPE,IDN,0:3,,AFC Nations Cup 2023 Q,True
2915,2021-10-11,BFA,DJI,2:0,,FIFA World Cup 2022 Q,True
2916,2021-10-11,CIV,MWI,2:1,,FIFA World Cup 2022 Q,True
2917,2021-10-11,EST,WAL,0:1,,FIFA World Cup 2022 Q,False
2918,2021-10-11,GAB,ANG,2:0,,FIFA World Cup 2022 Q,False
2919,2021-10-11,LBY,EGY,0:3,,FIFA World Cup 2022 Q,False
2920,2021-10-11,MOZ,CMR,0:1,,FIFA World Cup 2022 Q,True
2921,2021-10-12,BUL,NIR,2:1,,FIFA World Cup 2022 Q,False
2922,2021-10-12,LTU,SUI,0:4,,FIFA World Cup 2022 Q,False
2923,2021-10-12,UKR,BIH,1:1,,FIFA World Cup 2022 Q,False
2924,2021-10-12,FRO,SCO,0:1,,FIFA World Cup 2022 Q,False
2925,2021-10-12,ISR,MDA,2:1,,FIFA World Cup 2022 Q,False
2926,2021-10-12,ALB,POL,0:1,,FIFA World Cup 2022 Q,False
2927,2021-10-12,ENG,HUN,1:1,,FIFA World Cup 2022 Q,False
2928,2021-10-12,SMR,AND,0:3,,FIFA World Cup 2022 Q,False
2929,2021-10-12,BHR,NZL,0:1,,Friendly 2021,False
2930,2021-10-12,JOR,UZB,3:0,,Friendly 2021,False
2931,2021-10-12,GAM,SSD,2:1,,Friendly 2021,True
2932,2021-10-12,IRL,QAT,4:0,,Friendly 2021,False
2933,2021-10-12,SWE,GRE,2:0,,FIFA World Cup 2022 Q,False
2934,2021-10-12,KOS,GEO,1:2,,FIFA World Cup 2022 Q,False
2935,2021-10-12,DEN,AUT,1:0,,FIFA World Cup 2022 Q,False
2936,2021-10-12,POR,LUX,5:0,,FIFA World Cup 2022 Q,False
2937,2021-10-12,SRB,AZE,3:1,,FIFA World Cup 2022 Q,False
2938,2021-10-12,CAM,GUM,2:1,,AFC Nations Cup 2023 Q,True
2939,2021-10-12,IRN,KOR,1:1,,FIFA World Cup 2022 Q,False
2940,2021-10-12,SYR,LIB,2:3,,FIFA World Cup 2022 Q,True
2941,2021-10-12,UAE,IRQ,2:2,,FIFA World Cup 2022 Q,False
2942,2021-10-12,JPN,AUS,2:1,,FIFA World Cup 2022 Q,False
2943,2021-10-12,OMA,VIE,3:1,,FIFA World Cup 2022 Q,False
2944,2021-10-12,KAZ,FIN,0:2,,FIFA World Cup 2022 Q,False
2945,2021-10-12,NIG,ALG,0:4,,FIFA World Cup 2022 Q,False
2946,2021-10-12,RSA,ETH,1:0,,FIFA World Cup 2022 Q,False
2947,2021-10-12,ZIM,GHA,0:1,,FIFA World Cup 2022 Q,False
2948,2021-10-12,CGO,TOG,1:2,,FIFA World Cup 2022 Q,False
2949,2021-10-12,NAM,SEN,1:3,,FIFA World Cup 2022 Q,True
2950,2021-10-12,MAR,GUI,4:1,,FIFA World Cup 2022 Q,False
2951,2021-10-12,KSA,CHN,3:2,,FIFA World Cup 2022 Q,False
2952,2021-10-13,MDV,IND,1:3,,South Asian Championship 2021,False
2953,2021-10-13,USA,CRC,2:1,,FIFA World Cup 2022 Q,False
2954,2021-10-13,BAN,NEP,1:1,,South Asian Championship 2021,True
2955,2021-10-13,SLV,MEX,0:2,,FIFA World Cup 2022 Q,False
2956,2021-10-13,CAN,PAN,4:1,,FIFA World Cup 2022 Q,False
2957,2021-10-13,HON,JAM,0:2,,FIFA World Cup 2022 Q,False
2958,2021-10-14,ARG,PER,1:0,,FIFA World Cup 2022 Q,False
2959,2021-10-14,BOL,PAR,4:0,,FIFA World Cup 2022 Q,False
2960,2021-10-14,BRA,URU,4:1,,FIFA World Cup 2022 Q,False
2961,2021-10-14,CHI,VEN,3:0,,FIFA World Cup 2022 Q,False
2962,2021-10-14,COL,ECU,0:0,,FIFA World Cup 2022 Q,False
2963,2021-10-16,IND,NEP,3:0,,South Asian Championship 2021,True
2964,2021-10-27,MEX,ECU,0:3,,Friendly 2021,True
2965,2021-11-05,BOL,SLV,1:0,,Friendly 2021,True
2966,2021-11-09,SRI,MDV,4:4,,Friendly 2021,False
2967,2021-11-10,NCA,CUB,0:3,,Friendly 2021,False
2968,2021-11-10,KOS,JOR,0:2,,Friendly 2021,False
2969,2021-11-10,BAN,SEY,1:1,,Friendly 2021,True
2970,2021-11-11,GER,LIE,9:0,,FIFA World Cup 2022 Q,False
2971,2021-11-11,UKR,BUL,1:1,,Friendly 2021,False
2972,2021-11-11,SRB,QAT,4:0,,Friendly 2021,False
2973,2021-11-11,KGZ,SIN,2:1,,Friendly 2021,True
2974,2021-11-11,CZE,KUW,7:0,,Friendly 2021,False
2975,2021-11-11,ROU,ISL,0:0,,FIFA World Cup 2022 Q,False
2976,2021-11-11,ARM,MKD,0:5,,FIFA World Cup 2022 Q,False
2977,2021-11-11,RUS,CYP,6:0,,FIFA World Cup 2022 Q,False
2978,2021-11-11,MLT,CRO,1:7,,FIFA World Cup 2022 Q,False
2979,2021-11-11,GRE,ESP,0:1,,FIFA World Cup 2022 Q,False
2980,2021-11-11,GEO,SWE,2:0,,FIFA World Cup 2022 Q,False
2981,2021-11-11,IRL,POR,0:0,,FIFA World Cup 2022 Q,False
2982,2021-11-11,AZE,LUX,1:3,,FIFA World Cup 2022 Q,False
2983,2021-11-11,PER,BOL,3:0,,FIFA World Cup 2022 Q,False
2984,2021-11-11,PAR,CHI,0:1,,FIFA World Cup 2022 Q,False
2985,2021-11-11,SVK,SVN,2:2,,FIFA World Cup 2022 Q,False
2986,2021-11-11,BRA,COL,1:0,,FIFA World Cup 2022 Q,False
2987,2021-11-11,ECU,VEN,1:0,,FIFA World Cup 2022 Q,False
2988,2021-11-11,IRQ,SYR,1:1,,FIFA World Cup 2022 Q,True
2989,2021-11-11,KOR,UAE,1:0,,FIFA World Cup 2022 Q,False
2990,2021-11-11,LIB,IRN,1:2,,FIFA World Cup 2022 Q,False
2991,2021-11-11,AUS,KSA,0:0,,FIFA World Cup 2022 Q,False
2992,2021-11-11,VIE,JPN,0:1,,FIFA World Cup 2022 Q,False
2993,2021-11-11,RWA,MLI,0:3,,FIFA World Cup 2022 Q,False
2994,2021-11-11,CHN,OMA,1:1,,FIFA World Cup 2022 Q,True
2995,2021-11-11,UGA,KEN,1:1,,FIFA World Cup 2022 Q,False
2996,2021-11-11,ETH,GHA,1:1,,FIFA World Cup 2022 Q,True
2997,2021-11-11,RSA,ZIM,1:0,,FIFA World Cup 2022 Q,False
2998,2021-11-11,CGO,NAM,1:1,,FIFA World Cup 2022 Q,False
2999,2021-11-11,TOG,SEN,1:1,,FIFA World Cup 2022 Q,False
3000,2021-11-11,BEN,MAD,2:0,,FIFA World Cup 2022 Q,False
3001,2021-11-11,TAN,COD,0:3,,FIFA World Cup 2022 Q,False
3002,2021-11-12,URU,ARG,0:1,,FIFA World Cup 2022 Q,False
3003,2021-11-12,MDA,SCO,0:2,,FIFA World Cup 2022 Q,False
3004,2021-11-12,DEN,FRO,3:1,,FIFA World Cup 2022 Q,False
3005,2021-11-12,AUT,ISR,4:2,,FIFA World Cup 2022 Q,False
3006,2021-11-12,NIR,LTU,1:0,,FIFA World Cup 2022 Q,False
3007,2021-11-12,ITA,SUI,1:1,,FIFA World Cup 2022 Q,False
3008,2021-11-12,AND,POL,1:4,,FIFA World Cup 2022 Q,False
3009,2021-11-12,USA,MEX,2:0,,FIFA World Cup 2022 Q,False
3010,2021-11-12,DJI,ALG,0:4,,FIFA World Cup 2022 Q,True
3011,2021-11-12,SLV,JAM,1:1,,FIFA World Cup 2022 Q,False
3012,2021-11-12,CAN,CRC,1:0,,FIFA World Cup 2022 Q,False
3013,2021-11-12,MAR,SDN,3:0,,FIFA World Cup 2022 Q,False
3014,2021-11-12,GUI,GNB,0:0,,FIFA World Cup 2022 Q,False
3015,2021-11-12,GAB,LBY,1:0,,FIFA World Cup 2022 Q,False
3016,2021-11-12,ANG,EGY,2:2,,FIFA World Cup 2022 Q,False
3017,2021-11-12,BFA,NIG,1:1,,FIFA World Cup 2022 Q,True
3018,2021-11-12,ENG,ALB,5:0,,FIFA World Cup 2022 Q,False
3019,2021-11-12,HON,PAN,2:3,,FIFA World Cup 2022 Q,False
3020,2021-11-12,HUN,SMR,4:0,,FIFA World Cup 2022 Q,False
3021,2021-11-13,TUR,GIB,6:0,,FIFA World Cup 2022 Q,False
3022,2021-11-13,BAN,MDV,2:1,,Friendly 2021,True
3023,2021-11-13,SRI,SEY,0:1,,Friendly 2021,False
3024,2021-11-13,CPV,CTA,2:1,,FIFA World Cup 2022 Q,False
3025,2021-11-13,COM,SLE,2:0,,Friendly 2021,True
3026,2021-11-13,NCA,CUB,2:0,,Friendly 2021,False
3027,2021-11-13,NOR,LVA,0:0,,FIFA World Cup 2022 Q,False
3028,2021-11-13,BDI,MYA,2:1,,Friendly 2021,True
3029,2021-11-13,MNE,NED,2:2,,FIFA World Cup 2022 Q,False
3030,2021-11-13,EQG,TUN,1:0,,FIFA World Cup 2022 Q,False
3031,2021-11-13,BEL,EST,3:1,,FIFA World Cup 2022 Q,False
3032,2021-11-13,FRA,KAZ,8:0,,FIFA World Cup 2022 Q,False
3033,2021-11-13,BIH,FIN,1:3,,FIFA World Cup 2022 Q,False
3034,2021-11-13,MWI,CMR,0:4,,FIFA World Cup 2022 Q,True
3035,2021-11-13,CIV,MOZ,3:0,,FIFA World Cup 2022 Q,True
3036,2021-11-13,LBR,NGA,0:2,,FIFA World Cup 2022 Q,True
3037,2021-11-13,ZAM,MTN,4:0,,FIFA World Cup 2022 Q,False
3038,2021-11-13,WAL,BLR,5:1,,FIFA World Cup 2022 Q,False
3039,2021-11-14,AZE,QAT,2:2,,Friendly 2021,False
3040,2021-11-14,MKD,ISL,3:1,,FIFA World Cup 2022 Q,False
3041,2021-11-14,LIE,ROU,0:2,,FIFA World Cup 2022 Q,False
3042,2021-11-14,ARM,GER,1:4,,FIFA World Cup 2022 Q,False
3043,2021-11-14,SVN,CYP,2:1,,FIFA World Cup 2022 Q,False
3044,2021-11-14,MLT,SVK,0:6,,FIFA World Cup 2022 Q,False
3045,2021-11-14,CRO,RUS,1:0,,FIFA World Cup 2022 Q,False
3046,2021-11-14,ESP,SWE,1:0,,FIFA World Cup 2022 Q,False
3047,2021-11-14,POR,SRB,1:2,,FIFA World Cup 2022 Q,False
3048,2021-11-14,LUX,IRL,0:3,,FIFA World Cup 2022 Q,False
3049,2021-11-14,MAD,TAN,1:1,,FIFA World Cup 2022 Q,False
3050,2021-11-14,COD,BEN,2:0,,FIFA World Cup 2022 Q,False
3051,2021-11-14,SEN,CGO,2:0,,FIFA World Cup 2022 Q,False
3052,2021-11-14,ZIM,ETH,1:1,,FIFA World Cup 2022 Q,False
3053,2021-11-14,GHA,RSA,1:0,,FIFA World Cup 2022 Q,False
3054,2021-11-14,MLI,UGA,1:0,,FIFA World Cup 2022 Q,True
3055,2021-11-14,GRE,KOS,1:1,,FIFA World Cup 2022 Q,False
3056,2021-11-15,SCO,DEN,2:0,,FIFA World Cup 2022 Q,False
3057,2021-11-15,LTU,KUW,1:1,,Friendly 2021,False
3058,2021-11-15,GEO,UZB,1:0,,Friendly 2021,False
3059,2021-11-15,SMR,ENG,0:10,,FIFA World Cup 2022 Q,False
3060,2021-11-15,POL,HUN,1:2,,FIFA World Cup 2022 Q,False
3061,2021-11-15,ALB,AND,1:0,,FIFA World Cup 2022 Q,False
3062,2021-11-15,ISR,FRO,3:2,,FIFA World Cup 2022 Q,False
3063,2021-11-15,GNB,SDN,0:0,,FIFA World Cup 2022 Q,True
3064,2021-11-15,SUI,BUL,4:0,,FIFA World Cup 2022 Q,False
3065,2021-11-15,NIR,ITA,0:0,,FIFA World Cup 2022 Q,False
3066,2021-11-15,NAM,TOG,0:1,,FIFA World Cup 2022 Q,True
3067,2021-11-15,KEN,RWA,2:1,,FIFA World Cup 2022 Q,False
3068,2021-11-15,NIG,DJI,7:2,,FIFA World Cup 2022 Q,False
3069,2021-11-15,AUT,MDA,4:1,,FIFA World Cup 2022 Q,False
3070,2021-11-16,COL,PAR,0:0,,FIFA World Cup 2022 Q,False
3071,2021-11-16,VEN,PER,1:2,,FIFA World Cup 2022 Q,False
3072,2021-11-16,CAN,MEX,2:1,,FIFA World Cup 2022 Q,False
3073,2021-11-16,CRC,HON,2:1,,FIFA World Cup 2022 Q,False
3074,2021-11-16,JAM,USA,1:1,,FIFA World Cup 2022 Q,False
3075,2021-11-16,PAN,SLV,2:1,,FIFA World Cup 2022 Q,False
3076,2021-11-16,MTN,EQG,1:1,,FIFA World Cup 2022 Q,False
3077,2021-11-16,TUN,ZAM,3:1,,FIFA World Cup 2022 Q,False
3078,2021-11-16,BIH,UKR,0:2,,FIFA World Cup 2022 Q,False
3079,2021-11-16,MAR,GUI,3:0,,FIFA World Cup 2022 Q,False
3080,2021-11-16,FIN,FRA,0:2,,FIFA World Cup 2022 Q,False
3081,2021-11-16,CZE,EST,2:0,,FIFA World Cup 2022 Q,False
3082,2021-11-16,WAL,BEL,1:1,,FIFA World Cup 2022 Q,False
3083,2021-11-16,GIB,LVA,1:3,,FIFA World Cup 2022 Q,False
3084,2021-11-16,MNE,TUR,1:2,,FIFA World Cup 2022 Q,False
3085,2021-11-16,NED,NOR,2:0,,FIFA World Cup 2022 Q,False
3086,2021-11-16,CHI,ECU,0:2,,FIFA World Cup 2022 Q,False
3087,2021-11-16,CMR,CIV,1:0,,FIFA World Cup 2022 Q,False
3088,2021-11-16,BOL,URU,3:0,,FIFA World Cup 2022 Q,False
3089,2021-11-16,OMA,JPN,0:1,,FIFA World Cup 2022 Q,False
3090,2021-11-16,NZL,GAM,2:0,,Friendly 2021,True
3091,2021-11-16,EGY,GAB,2:1,,FIFA World Cup 2022 Q,False
3092,2021-11-16,LBY,ANG,1:1,,FIFA World Cup 2022 Q,False
3093,2021-11-16,LIB,UAE,0:1,,FIFA World Cup 2022 Q,False
3094,2021-11-16,VIE,KSA,0:1,,FIFA World Cup 2022 Q,False
3095,2021-11-16,ALG,BFA,2:2,,FIFA World Cup 2022 Q,False
3096,2021-11-16,LBR,CTA,3:1,,FIFA World Cup 2022 Q,True
3097,2021-11-16,NGA,CPV,1:1,,FIFA World Cup 2022 Q,False
3098,2021-11-16,IRQ,KOR,0:3,,FIFA World Cup 2022 Q,True
3099,2021-11-16,SYR,IRN,0:3,,FIFA World Cup 2022 Q,True
3100,2021-11-16,CHN,AUS,1:1,,FIFA World Cup 2022 Q,True
3101,2021-11-16,ARG,BRA,0:0,,FIFA World Cup 2022 Q,False
3102,2021-11-16,SEY,MDV,0:0,,Friendly 2021,True
3103,2021-11-16,SRI,BAN,2:1,,Friendly 2021,False
3104,2021-11-16,AFG,IDN,1:0,,Friendly 2021,True
3105,2021-11-16,BHR,KGZ,4:2,,Friendly 2021,False
3106,2021-11-16,BLR,JOR,1:0,,Friendly 2021,False
3107,2021-11-16,KAZ,TJK,1:0,,Friendly 2021,False
3108,2021-11-16,MOZ,MWI,1:0,,FIFA World Cup 2022 Q,True
3109,2021-11-19,SRI,SEY,3:3,1:3,Friendly 2021,False
3110,2021-11-25,IDN,MYA,4:1,,Friendly 2021,True
3111,2021-11-30,IRQ,OMA,1:1,,Arab Cup 2021,True
3112,2021-11-30,QAT,BHR,1:0,,Arab Cup 2021,False
3113,2021-11-30,TUN,MTN,5:1,,Arab Cup 2021,True
3114,2021-11-30,UAE,SYR,2:1,,Arab Cup 2021,True
3115,2021-12-01,MAR,PLE,4:0,,Arab Cup 2021,True
3116,2021-12-01,KSA,JOR,0:1,,Arab Cup 2021,True
3117,2021-12-01,ALG,SDN,4:0,,Arab Cup 2021,True
3118,2021-12-01,EGY,LIB,1:0,,Arab Cup 2021,True
3119,2021-12-03,SYR,TUN,2:0,,Arab Cup 2021,True
3120,2021-12-03,MTN,UAE,0:1,,Arab Cup 2021,True
3121,2021-12-03,BHR,IRQ,0:0,,Arab Cup 2021,True
3122,2021-12-03,QAT,OMA,2:1,,Arab Cup 2021,False
3123,2021-12-04,JOR,MAR,0:4,,Arab Cup 2021,True
3124,2021-12-04,PLE,KSA,1:1,,Arab Cup 2021,True
3125,2021-12-04,LIB,ALG,0:2,,Arab Cup 2021,True
3126,2021-12-04,SDN,EGY,0:5,,Arab Cup 2021,True
3127,2021-12-04,ECU,SLV,1:1,,Friendly 2021,True
3128,2021-12-05,SIN,MYA,3:0,,South East Asian Championship 2021,False
3129,2021-12-05,THA,TLS,2:0,,South East Asian Championship 2021,True
3130,2021-12-06,VIE,LAO,2:0,,South East Asian Championship 2021,True
3131,2021-12-06,TUN,UAE,1:0,,Arab Cup 2021,True
3132,2021-12-06,CAM,MAS,1:3,,South East Asian Championship 2021,True
3133,2021-12-06,QAT,IRQ,3:0,,Arab Cup 2021,False
3134,2021-12-06,OMA,BHR,3:0,,Arab Cup 2021,True
3135,2021-12-06,SYR,MTN,1:2,,Arab Cup 2021,True
3136,2021-12-07,JOR,PLE,5:1,,Arab Cup 2021,True
3137,2021-12-07,MAR,KSA,1:0,,Arab Cup 2021,True
3138,2021-12-07,ALG,EGY,1:1,,Arab Cup 2021,True
3139,2021-12-07,LIB,SDN,1:0,,Arab Cup 2021,True
3140,2021-12-08,MEX,CHI,2:2,,Friendly 2021,True
3141,2021-12-08,MYA,TLS,2:0,,South East Asian Championship 2021,True
3142,2021-12-08,SIN,PHI,2:1,,South East Asian Championship 2021,False
3143,2021-12-09,IDN,CAM,4:2,,South East Asian Championship 2021,True
3144,2021-12-09,MAS,LAO,4:0,,South East Asian Championship 2021,True
3145,2021-12-10,TUN,OMA,2:1,,Arab Cup 2021,True
3146,2021-12-10,QAT,UAE,5:0,,Arab Cup 2021,False
3147,2021-12-11,EGY,JOR,3:1 a.e.t.,,Arab Cup 2021,True
3148,2021-12-11,MAR,ALG,2:2 a.e.t.,3:5,Arab Cup 2021,True
3149,2021-12-11,CHI,SLV,1:0,,Friendly 2021,True
3150,2021-12-11,PHI,TLS,7:0,,South East Asian Championship 2021,True
3151,2021-12-11,THA,MYA,4:0,,South East Asian Championship 2021,True
3152,2021-12-12,IDN,LAO,5:1,,South East Asian Championship 2021,True
3153,2021-12-12,VIE,MAS,3:0,,South East Asian Championship 2021,True
3154,2021-12-14,THA,PHI,2:1,,South East Asian Championship 2021,True
3155,2021-12-14,SIN,TLS,2:0,,South East Asian Championship 2021,False
3156,2021-12-15,VIE,IDN,0:0,,South East Asian Championship 2021,True
3157,2021-12-15,CAM,LAO,3:0,,South East Asian Championship 2021,True
3158,2021-12-15,QAT,ALG,1:2,,Arab Cup 2021,False
3159,2021-12-15,TUN,EGY,1:0,,Arab Cup 2021,True
3160,2021-12-18,PHI,MYA,3:2,,South East Asian Championship 2021,True
3161,2021-12-18,THA,SIN,2:0,,South East Asian Championship 2021,True
3162,2021-12-18,TUN,ALG,0:2 a.e.t.,,Arab Cup 2021,True
3163,2021-12-18,QAT,EGY,0:0 a.e.t.,5:4,Arab Cup 2021,False
3164,2021-12-18,USA,BIH,1:0,,Friendly 2021,False
3165,2021-12-19,MAS,IDN,1:4,,South East Asian Championship 2021,True
3166,2021-12-19,VIE,CAM,4:0,,South East Asian Championship 2021,True
3167,2021-12-22,SIN,IDN,1:1,,South East Asian Championship 2021,False
3168,2021-12-23,VIE,THA,0:2,,South East Asian Championship 2021,True
3169,2021-12-25,SIN,IDN,2:4 a.e.t.,,South East Asian Championship 2021,False
3170,2021-12-26,THA,VIE,0:0,,South East Asian Championship 2021,True
3171,2021-12-29,IDN,THA,0:4,,South East Asian Championship 2021,True
3172,2021-12-30,BFA,MTN,0:0,,Friendly 2021,True
3173,2022-01-01,THA,IDN,2:2,,South East Asian Championship 2021,True
3174,2022-01-03,RWA,GUI,3:0,,Friendly 2022,False
3175,2022-01-04,GAB,MTN,1:1,,Friendly 2022,True
3176,2022-01-05,ALG,GHA,3:0,,Friendly 2022,True
3177,2022-01-06,RWA,GUI,0:2,,Friendly 2022,False
3178,2022-01-09,CMR,BFA,2:1,,CAF Nations Cup 2021,False
3179,2022-01-09,ETH,CPV,0:1,,CAF Nations Cup 2021,True
3180,2022-01-10,GUI,MWI,1:0,,CAF Nations Cup 2021,True
3181,2022-01-10,SEN,ZIM,1:0,,CAF Nations Cup 2021,True
3182,2022-01-10,COM,GAB,0:1,,CAF Nations Cup 2021,True
3183,2022-01-10,MAR,GHA,1:0,,CAF Nations Cup 2021,True
3184,2022-01-11,ALG,SLE,0:0,,CAF Nations Cup 2021,True
3185,2022-01-11,SDN,GNB,0:0,,CAF Nations Cup 2021,True
3186,2022-01-11,NGA,EGY,1:0,,CAF Nations Cup 2021,True
3187,2022-01-12,EQG,CIV,0:1,,CAF Nations Cup 2021,True
3188,2022-01-12,MTN,GAM,0:1,,CAF Nations Cup 2021,True
3189,2022-01-12,TUN,MLI,0:1,,CAF Nations Cup 2021,True
3190,2022-01-12,ISL,UGA,1:1,,Friendly 2022,True
3191,2022-01-13,CMR,ETH,4:1,,CAF Nations Cup 2021,False
3192,2022-01-13,CPV,BFA,0:1,,CAF Nations Cup 2021,True
3193,2022-01-14,MWI,ZIM,2:1,,CAF Nations Cup 2021,True
3194,2022-01-14,SEN,GUI,0:0,,CAF Nations Cup 2021,True
3195,2022-01-14,GAB,GHA,1:1,,CAF Nations Cup 2021,True
3196,2022-01-14,MAR,COM,2:0,,CAF Nations Cup 2021,True
3197,2022-01-15,KOR,ISL,5:1,,Friendly 2022,True
3198,2022-01-15,GNB,EGY,0:1,,CAF Nations Cup 2021,True
3199,2022-01-15,NGA,SDN,3:1,,CAF Nations Cup 2021,True
3200,2022-01-16,ALG,EQG,0:1,,CAF Nations Cup 2021,True
3201,2022-01-16,CIV,SLE,2:2,,CAF Nations Cup 2021,True
3202,2022-01-16,GAM,MLI,1:1,,CAF Nations Cup 2021,True
3203,2022-01-16,TUN,MTN,4:0,,CAF Nations Cup 2021,True
3204,2022-01-16,COL,HON,2:1,,Friendly 2022,True
3205,2022-01-16,PER,PAN,1:1,,Friendly 2022,False
3206,2022-01-17,BFA,ETH,1:1,,CAF Nations Cup 2021,True
3207,2022-01-17,CMR,CPV,1:1,,CAF Nations Cup 2021,False
3208,2022-01-18,UGA,MDA,3:2,,Friendly 2022,True
3209,2022-01-18,GHA,COM,2:3,,CAF Nations Cup 2021,True
3210,2022-01-18,ZIM,GUI,2:1,,CAF Nations Cup 2021,True
3211,2022-01-18,MWI,SEN,0:0,,CAF Nations Cup 2021,True
3212,2022-01-18,GAB,MAR,2:2,,CAF Nations Cup 2021,True
3213,2022-01-19,EGY,SDN,1:0,,CAF Nations Cup 2021,True
3214,2022-01-19,GNB,NGA,0:2,,CAF Nations Cup 2021,True
3215,2022-01-20,CIV,ALG,3:1,,CAF Nations Cup 2021,True
3216,2022-01-20,SLE,EQG,0:1,,CAF Nations Cup 2021,True
3217,2022-01-20,GAM,TUN,1:0,,CAF Nations Cup 2021,True
3218,2022-01-20,MLI,MTN,2:0,,CAF Nations Cup 2021,True
3219,2022-01-20,PER,JAM,3:0,,Friendly 2022,False
3220,2022-01-21,IRQ,UGA,1:0,,Friendly 2022,False
3221,2022-01-21,KOR,MDA,4:0,,Friendly 2022,True
3222,2022-01-21,BOL,TRI,5:0,,Friendly 2022,False
3223,2022-01-23,BFA,GAB,1:1 a.e.t.,7:6,CAF Nations Cup 2021,True
3224,2022-01-23,NGA,TUN,0:1,,CAF Nations Cup 2021,True
3225,2022-01-24,CMR,COM,2:1,,CAF Nations Cup 2021,False
3226,2022-01-24,GUI,GAM,0:1,,CAF Nations Cup 2021,True
3227,2022-01-25,MAR,MWI,2:1,,CAF Nations Cup 2021,True
3228,2022-01-25,SEN,CPV,2:0,,CAF Nations Cup 2021,True
3229,2022-01-26,CIV,EGY,0:0 a.e.t.,4:5,CAF Nations Cup 2021,True
3230,2022-01-26,MLI,EQG,0:0 a.e.t.,5:6,CAF Nations Cup 2021,True
3231,2022-01-27,UZB,SSD,3:0,,Friendly 2022,True
3232,2022-01-27,ECU,BRA,1:1,,FIFA World Cup 2022 Q,False
3233,2022-01-27,USA,SLV,1:0,,FIFA World Cup 2022 Q,False
3234,2022-01-27,BHR,UGA,3:1,,Friendly 2022,False
3235,2022-01-27,IDN,TLS,4:1,,Friendly 2022,False
3236,2022-01-27,PAR,URU,0:1,,FIFA World Cup 2022 Q,False
3237,2022-01-27,JAM,MEX,1:2,,FIFA World Cup 2022 Q,False
3238,2022-01-27,CHI,ARG,1:2,,FIFA World Cup 2022 Q,False
3239,2022-01-27,CRC,PAN,1:0,,FIFA World Cup 2022 Q,False
3240,2022-01-27,KSA,OMA,1:0,,FIFA World Cup 2022 Q,False
3241,2022-01-27,JPN,CHN,2:0,,FIFA World Cup 2022 Q,False
3242,2022-01-27,AUS,VIE,4:0,,FIFA World Cup 2022 Q,False
3243,2022-01-27,UAE,SYR,2:0,,FIFA World Cup 2022 Q,False
3244,2022-01-27,LIB,KOR,0:1,,FIFA World Cup 2022 Q,False
3245,2022-01-27,IRN,IRQ,1:0,,FIFA World Cup 2022 Q,False
3246,2022-01-27,HON,CAN,0:2,,FIFA World Cup 2022 Q,False
3247,2022-01-28,COL,PER,0:1,,FIFA World Cup 2022 Q,False
3248,2022-01-28,VEN,BOL,4:1,,FIFA World Cup 2022 Q,False
3249,2022-01-28,JOR,NZL,3:1,,Friendly 2022,True
3250,2022-01-29,KUW,LBY,2:0,,Friendly 2022,False
3251,2022-01-29,NEP,MRI,1:0,,Friendly 2022,False
3252,2022-01-29,BFA,TUN,1:0,,CAF Nations Cup 2021,True
3253,2022-01-29,CMR,GAM,2:0,,CAF Nations Cup 2021,False
3254,2022-01-30,EGY,MAR,2:1 a.e.t.,,CAF Nations Cup 2021,True
3255,2022-01-30,SEN,EQG,3:1,,CAF Nations Cup 2021,True
3256,2022-01-30,CAN,USA,2:0,,FIFA World Cup 2022 Q,False
3257,2022-01-30,HON,SLV,0:2,,FIFA World Cup 2022 Q,False
3258,2022-01-30,MEX,CRC,0:0,,FIFA World Cup 2022 Q,False
3259,2022-01-30,PAN,JAM,3:2,,FIFA World Cup 2022 Q,False
3260,2022-01-30,IDN,TLS,3:0,,Friendly 2022,False
3261,2022-02-01,BRA,PAR,4:0,,FIFA World Cup 2022 Q,False
3262,2022-02-01,NEP,MRI,1:0,,Friendly 2022,False
3263,2022-02-01,KUW,LBY,0:2,,Friendly 2022,False
3264,2022-02-01,BHR,COD,1:0,,Friendly 2022,False
3265,2022-02-01,URU,VEN,4:1,,FIFA World Cup 2022 Q,False
3266,2022-02-01,PER,ECU,1:1,,FIFA World Cup 2022 Q,False
3267,2022-02-01,BOL,CHI,2:3,,FIFA World Cup 2022 Q,False
3268,2022-02-01,VIE,CHN,3:1,,FIFA World Cup 2022 Q,False
3269,2022-02-01,OMA,AUS,2:2,,FIFA World Cup 2022 Q,False
3270,2022-02-01,JPN,KSA,2:0,,FIFA World Cup 2022 Q,False
3271,2022-02-01,SYR,KOR,0:2,,FIFA World Cup 2022 Q,True
3272,2022-02-01,LIB,IRQ,1:1,,FIFA World Cup 2022 Q,False
3273,2022-02-01,IRN,UAE,1:0,,FIFA World Cup 2022 Q,False
3274,2022-02-01,ARG,COL,1:0,,FIFA World Cup 2022 Q,False
3275,2022-02-02,USA,HON,3:0,,FIFA World Cup 2022 Q,False
3276,2022-02-02,BFA,SEN,1:3,,CAF Nations Cup 2021,True
3277,2022-02-02,SLV,CAN,0:2,,FIFA World Cup 2022 Q,False
3278,2022-02-02,JAM,CRC,0:1,,FIFA World Cup 2022 Q,False
3279,2022-02-02,MEX,PAN,1:0,,FIFA World Cup 2022 Q,False
3280,2022-02-03,CMR,EGY,0:0 a.e.t.,1:3,CAF Nations Cup 2021,False
3281,2022-02-05,CMR,BFA,3:3,5:3,CAF Nations Cup 2021,False
3282,2022-02-06,SEN,EGY,0:0 a.e.t.,4:2,CAF Nations Cup 2021,True
3283,2022-03-17,COK,SOL,0:2,,FIFA World Cup 2022 Q,True
3284,2022-03-18,NCL,FIJ,1:2,,FIFA World Cup 2022 Q,True
3285,2022-03-18,PNG,NZL,0:1,,FIFA World Cup 2022 Q,True
3286,2022-03-18,IRQ,ZAM,3:1,,Friendly 2022,False
3287,2022-03-19,MRI,SEY,0:0,,Friendly 2022,False
3288,2022-03-21,NZL,FIJ,4:0,,FIFA World Cup 2022 Q,True
3289,2022-03-21,PNG,NCL,1:0,,FIFA World Cup 2022 Q,True
3290,2022-03-23,BHR,IND,2:1,,Friendly 2022,False
3291,2022-03-23,TAN,CTA,3:1,,Friendly 2022,False
3292,2022-03-23,LAO,MNG,1:0,,Friendly 2022,False
3293,2022-03-23,GIB,GRN,0:0,,Friendly 2022,False
3294,2022-03-23,PHI,MAS,0:2,,Friendly 2022,True
3295,2022-03-23,CHA,GAM,0:1,,CAF Nations Cup 2023 Q,True
3296,2022-03-23,SOM,SWZ,0:3,,CAF Nations Cup 2023 Q,True
3297,2022-03-23,SEY,LES,0:0,,CAF Nations Cup 2023 Q,True
3298,2022-03-23,DJI,SSD,2:4,,CAF Nations Cup 2023 Q,True
3299,2022-03-23,NIG,MOZ,1:1,,Friendly 2022,True
3300,2022-03-24,WAL,AUT,2:1,,FIFA World Cup 2022 Q,False
3301,2022-03-24,ITA,MKD,0:1,,FIFA World Cup 2022 Q,False
3302,2022-03-24,POR,TUR,3:1,,FIFA World Cup 2022 Q,False
3303,2022-03-24,ARM,MNE,1:0,,Friendly 2022,False
3304,2022-03-24,BEN,LBR,4:0,,Friendly 2022,True
3305,2022-03-24,GUA,CUB,1:0,,Friendly 2022,False
3306,2022-03-24,KOS,BFA,5:0,,Friendly 2022,False
3307,2022-03-24,NZL,NCL,7:1,,FIFA World Cup 2022 Q,True
3308,2022-03-24,MDV,BAN,2:0,,Friendly 2022,False
3309,2022-03-24,SCO,POL,1:1,,Friendly 2022,False
3310,2022-03-24,THA,NEP,2:0,,Friendly 2022,False
3311,2022-03-24,TOG,SLE,3:0,,Friendly 2022,True
3312,2022-03-24,EST,CYP,0:0,,UEFA Nations League 2021,False
3313,2022-03-24,MDA,KAZ,1:2,,UEFA Nations League 2021,False
3314,2022-03-24,HUN,SRB,0:1,,Friendly 2022,False
3315,2022-03-24,FIJ,PNG,1:2,,FIFA World Cup 2022 Q,True
3316,2022-03-24,SWE,CZE,1:0 a.e.t.,,FIFA World Cup 2022 Q,False
3317,2022-03-24,URU,PER,1:0,,FIFA World Cup 2022 Q,False
3318,2022-03-24,MRI,STP,0:1,,CAF Nations Cup 2023 Q,False
3319,2022-03-24,IRQ,UAE,1:0,,FIFA World Cup 2022 Q,True
3320,2022-03-24,SOL,TAH,3:1,,FIFA World Cup 2022 Q,True
3321,2022-03-24,LIB,SYR,0:3,,FIFA World Cup 2022 Q,False
3322,2022-03-24,AUS,JPN,0:2,,FIFA World Cup 2022 Q,False
3323,2022-03-24,CHN,KSA,1:1,,FIFA World Cup 2022 Q,True
3324,2022-03-24,VIE,OMA,0:1,,FIFA World Cup 2022 Q,False
3325,2022-03-24,KOR,IRN,2:0,,FIFA World Cup 2022 Q,False
3326,2022-03-24,JAM,SLV,1:1,,FIFA World Cup 2022 Q,False
3327,2022-03-24,MEX,USA,0:0,,FIFA World Cup 2022 Q,False
3328,2022-03-24,PAN,HON,1:1,,FIFA World Cup 2022 Q,False
3329,2022-03-24,BRA,CHI,4:0,,FIFA World Cup 2022 Q,False
3330,2022-03-24,COL,BOL,3:0,,FIFA World Cup 2022 Q,False
3331,2022-03-24,PAR,ECU,3:1,,FIFA World Cup 2022 Q,False
3332,2022-03-24,CRC,CAN,1:0,,FIFA World Cup 2022 Q,False
3333,2022-03-25,RSA,GUI,0:0,,Friendly 2022,True
3334,2022-03-25,LVA,KUW,1:1,,Friendly 2022,True
3335,2022-03-25,LIE,CPV,0:6,,Friendly 2022,True
3336,2022-03-25,LUX,NIR,1:3,,Friendly 2022,False
3337,2022-03-25,ROU,GRE,0:1,,Friendly 2022,False
3338,2022-03-25,NOR,SVK,2:0,,Friendly 2022,False
3339,2022-03-25,SMR,LTU,1:2,,Friendly 2022,False
3340,2022-03-25,CGO,ZAM,1:3,,Friendly 2022,True
3341,2022-03-25,MLT,AZE,1:0,,Friendly 2022,False
3342,2022-03-25,COM,ETH,2:1,,Friendly 2022,False
3343,2022-03-25,FRA,CIV,2:1,,Friendly 2022,False
3344,2022-03-25,AND,SKN,1:0,,Friendly 2022,False
3345,2022-03-25,BIH,GEO,0:1,,Friendly 2022,False
3346,2022-03-25,COD,MAR,1:1,,FIFA World Cup 2022 Q,False
3347,2022-03-25,EGY,SEN,1:0,,FIFA World Cup 2022 Q,False
3348,2022-03-25,GHA,NGA,0:0,,FIFA World Cup 2022 Q,False
3349,2022-03-25,CMR,ALG,0:1,,FIFA World Cup 2022 Q,False
3350,2022-03-25,ARG,VEN,3:0,,FIFA World Cup 2022 Q,False
3351,2022-03-25,UGA,TJK,1:1,5:4,Friendly 2022,True
3352,2022-03-25,UZB,KGZ,3:1,,Friendly 2022,False
3353,2022-03-25,MLI,TUN,0:1,,FIFA World Cup 2022 Q,False
3354,2022-03-26,GER,ISR,2:0,,Friendly 2022,False
3355,2022-03-26,ESP,ALB,2:1,,Friendly 2022,False
3356,2022-03-26,IRL,BEL,2:2,,Friendly 2022,False
3357,2022-03-26,QAT,BUL,2:1,,Friendly 2022,False
3358,2022-03-26,NED,DEN,4:2,,Friendly 2022,False
3359,2022-03-26,GIB,FRO,0:0,,Friendly 2022,False
3360,2022-03-26,ISL,FIN,1:1,,Friendly 2022,False
3361,2022-03-26,BLR,IND,3:0,,Friendly 2022,True
3362,2022-03-26,CRO,SVN,1:1,,Friendly 2022,True
3363,2022-03-26,CTA,SDN,0:0,,Friendly 2022,True
3364,2022-03-26,SIN,MAS,2:1,,Friendly 2022,False
3365,2022-03-26,MTN,MOZ,2:1,,Friendly 2022,False
3366,2022-03-26,LBY,NIG,2:1,,Friendly 2022,True
3367,2022-03-26,ENG,SUI,2:1,,Friendly 2022,False
3368,2022-03-27,NZL,TAH,1:0,,FIFA World Cup 2022 Q,True
3369,2022-03-27,THA,SUR,1:0,,Friendly 2022,False
3370,2022-03-27,LAO,BRU,3:2,,Friendly 2022,False
3371,2022-03-27,GUA,HAI,2:1,,Friendly 2022,True
3372,2022-03-27,SOL,PNG,3:2,,FIFA World Cup 2022 Q,True
3373,2022-03-27,USA,PAN,5:1,,FIFA World Cup 2022 Q,False
3374,2022-03-27,BLZ,CUB,0:3,,Friendly 2022,False
3375,2022-03-27,SLV,CRC,1:2,,FIFA World Cup 2022 Q,False
3376,2022-03-27,CAN,JAM,4:0,,FIFA World Cup 2022 Q,False
3377,2022-03-27,SSD,DJI,1:0,,CAF Nations Cup 2023 Q,True
3378,2022-03-27,MRI,STP,3:3,,CAF Nations Cup 2023 Q,False
3379,2022-03-27,LES,SEY,3:1,,CAF Nations Cup 2023 Q,True
3380,2022-03-27,SWZ,SOM,2:1,,CAF Nations Cup 2023 Q,True
3381,2022-03-27,HON,MEX,0:1,,FIFA World Cup 2022 Q,False
3382,2022-03-28,AND,GRN,1:0,,Friendly 2022,False
3383,2022-03-28,CPV,SMR,2:0,,Friendly 2022,True
3384,2022-03-28,FIJ,VAN,2:1,,Friendly 2022,True
3385,2022-03-28,MNE,GRE,1:0,,Friendly 2022,False
3386,2022-03-29,FRA,RSA,5:0,,Friendly 2022,False
3387,2022-03-29,FIN,SVK,0:2,,Friendly 2022,True
3388,2022-03-29,ENG,CIV,3:0,,Friendly 2022,False
3389,2022-03-29,DEN,SRB,3:0,,Friendly 2022,False
3390,2022-03-29,BEL,BFA,3:0,,Friendly 2022,False
3391,2022-03-29,CGO,SLE,1:2,,Friendly 2022,True
3392,2022-03-29,BDI,LBR,2:1,,Friendly 2022,True
3393,2022-03-29,BIH,LUX,1:0,,Friendly 2022,False
3394,2022-03-29,ISR,ROU,2:2,,Friendly 2022,False
3395,2022-03-29,BAN,MNG,0:0,,Friendly 2022,False
3396,2022-03-29,CRO,BUL,2:1,,Friendly 2022,True
3397,2022-03-29,LIE,FRO,0:1,,Friendly 2022,True
3398,2022-03-29,QAT,SVN,0:0,,Friendly 2022,False
3399,2022-03-29,MLT,KUW,2:0,,Friendly 2022,False
3400,2022-03-29,NED,GER,1:1,,Friendly 2022,False
3401,2022-03-29,NIR,HUN,0:1,,Friendly 2022,False
3402,2022-03-29,NOR,ARM,9:0,,Friendly 2022,False
3403,2022-03-29,IRL,LTU,1:0,,Friendly 2022,False
3404,2022-03-29,ESP,ISL,5:0,,Friendly 2022,False
3405,2022-03-29,SUI,KOS,1:1,,Friendly 2022,False
3406,2022-03-29,TOG,BEN,1:1,,Friendly 2022,True
3407,2022-03-29,TUR,ITA,2:3,,Friendly 2022,False
3408,2022-03-29,WAL,CZE,1:1,,Friendly 2022,False
3409,2022-03-29,CYP,EST,2:0,,UEFA Nations League 2021,False
3410,2022-03-29,BHR,BLR,0:1,,Friendly 2022,False
3411,2022-03-29,KAZ,MDA,0:1 a.e.t.,5:4,UEFA Nations League 2021,False
3412,2022-03-29,AZE,LVA,0:1,,Friendly 2022,True
3413,2022-03-29,BOL,BRA,0:4,,FIFA World Cup 2022 Q,False
3414,2022-03-29,ALB,GEO,0:0,,Friendly 2022,False
3415,2022-03-29,GAM,CHA,2:2,,CAF Nations Cup 2023 Q,True
3416,2022-03-29,IRN,LIB,2:0,,FIFA World Cup 2022 Q,False
3417,2022-03-29,SYR,IRQ,1:1,,FIFA World Cup 2022 Q,True
3418,2022-03-29,UAE,KOR,1:0,,FIFA World Cup 2022 Q,False
3419,2022-03-29,JPN,VIE,1:1,,FIFA World Cup 2022 Q,False
3420,2022-03-29,AUT,SCO,2:2,,Friendly 2022,False
3421,2022-03-29,KSA,AUS,1:0,,FIFA World Cup 2022 Q,False
3422,2022-03-29,ALG,CMR,1:2 a.e.t.,,FIFA World Cup 2022 Q,False
3423,2022-03-29,MAR,COD,4:1,,FIFA World Cup 2022 Q,False
3424,2022-03-29,NGA,GHA,1:1,,FIFA World Cup 2022 Q,False
3425,2022-03-29,SEN,EGY,1:0 a.e.t.,3:1,FIFA World Cup 2022 Q,False
3426,2022-03-29,TUN,MLI,0:0,,FIFA World Cup 2022 Q,False
3427,2022-03-29,OMA,CHN,2:0,,FIFA World Cup 2022 Q,False
3428,2022-03-29,ECU,ARG,1:1,,FIFA World Cup 2022 Q,False
3429,2022-03-29,PER,PAR,2:0,,FIFA World Cup 2022 Q,False
3430,2022-03-29,VEN,COL,0:1,,FIFA World Cup 2022 Q,False
3431,2022-03-29,POL,SWE,2:0,,FIFA World Cup 2022 Q,False
3432,2022-03-29,POR,MKD,2:0,,FIFA World Cup 2022 Q,False
3433,2022-03-29,MTN,LBY,2:0,,Friendly 2022,False
3434,2022-03-29,UZB,UGA,4:2,,Friendly 2022,False
3435,2022-03-29,TJK,KGZ,1:0,,Friendly 2022,True
3436,2022-03-29,SIN,PHI,2:0,,Friendly 2022,False
3437,2022-03-29,TAN,SDN,1:1,,Friendly 2022,False
3438,2022-03-29,TRI,GUY,1:1,,Friendly 2022,False
3439,2022-03-29,CHI,URU,0:2,,FIFA World Cup 2022 Q,False
3440,2022-03-30,SOL,NZL,0:5,,FIFA World Cup 2022 Q,True
3441,2022-03-30,PAN,CAN,1:0,,FIFA World Cup 2022 Q,False
3442,2022-03-30,CRC,USA,2:0,,FIFA World Cup 2022 Q,False
3443,2022-03-30,JAM,HON,2:1,,FIFA World Cup 2022 Q,False
3444,2022-03-30,MEX,SLV,2:0,,FIFA World Cup 2022 Q,False
3445,2022-04-24,SLV,GUA,0:4,,Friendly 2022,True
3446,2022-04-27,MEX,GUA,0:3,,Friendly 2022,True
3447,2022-05-01,PAN,SLV,2:3,,Friendly 2022,True
3448,2022-05-12,DMA,VIN,2:1,,Friendly 2022,False
3449,2022-05-15,DMA,VIN,3:1,,Friendly 2022,False
3450,2022-05-27,MAS,BRU,4:0,,Friendly 2022,False
3451,2022-05-27,BHR,MYA,2:0,,Friendly 2022,True
3452,2022-05-27,THA,TKM,1:0,,Friendly 2022,False
3453,2022-05-28,IND,JOR,0:2,,Friendly 2022,True
3454,2022-05-28,ETH,LES,1:1,,Friendly 2022,True
3455,2022-05-28,MEX,NGA,2:1,,Friendly 2022,True
3456,2022-05-29,UAE,GAM,1:1,,Friendly 2022,False
3457,2022-05-30,ETH,LES,1:1,,Friendly 2022,False
3458,2022-05-31,THA,BHR,1:2,,Friendly 2022,False
3459,2022-06-01,ANG,CTA,2:1,,CAF Nations Cup 2023 Q,False
3460,2022-06-01,POL,WAL,2:1,,UEFA Nations League 2023,False
3461,2022-06-01,USA,MAR,3:0,,Friendly 2022,False
3462,2022-06-01,SIN,KUW,0:2,,Friendly 2022,True
3463,2022-06-01,MLT,VEN,0:1,,Friendly 2022,False
3464,2022-06-01,MAS,HKG,2:0,,Friendly 2022,False
3465,2022-06-01,VIE,AFG,2:0,,Friendly 2022,False
3466,2022-06-01,AUS,JOR,2:1,,Friendly 2022,True
3467,2022-06-01,ITA,ARG,0:3,,Friendly 2022,True
3468,2022-06-01,SCO,UKR,1:3,,FIFA World Cup 2022 Q,False
3469,2022-06-01,LBY,BOT,1:0,,CAF Nations Cup 2023 Q,False
3470,2022-06-01,GHA,MAD,3:0,,CAF Nations Cup 2023 Q,False
3471,2022-06-01,IDN,BAN,0:0,,Friendly 2022,False
3472,2022-06-02,ESP,POR,1:1,,UEFA Nations League 2023,False
3473,2022-06-02,EST,SMR,2:0,,UEFA Nations League 2023,False
3474,2022-06-02,GEO,GIB,4:0,,UEFA Nations League 2023,False
3475,2022-06-02,BUL,MKD,1:1,,UEFA Nations League 2023,False
3476,2022-06-02,NIR,GRE,0:1,,UEFA Nations League 2023,False
3477,2022-06-02,CYP,KOS,0:2,,UEFA Nations League 2023,False
3478,2022-06-02,SVN,SWE,0:2,,UEFA Nations League 2023,False
3479,2022-06-02,SRB,NOR,0:1,,UEFA Nations League 2023,False
3480,2022-06-02,ISR,ISL,2:2,,UEFA Nations League 2023,False
3481,2022-06-02,CZE,SUI,2:1,,UEFA Nations League 2023,False
3482,2022-06-02,ECU,NGA,1:0,,Friendly 2022,True
3483,2022-06-02,KOR,BRA,1:5,,Friendly 2022,False
3484,2022-06-02,TUN,EQG,4:0,,CAF Nations Cup 2023 Q,False
3485,2022-06-02,MEX,URU,0:3,,Friendly 2022,True
3486,2022-06-02,PAN,CRC,2:0,,CONCACAF Nations League 2023,False
3487,2022-06-02,BRB,ATG,0:1,,CONCACAF Nations League 2023,True
3488,2022-06-02,MOZ,RWA,1:1,,CAF Nations Cup 2023 Q,True
3489,2022-06-02,AIA,DMA,0:0,,CONCACAF Nations League 2023,False
3490,2022-06-02,CAM,TLS,2:1,,Friendly 2022,False
3491,2022-06-02,JPN,PAR,4:1,,Friendly 2022,False
3492,2022-06-02,BLZ,DOM,0:2,,CONCACAF Nations League 2023,False
3493,2022-06-03,CRO,AUT,0:3,,UEFA Nations League 2023,False
3494,2022-06-03,LVA,AND,3:0,,UEFA Nations League 2023,False
3495,2022-06-03,KAZ,AZE,2:0,,UEFA Nations League 2023,False
3496,2022-06-03,BLR,SVK,0:1,,UEFA Nations League 2023,True
3497,2022-06-03,BEL,NED,1:4,,UEFA Nations League 2023,False
3498,2022-06-03,FRA,DEN,1:2,,UEFA Nations League 2023,False
3499,2022-06-03,VGB,CAY,1:1,,CONCACAF Nations League 2023,False
3500,2022-06-03,LIE,MDA,0:2,,UEFA Nations League 2023,False
3501,2022-06-03,BAH,VIN,1:0,,CONCACAF Nations League 2023,False
3502,2022-06-03,CUW,HON,0:1,,CONCACAF Nations League 2023,False
3503,2022-06-03,CIV,ZAM,3:1,,CAF Nations Cup 2023 Q,False
3504,2022-06-03,COM,LES,2:0,,CAF Nations Cup 2023 Q,False
3505,2022-06-03,TOG,SWZ,2:2,,CAF Nations Cup 2023 Q,False
3506,2022-06-03,BFA,CPV,2:0,,CAF Nations Cup 2023 Q,True
3507,2022-06-03,NCA,TRI,2:1,,CONCACAF Nations League 2023,False
3508,2022-06-04,TUR,FRO,4:0,,UEFA Nations League 2023,False
3509,2022-06-04,LTU,LUX,0:2,,UEFA Nations League 2023,False
3510,2022-06-04,MNE,ROU,2:0,,UEFA Nations League 2023,False
3511,2022-06-04,FIN,BIH,1:1,,UEFA Nations League 2023,False
3512,2022-06-04,ARM,IRL,1:0,,UEFA Nations League 2023,False
3513,2022-06-04,ITA,GER,1:1,,UEFA Nations League 2023,False
3514,2022-06-04,HUN,ENG,1:0,,UEFA Nations League 2023,False
3515,2022-06-04,BER,HAI,0:0,,CONCACAF Nations League 2023,False
3516,2022-06-04,SLV,GRN,3:1,,CONCACAF Nations League 2023,False
3517,2022-06-04,MSR,GUY,1:2,,CONCACAF Nations League 2023,True
3518,2022-06-04,SEN,BEN,3:1,,CAF Nations Cup 2023 Q,False
3519,2022-06-04,MTN,SDN,3:0,,CAF Nations Cup 2023 Q,False
3520,2022-06-04,COD,GAB,0:1,,CAF Nations Cup 2023 Q,False
3521,2022-06-04,MLI,CGO,4:0,,CAF Nations Cup 2023 Q,False
3522,2022-06-04,GAM,SSD,1:0,,CAF Nations Cup 2023 Q,True
3523,2022-06-04,NIG,TAN,1:1,,CAF Nations Cup 2023 Q,True
3524,2022-06-04,ALG,UGA,2:0,,CAF Nations Cup 2023 Q,False
3525,2022-06-04,NAM,BDI,1:1,,CAF Nations Cup 2023 Q,True
3526,2022-06-04,SUR,JAM,1:1,,CONCACAF Nations League 2023,False
3527,2022-06-05,CZE,ESP,2:2,,UEFA Nations League 2023,False
3528,2022-06-05,POR,SUI,4:0,,UEFA Nations League 2023,False
3529,2022-06-05,SRB,SVN,4:1,,UEFA Nations League 2023,False
3530,2022-06-05,SWE,NOR,1:2,,UEFA Nations League 2023,False
3531,2022-06-05,GIB,MKD,0:2,,UEFA Nations League 2023,False
3532,2022-06-05,KOS,GRE,0:1,,UEFA Nations League 2023,False
3533,2022-06-05,BUL,GEO,2:5,,UEFA Nations League 2023,False
3534,2022-06-05,SMR,MLT,0:2,,UEFA Nations League 2023,False
3535,2022-06-05,PER,NZL,1:0,,Friendly 2022,True
3536,2022-06-05,CYP,NIR,0:0,,UEFA Nations League 2023,False
3537,2022-06-05,MEX,ECU,0:0,,Friendly 2022,True
3538,2022-06-05,MWI,ETH,2:1,,CAF Nations Cup 2023 Q,False
3539,2022-06-05,ARG,EST,5:0,,Friendly 2022,True
3540,2022-06-05,COL,KSA,1:0,,Friendly 2022,True
3541,2022-06-05,CTA,GHA,1:1,,CAF Nations Cup 2023 Q,True
3542,2022-06-05,MAD,ANG,1:1,,CAF Nations Cup 2023 Q,False
3543,2022-06-05,BOT,TUN,0:0,,CAF Nations Cup 2023 Q,False
3544,2022-06-05,EGY,GUI,1:0,,CAF Nations Cup 2023 Q,False
3545,2022-06-05,GUA,BLZ,2:0,,CONCACAF Nations League 2023,False
3546,2022-06-05,DMA,AIA,1:1,,CONCACAF Nations League 2023,True
3547,2022-06-05,WAL,UKR,1:0,,FIFA World Cup 2022 Q,False
3548,2022-06-05,CUB,BRB,3:0,,CONCACAF Nations League 2023,False
3549,2022-06-06,CRO,FRA,1:1,,UEFA Nations League 2023,False
3550,2022-06-06,LVA,LIE,1:0,,UEFA Nations League 2023,False
3551,2022-06-06,AND,MDA,0:0,,UEFA Nations League 2023,False
3552,2022-06-06,SVK,KAZ,0:1,,UEFA Nations League 2023,False
3553,2022-06-06,BLR,AZE,0:0,,UEFA Nations League 2023,True
3554,2022-06-06,ALB,ISL,1:1,,UEFA Nations League 2023,False
3555,2022-06-06,AUT,DEN,1:2,,UEFA Nations League 2023,False
3556,2022-06-06,JPN,BRA,0:1,,Friendly 2022,False
3557,2022-06-06,CAY,VGB,1:1,,CONCACAF Nations League 2023,False
3558,2022-06-06,VIR,TCA,3:2,,CONCACAF Nations League 2023,False
3559,2022-06-06,TRI,BAH,1:0,,CONCACAF Nations League 2023,False
3560,2022-06-06,VIN,NCA,2:2,,CONCACAF Nations League 2023,False
3561,2022-06-06,HON,CUW,1:2,,CONCACAF Nations League 2023,False
3562,2022-06-06,EQG,LBY,2:0,,CAF Nations Cup 2023 Q,False
3563,2022-06-06,KOR,CHI,2:0,,Friendly 2022,False
3564,2022-06-07,GER,ENG,1:1,,UEFA Nations League 2023,False
3565,2022-06-07,LTU,TUR,0:6,,UEFA Nations League 2023,False
3566,2022-06-07,FRO,LUX,0:1,,UEFA Nations League 2023,False
3567,2022-06-07,FIN,MNE,2:0,,UEFA Nations League 2023,False
3568,2022-06-07,BIH,ROU,1:0,,UEFA Nations League 2023,False
3569,2022-06-07,ITA,HUN,2:1,,UEFA Nations League 2023,False
3570,2022-06-07,UAE,AUS,1:2,,FIFA World Cup 2022 Q,True
3571,2022-06-07,GRN,SLV,2:2,,CONCACAF Nations League 2023,False
3572,2022-06-07,GUY,BER,2:1,,CONCACAF Nations League 2023,False
3573,2022-06-07,JAM,SUR,3:1,,CONCACAF Nations League 2023,False
3574,2022-06-07,SEN,RWA,1:0,,CAF Nations Cup 2023 Q,False
3575,2022-06-07,ZAM,COM,2:1,,CAF Nations Cup 2023 Q,False
3576,2022-06-07,SWZ,BFA,1:3,,CAF Nations Cup 2023 Q,True
3577,2022-06-07,CPV,TOG,2:0,,CAF Nations Cup 2023 Q,True
3578,2022-06-07,HAI,MSR,3:2,,CONCACAF Nations League 2023,True
3579,2022-06-08,UGA,NIG,1:1,,CAF Nations Cup 2023 Q,False
3580,2022-06-08,GAB,MTN,0:0,,CAF Nations Cup 2023 Q,False
3581,2022-06-08,CGO,GAM,1:0,,CAF Nations Cup 2023 Q,False
3582,2022-06-08,SDN,COD,2:1,,CAF Nations Cup 2023 Q,False
3583,2022-06-08,SCO,ARM,2:0,,UEFA Nations League 2023,False
3584,2022-06-08,BEL,POL,6:1,,UEFA Nations League 2023,False
3585,2022-06-08,WAL,NED,1:2,,UEFA Nations League 2023,False
3586,2022-06-08,IRL,UKR,0:1,,UEFA Nations League 2023,False
3587,2022-06-08,TAN,ALG,0:2,,CAF Nations Cup 2023 Q,False
3588,2022-06-08,BEN,MOZ,0:1,,CAF Nations Cup 2023 Q,False
3589,2022-06-08,TJK,MYA,4:0,,AFC Nations Cup 2023 Q,True
3590,2022-06-08,UZB,SRI,3:0,,AFC Nations Cup 2023 Q,False
3591,2022-06-08,MAS,TKM,3:1,,AFC Nations Cup 2023 Q,False
3592,2022-06-08,BHR,BAN,2:0,,AFC Nations Cup 2023 Q,True
3593,2022-06-08,IND,CAM,2:0,,AFC Nations Cup 2023 Q,False
3594,2022-06-08,HKG,AFG,2:1,,AFC Nations Cup 2023 Q,True
3595,2022-06-08,THA,MDV,3:0,,AFC Nations Cup 2023 Q,True
3596,2022-06-08,PHI,YEM,0:0,,AFC Nations Cup 2023 Q,True
3597,2022-06-08,MNG,PLE,0:1,,AFC Nations Cup 2023 Q,False
3598,2022-06-08,KUW,IDN,1:2,,AFC Nations Cup 2023 Q,False
3599,2022-06-08,KGZ,SIN,2:1,,AFC Nations Cup 2023 Q,False
3600,2022-06-08,JOR,NEP,2:0,,AFC Nations Cup 2023 Q,True
3601,2022-06-09,VEN,KSA,1:0,,Friendly 2022,True
3602,2022-06-09,POR,CZE,2:0,,UEFA Nations League 2023,False
3603,2022-06-09,SUI,ESP,0:1,,UEFA Nations League 2023,False
3604,2022-06-09,NOR,SVN,0:0,,UEFA Nations League 2023,False
3605,2022-06-09,SWE,SRB,0:1,,UEFA Nations League 2023,False
3606,2022-06-09,MKD,GEO,0:3,,UEFA Nations League 2023,False
3607,2022-06-09,KOS,NIR,3:2,,UEFA Nations League 2023,False
3608,2022-06-09,GIB,BUL,1:1,,UEFA Nations League 2023,False
3609,2022-06-09,MLT,EST,1:2,,UEFA Nations League 2023,False
3610,2022-06-09,SMR,ISL,0:1,,Friendly 2022,False
3611,2022-06-09,GRE,CYP,3:0,,UEFA Nations League 2023,False
3612,2022-06-09,OMA,NZL,0:0,,Friendly 2022,True
3613,2022-06-09,ETH,EGY,2:0,,CAF Nations Cup 2023 Q,True
3614,2022-06-09,DMA,LCA,0:1,,CONCACAF Nations League 2023,False
3615,2022-06-09,CAY,PUR,0:3,,CONCACAF Nations League 2023,False
3616,2022-06-09,GNB,STP,5:1,,CAF Nations Cup 2023 Q,True
3617,2022-06-09,BDI,CMR,0:1,,CAF Nations Cup 2023 Q,True
3618,2022-06-09,GUI,MWI,1:0,,CAF Nations Cup 2023 Q,False
3619,2022-06-09,SSD,MLI,1:3,,CAF Nations Cup 2023 Q,True
3620,2022-06-09,NGA,SLE,2:1,,CAF Nations Cup 2023 Q,False
3621,2022-06-09,MAR,RSA,2:1,,CAF Nations Cup 2023 Q,False
3622,2022-06-09,CAN,CUW,4:0,,CONCACAF Nations League 2023,False
3623,2022-06-09,ATG,CUB,0:2,,CONCACAF Nations League 2023,True
3624,2022-06-09,ARU,SKN,2:3,,CONCACAF Nations League 2023,True
3625,2022-06-09,LES,CIV,0:0,,CAF Nations Cup 2023 Q,True
3626,2022-06-10,DEN,CRO,0:1,,UEFA Nations League 2023,False
3627,2022-06-10,MDA,LVA,2:4,,UEFA Nations League 2023,False
3628,2022-06-10,AND,LIE,2:1,,UEFA Nations League 2023,False
3629,2022-06-10,BLR,KAZ,1:1,,UEFA Nations League 2023,True
3630,2022-06-10,AZE,SVK,0:1,,UEFA Nations League 2023,False
3631,2022-06-10,ALB,ISR,1:2,,UEFA Nations League 2023,False
3632,2022-06-10,AUT,FRA,1:1,,UEFA Nations League 2023,False
3633,2022-06-10,DOM,GUA,1:1,,CONCACAF Nations League 2023,False
3634,2022-06-10,JPN,GHA,4:1,,Friendly 2022,False
3635,2022-06-10,CHI,TUN,0:2,,Friendly 2022,True
3636,2022-06-10,VIN,TRI,0:2,,CONCACAF Nations League 2023,False
3637,2022-06-10,BAH,NCA,0:2,,CONCACAF Nations League 2023,False
3638,2022-06-10,USA,GRN,5:0,,CONCACAF Nations League 2023,False
3639,2022-06-10,KOR,PAR,2:2,,Friendly 2022,False
3640,2022-06-11,WAL,BEL,1:1,,UEFA Nations League 2023,False
3641,2022-06-11,ENG,ITA,0:0,,UEFA Nations League 2023,False
3642,2022-06-11,HUN,GER,1:1,,UEFA Nations League 2023,False
3643,2022-06-11,NED,POL,2:2,,UEFA Nations League 2023,False
3644,2022-06-11,IRL,SCO,3:0,,UEFA Nations League 2023,False
3645,2022-06-11,MSR,BER,3:2,,CONCACAF Nations League 2023,True
3646,2022-06-11,MNE,BIH,1:1,,UEFA Nations League 2023,False
3647,2022-06-11,ROU,FIN,1:0,,UEFA Nations League 2023,False
3648,2022-06-11,FRO,LTU,2:1,,UEFA Nations League 2023,False
3649,2022-06-11,LUX,TUR,0:2,,UEFA Nations League 2023,False
3650,2022-06-11,UKR,ARM,3:0,,UEFA Nations League 2023,True
3651,2022-06-11,GUY,HAI,2:6,,CONCACAF Nations League 2023,False
3652,2022-06-11,ECU,CPV,1:0,,Friendly 2022,True
3653,2022-06-11,SIN,TJK,0:1,,AFC Nations Cup 2023 Q,True
3654,2022-06-11,JOR,IDN,1:0,,AFC Nations Cup 2023 Q,True
3655,2022-06-11,KUW,NEP,4:1,,AFC Nations Cup 2023 Q,False
3656,2022-06-11,MNG,PHI,0:1,,AFC Nations Cup 2023 Q,False
3657,2022-06-11,THA,SRI,2:0,,AFC Nations Cup 2023 Q,True
3658,2022-06-11,UZB,MDV,4:0,,AFC Nations Cup 2023 Q,False
3659,2022-06-11,YEM,PLE,0:5,,AFC Nations Cup 2023 Q,True
3660,2022-06-11,IND,AFG,2:1,,AFC Nations Cup 2023 Q,False
3661,2022-06-11,MAS,BHR,1:2,,AFC Nations Cup 2023 Q,False
3662,2022-06-11,TKM,BAN,2:1,,AFC Nations Cup 2023 Q,True
3663,2022-06-11,MEX,SUR,3:0,,CONCACAF Nations League 2023,False
3664,2022-06-11,KGZ,MYA,2:0,,AFC Nations Cup 2023 Q,False
3665,2022-06-11,CAM,HKG,0:3,,AFC Nations Cup 2023 Q,True
3666,2022-06-12,GRE,KOS,2:0,,UEFA Nations League 2023,False
3667,2022-06-12,MLT,SMR,1:0,,UEFA Nations League 2023,False
3668,2022-06-12,MKD,GIB,4:0,,UEFA Nations League 2023,False
3669,2022-06-12,GEO,BUL,0:0,,UEFA Nations League 2023,False
3670,2022-06-12,NIR,CYP,2:2,,UEFA Nations League 2023,False
3671,2022-06-12,SVN,SRB,2:2,,UEFA Nations League 2023,False
3672,2022-06-12,ALG,IRN,2:1,,Friendly 2022,True
3673,2022-06-12,SUI,POR,1:0,,UEFA Nations League 2023,False
3674,2022-06-12,ESP,CZE,2:0,,UEFA Nations League 2023,False
3675,2022-06-12,PUR,VGB,6:0,,CONCACAF Nations League 2023,False
3676,2022-06-12,LCA,AIA,2:0,,CONCACAF Nations League 2023,False
3677,2022-06-12,CUB,ATG,3:1,,CONCACAF Nations League 2023,False
3678,2022-06-12,NOR,SWE,3:2,,UEFA Nations League 2023,False
3679,2022-06-13,ALB,EST,0:0,,Friendly 2022,False
3680,2022-06-13,KAZ,SVK,2:1,,UEFA Nations League 2023,False
3681,2022-06-13,AZE,BLR,2:0,,UEFA Nations League 2023,False
3682,2022-06-13,ISL,ISR,2:2,,UEFA Nations League 2023,False
3683,2022-06-13,FRA,CRO,0:1,,UEFA Nations League 2023,False
3684,2022-06-13,DEN,AUT,2:0,,UEFA Nations League 2023,False
3685,2022-06-13,PER,AUS,0:0 a.e.t.,4:5,FIFA World Cup 2022 Q,False
3686,2022-06-13,SLE,GNB,2:2,,CAF Nations Cup 2023 Q,True
3687,2022-06-13,TRI,VIN,4:1,,CONCACAF Nations League 2023,False
3688,2022-06-13,NCA,BAH,4:0,,CONCACAF Nations League 2023,False
3689,2022-06-13,HON,CAN,2:1,,CONCACAF Nations League 2023,False
3690,2022-06-13,MAR,LBR,2:0,,CAF Nations Cup 2023 Q,False
3691,2022-06-13,STP,NGA,0:10,,CAF Nations Cup 2023 Q,True
3692,2022-06-13,GUA,DOM,2:0,,CONCACAF Nations League 2023,False
3693,2022-06-14,JPN,TUN,0:3,,Friendly 2022,False
3694,2022-06-14,KOR,EGY,4:1,,Friendly 2022,False
3695,2022-06-14,ENG,HUN,0:4,,UEFA Nations League 2023,False
3696,2022-06-14,GER,ITA,5:2,,UEFA Nations League 2023,False
3697,2022-06-14,NED,WAL,3:2,,UEFA Nations League 2023,False
3698,2022-06-14,POL,BEL,0:1,,UEFA Nations League 2023,False
3699,2022-06-14,ARM,SCO,1:4,,UEFA Nations League 2023,False
3700,2022-06-14,ROU,MNE,0:3,,UEFA Nations League 2023,False
3701,2022-06-14,BIH,FIN,3:2,,UEFA Nations League 2023,False
3702,2022-06-14,LUX,FRO,2:2,,UEFA Nations League 2023,False
3703,2022-06-14,TUR,LTU,2:0,,UEFA Nations League 2023,False
3704,2022-06-14,LIE,LVA,0:2,,UEFA Nations League 2023,False
3705,2022-06-14,MDA,AND,2:1,,UEFA Nations League 2023,False
3706,2022-06-14,CHI,GHA,0:0,1:3,Friendly 2022,True
3707,2022-06-14,UKR,IRL,1:1,,UEFA Nations League 2023,True
3708,2022-06-14,CRC,NZL,1:0,,FIFA World Cup 2022 Q,True
3709,2022-06-14,BHR,TKM,1:0,,AFC Nations Cup 2023 Q,True
3710,2022-06-14,HAI,GUY,6:0,,CONCACAF Nations League 2023,True
3711,2022-06-14,IDN,NEP,7:0,,AFC Nations Cup 2023 Q,True
3712,2022-06-14,KUW,JOR,0:3,,AFC Nations Cup 2023 Q,False
3713,2022-06-14,MNG,YEM,2:0,,AFC Nations Cup 2023 Q,False
3714,2022-06-14,PLE,PHI,4:0,,AFC Nations Cup 2023 Q,True
3715,2022-06-14,MDV,SRI,1:0,,AFC Nations Cup 2023 Q,True
3716,2022-06-14,AFG,CAM,2:2,,AFC Nations Cup 2023 Q,True
3717,2022-06-14,UZB,THA,2:0,,AFC Nations Cup 2023 Q,False
3718,2022-06-14,BER,MSR,3:0,,CONCACAF Nations League 2023,False
3719,2022-06-14,MAS,BAN,4:1,,AFC Nations Cup 2023 Q,False
3720,2022-06-14,KGZ,TJK,0:0,,AFC Nations Cup 2023 Q,False
3721,2022-06-14,MYA,SIN,2:6,,AFC Nations Cup 2023 Q,True
3722,2022-06-14,JAM,MEX,1:1,,CONCACAF Nations League 2023,False
3723,2022-06-14,SLV,USA,1:1,,CONCACAF Nations League 2023,False
3724,2022-06-14,IND,HKG,4:0,,AFC Nations Cup 2023 Q,False
3725,2022-07-05,ANG,COM,3:1,,COSAFA Cup 2022,True
3726,2022-07-05,BOT,SEY,1:0,,COSAFA Cup 2022,True
3727,2022-07-06,SWZ,MRI,3:0,,COSAFA Cup 2022,True
3728,2022-07-06,LES,MWI,2:1,,COSAFA Cup 2022,True
3729,2022-07-07,BOT,COM,1:0,,COSAFA Cup 2022,True
3730,2022-07-07,ANG,SEY,3:0,,COSAFA Cup 2022,True
3731,2022-07-08,SWZ,MWI,1:1,,COSAFA Cup 2022,True
3732,2022-07-08,LES,MRI,2:1,,COSAFA Cup 2022,True
3733,2022-07-10,ANG,BOT,0:1,,COSAFA Cup 2022,True
3734,2022-07-10,COM,SEY,2:1,,COSAFA Cup 2022,True
3735,2022-07-10,SWZ,LES,2:0,,COSAFA Cup 2022,True
3736,2022-07-10,MWI,MRI,2:0,,COSAFA Cup 2022,True
3737,2022-07-12,MAD,NAM,0:2,,COSAFA Cup 2022,True
3738,2022-07-12,ZAM,BOT,1:1,5:4,COSAFA Cup 2022,True
3739,2022-07-13,RSA,MOZ,0:0,4:5,COSAFA Cup 2022,False
3740,2022-07-13,SEN,SWZ,1:1,10:9,COSAFA Cup 2022,True
3741,2022-07-15,BOT,SWZ,2:0,,COSAFA Cup 2022,True
3742,2022-07-15,RSA,MAD,2:1,,COSAFA Cup 2022,False
3743,2022-07-15,MOZ,NAM,0:1,,COSAFA Cup 2022,True
3744,2022-07-15,ZAM,SEN,4:3,,COSAFA Cup 2022,True
3745,2022-07-16,PHI,TLS,4:1,,Friendly 2022,True
3746,2022-07-17,ZAM,NAM,1:0 a.e.t.,,COSAFA Cup 2022,True
3747,2022-07-17,SEN,MOZ,1:1,4:2,COSAFA Cup 2022,True
3748,2022-07-17,RSA,BOT,2:1,,COSAFA Cup 2022,False
3749,2022-07-19,JPN,HKG,6:0,,East Asian Championship 2022,False
3750,2022-07-20,KOR,CHN,3:0,,East Asian Championship 2022,True
3751,2022-07-22,COM,RSA,0:1,,African Nations Championship 2023 Q,False
3752,2022-07-22,ETH,SSD,0:0,,African Nations Championship 2023 Q,False
3753,2022-07-23,SOM,TAN,0:1,,African Nations Championship 2023 Q,False
3754,2022-07-23,SWZ,BOT,0:0,,African Nations Championship 2023 Q,True
3755,2022-07-23,MAD,SEY,1:0,,African Nations Championship 2023 Q,True
3756,2022-07-23,GAM,GNB,1:0,,African Nations Championship 2023 Q,False
3757,2022-07-24,JPN,CHN,0:0,,East Asian Championship 2022,False
3758,2022-07-24,GHA,BEN,3:0,,African Nations Championship 2023 Q,False
3759,2022-07-24,SLE,CPV,2:0,,African Nations Championship 2023 Q,False
3760,2022-07-24,KOR,HKG,3:0,,East Asian Championship 2022,True
3761,2022-07-24,MOZ,ZAM,0:0,,African Nations Championship 2023 Q,False
3762,2022-07-24,MRI,ANG,0:2,,African Nations Championship 2023 Q,False
3763,2022-07-24,BDI,DJI,2:1,,African Nations Championship 2023 Q,False
3764,2022-07-24,SEN,LBR,3:0,,African Nations Championship 2023 Q,False
3765,2022-07-26,GNB,GAM,1:0,5:3,African Nations Championship 2023 Q,False
3766,2022-07-27,CPV,SLE,2:1,,African Nations Championship 2023 Q,False
3767,2022-07-27,CHN,HKG,1:0,,East Asian Championship 2022,True
3768,2022-07-27,JPN,KOR,3:0,,East Asian Championship 2022,False
3769,2022-07-28,SSD,ETH,0:5,,African Nations Championship 2023 Q,False
3770,2022-07-29,DJI,BDI,2:1,4:2,African Nations Championship 2023 Q,False
3771,2022-07-30,TAN,SOM,2:1,,African Nations Championship 2023 Q,False
3772,2022-07-30,ANG,MRI,1:0,,African Nations Championship 2023 Q,False
3773,2022-07-30,MOZ,ZAM,1:0,,African Nations Championship 2023 Q,False
3774,2022-07-30,LBR,SEN,2:1,,African Nations Championship 2023 Q,False
3775,2022-07-30,GHA,BEN,1:0,,African Nations Championship 2023 Q,True
3776,2022-07-30,RSA,COM,0:0,,African Nations Championship 2023 Q,False
3777,2022-07-31,MAD,SEY,3:0,,African Nations Championship 2023 Q,False
3778,2022-07-31,SWZ,BOT,2:2,,African Nations Championship 2023 Q,False
3779,2022-08-15,MLI,MTN,0:1,,Friendly 2022,True
3780,2022-08-18,MLI,MTN,1:1,,Friendly 2022,True
3781,2022-08-20,MAR,QAT,2:2,,Friendly 2022,True
3782,2022-08-23,GHA,QAT,1:2,,Friendly 2022,True
3783,2022-08-23,MAR,JAM,3:0,,Friendly 2022,True
3784,2022-08-26,DJI,SDN,1:4,,African Nations Championship 2023 Q,False
3785,2022-08-26,RWA,ETH,0:0,,African Nations Championship 2023 Q,False
3786,2022-08-26,JAM,QAT,1:1,,Friendly 2022,True
3787,2022-08-27,BOT,MAD,0:1,,African Nations Championship 2023 Q,False
3788,2022-08-27,MOZ,MWI,1:1,,African Nations Championship 2023 Q,True
3789,2022-08-27,GUI,SEN,0:1,,African Nations Championship 2023 Q,False
3790,2022-08-27,SLE,MLI,1:2,,African Nations Championship 2023 Q,False
3791,2022-08-27,CIV,BFA,0:0,,African Nations Championship 2023 Q,False
3792,2022-08-28,NGA,GHA,0:2,,African Nations Championship 2023 Q,False
3793,2022-08-28,ANG,RSA,2:0,,African Nations Championship 2023 Q,False
3794,2022-08-28,EQG,CMR,1:0,,African Nations Championship 2023 Q,False
3795,2022-08-28,TOG,NIG,1:0,,African Nations Championship 2023 Q,False
3796,2022-08-28,CTA,CGO,2:1,,African Nations Championship 2023 Q,False
3797,2022-08-28,UGA,TAN,1:0,,African Nations Championship 2023 Q,False
3798,2022-08-28,CHA,COD,1:2,,African Nations Championship 2023 Q,False
3799,2022-08-29,GNB,MTN,0:1,,African Nations Championship 2023 Q,False
3800,2022-08-31,MEX,PAR,0:1,,Friendly 2022,True
3801,2022-09-02,MTN,GNB,1:0,,African Nations Championship 2023 Q,False
3802,2022-09-02,SEN,GUI,0:1,5:3,African Nations Championship 2023 Q,False
3803,2022-09-02,SDN,DJI,3:2,,African Nations Championship 2023 Q,False
3804,2022-09-02,MAD,BOT,1:1,,African Nations Championship 2023 Q,False
3805,2022-09-03,ETH,RWA,1:0,,African Nations Championship 2023 Q,False
3806,2022-09-03,TAN,UGA,0:3,,African Nations Championship 2023 Q,False
3807,2022-09-03,CMR,EQG,2:0,,African Nations Championship 2023 Q,False
3808,2022-09-03,MLI,SLE,2:0,,African Nations Championship 2023 Q,False
3809,2022-09-03,NIG,TOG,3:1,,African Nations Championship 2023 Q,False
3810,2022-09-03,GHA,NGA,0:2,5:4,African Nations Championship 2023 Q,False
3811,2022-09-04,CGO,CTA,1:0,,African Nations Championship 2023 Q,False
3812,2022-09-04,COD,CHA,5:0,,African Nations Championship 2023 Q,False
3813,2022-09-04,MWI,MOZ,0:0,,African Nations Championship 2023 Q,True
3814,2022-09-04,RSA,ANG,1:4,,African Nations Championship 2023 Q,False
3815,2022-09-04,CIV,BFA,0:0,5:3,African Nations Championship 2023 Q,False
3816,2022-09-21,SCO,UKR,3:0,,UEFA Nations League 2023,False
3817,2022-09-21,NCL,SOL,0:1,,Melanesian Cup 2022,True
3818,2022-09-21,SMR,SEY,0:0,,Friendly 2022,False
3819,2022-09-21,LBY,UGA,0:0,,Friendly 2022,False
3820,2022-09-21,VIE,SIN,4:0,,Friendly 2022,False
3821,2022-09-21,BRU,MDV,0:3,,Friendly 2022,False
3822,2022-09-21,HKG,MYA,2:0,,Friendly 2022,False
3823,2022-09-22,BEL,WAL,2:1,,UEFA Nations League 2023,False
3824,2022-09-22,LVA,MDA,1:2,,UEFA Nations League 2023,False
3825,2022-09-22,SVK,AZE,1:2,,UEFA Nations League 2023,False
3826,2022-09-22,KAZ,BLR,2:1,,UEFA Nations League 2023,False
3827,2022-09-22,TUR,LUX,3:3,,UEFA Nations League 2023,False
3828,2022-09-22,LTU,FRO,1:1,,UEFA Nations League 2023,False
3829,2022-09-22,POL,NED,0:2,,UEFA Nations League 2023,False
3830,2022-09-22,FRA,AUT,2:0,,UEFA Nations League 2023,False
3831,2022-09-22,THA,MAS,1:1,3:5,Friendly 2022,False
3832,2022-09-22,VEN,ISL,0:1,,Friendly 2022,True
3833,2022-09-22,TUN,COM,1:0,,Friendly 2022,True
3834,2022-09-22,SUR,NCA,2:1,,Friendly 2022,True
3835,2022-09-22,CAM,BAN,0:1,,Friendly 2022,False
3836,2022-09-22,AUS,NZL,1:0,,Friendly 2022,False
3837,2022-09-22,TJK,TRI,2:1,,Friendly 2022,True
3838,2022-09-22,LIE,AND,0:2,,UEFA Nations League 2023,False
3839,2022-09-22,CRO,DEN,2:1,,UEFA Nations League 2023,False
3840,2022-09-23,PAR,UAE,1:0,,Friendly 2022,True
3841,2022-09-23,KSA,ECU,0:0,,Friendly 2022,True
3842,2022-09-23,MLI,ZAM,1:0,,Friendly 2022,False
3843,2022-09-23,MAR,CHI,2:0,,Friendly 2022,True
3844,2022-09-23,GER,HUN,0:1,,UEFA Nations League 2023,False
3845,2022-09-23,KOR,CRC,2:2,,Friendly 2022,False
3846,2022-09-23,BIH,MNE,1:0,,UEFA Nations League 2023,False
3847,2022-09-23,FIN,ROU,1:1,,UEFA Nations League 2023,False
3848,2022-09-23,BUL,GIB,5:1,,UEFA Nations League 2023,False
3849,2022-09-23,GEO,MKD,2:0,,UEFA Nations League 2023,False
3850,2022-09-23,ITA,ENG,1:0,,UEFA Nations League 2023,False
3851,2022-09-23,JPN,USA,2:0,,Friendly 2022,True
3852,2022-09-23,EST,MLT,2:1,,UEFA Nations League 2023,False
3853,2022-09-23,EQG,RWA,0:0,,Friendly 2022,True
3854,2022-09-23,EGY,NIG,3:0,,Friendly 2022,False
3855,2022-09-23,IRQ,OMA,1:1,3:4,Friendly 2022,True
3856,2022-09-23,JOR,SYR,2:0,,Friendly 2022,False
3857,2022-09-23,ALG,GUI,1:0,,Friendly 2022,False
3858,2022-09-23,ARG,HON,3:0,,Friendly 2022,True
3859,2022-09-23,IRN,URU,1:0,,Friendly 2022,True
3860,2022-09-23,BRA,GHA,3:0,,Friendly 2022,True
3861,2022-09-23,CMR,UZB,0:2,,Friendly 2022,True
3862,2022-09-23,CAN,QAT,2:0,,Friendly 2022,True
3863,2022-09-23,COD,BFA,0:1,,Friendly 2022,True
3864,2022-09-23,BHR,CPV,1:2,,Friendly 2022,False
3865,2022-09-24,VAN,PNG,0:1,,Melanesian Cup 2022,False
3866,2022-09-24,NIR,KOS,2:1,,UEFA Nations League 2023,False
3867,2022-09-24,CYP,GRE,1:0,,UEFA Nations League 2023,False
3868,2022-09-24,SVN,NOR,2:1,,UEFA Nations League 2023,False
3869,2022-09-24,SRB,SWE,4:1,,UEFA Nations League 2023,False
3870,2022-09-24,ISR,ALB,2:1,,UEFA Nations League 2023,False
3871,2022-09-24,SCO,IRL,2:1,,UEFA Nations League 2023,False
3872,2022-09-24,ARM,UKR,0:5,,UEFA Nations League 2023,False
3873,2022-09-24,ESP,SUI,1:2,,UEFA Nations League 2023,False
3874,2022-09-24,CZE,POR,0:4,,UEFA Nations League 2023,False
3875,2022-09-24,RSA,SLE,4:0,,Friendly 2022,False
3876,2022-09-24,FIJ,SOL,2:2,,Melanesian Cup 2022,True
3877,2022-09-24,MEX,PER,1:0,,Friendly 2022,True
3878,2022-09-24,SEN,BOL,2:0,,Friendly 2022,True
3879,2022-09-24,LAO,MDV,1:3,,Friendly 2022,True
3880,2022-09-24,TAN,UGA,1:0,,Friendly 2022,True
3881,2022-09-24,SIN,IND,1:1,,Friendly 2022,True
3882,2022-09-24,COL,GUA,4:1,,Friendly 2022,True
3883,2022-09-24,BEN,MTN,0:1,,Friendly 2022,True
3884,2022-09-24,CIV,TOG,2:1,,Friendly 2022,True
3885,2022-09-24,GRN,VIN,1:3,,Friendly 2022,False
3886,2022-09-24,HKG,MYA,0:0,,Friendly 2022,False
3887,2022-09-24,IDN,CUW,3:2,,Friendly 2022,False
3888,2022-09-24,CGO,MAD,3:3,,Friendly 2022,True
3889,2022-09-25,LUX,LTU,1:0,,UEFA Nations League 2023,False
3890,2022-09-25,MDA,LIE,2:0,,UEFA Nations League 2023,False
3891,2022-09-25,AND,LVA,1:1,,UEFA Nations League 2023,False
3892,2022-09-25,SVK,BLR,1:1,,UEFA Nations League 2023,False
3893,2022-09-25,AZE,KAZ,3:0,,UEFA Nations League 2023,False
3894,2022-09-25,FRO,TUR,2:1,,UEFA Nations League 2023,False
3895,2022-09-25,NZL,AUS,0:2,,Friendly 2022,False
3896,2022-09-25,NED,BEL,1:0,,UEFA Nations League 2023,False
3897,2022-09-25,DEN,FRA,2:0,,UEFA Nations League 2023,False
3898,2022-09-25,AUT,CRO,1:3,,UEFA Nations League 2023,False
3899,2022-09-25,THA,TRI,2:1,,Friendly 2022,False
3900,2022-09-25,TJK,MAS,0:0,3:0,Friendly 2022,True
3901,2022-09-25,WAL,POL,0:1,,UEFA Nations League 2023,False
3902,2022-09-26,ROU,BIH,4:1,,UEFA Nations League 2023,False
3903,2022-09-26,SMR,EST,0:4,,UEFA Nations League 2023,False
3904,2022-09-26,MKD,BUL,0:1,,UEFA Nations League 2023,False
3905,2022-09-26,GIB,GEO,1:2,,UEFA Nations League 2023,False
3906,2022-09-26,MNE,FIN,0:2,,UEFA Nations League 2023,False
3907,2022-09-26,SYR,IRQ,0:1,,Friendly 2022,True
3908,2022-09-26,ENG,GER,3:3,,UEFA Nations League 2023,False
3909,2022-09-26,JOR,OMA,1:0,,Friendly 2022,False
3910,2022-09-26,HUN,ITA,0:2,,UEFA Nations League 2023,False
3911,2022-09-26,ETH,SDN,2:2,,Friendly 2022,False
3912,2022-09-27,MEX,COL,2:3,,Friendly 2022,True
3913,2022-09-27,NEP,BAN,3:1,,Friendly 2022,False
3914,2022-09-27,NCA,GHA,0:1,,Friendly 2022,True
3915,2022-09-27,PAR,MAR,0:0,,Friendly 2022,True
3916,2022-09-27,PER,SLV,4:1,,Friendly 2022,True
3917,2022-09-27,KSA,USA,0:0,,Friendly 2022,True
3918,2022-09-27,SEN,IRN,1:1,,Friendly 2022,True
3919,2022-09-27,RSA,BOT,1:0,,Friendly 2022,False
3920,2022-09-27,KOS,CYP,5:1,,UEFA Nations League 2023,False
3921,2022-09-27,UAE,VEN,0:4,,Friendly 2022,True
3922,2022-09-27,MLT,ISR,2:1,,Friendly 2022,False
3923,2022-09-27,SUI,CZE,2:1,,UEFA Nations League 2023,False
3924,2022-09-27,IRL,ARM,3:2,,UEFA Nations League 2023,False
3925,2022-09-27,UKR,SCO,0:0,,UEFA Nations League 2023,True
3926,2022-09-27,ALB,ISL,1:1,,UEFA Nations League 2023,False
3927,2022-09-27,NOR,SRB,0:2,,UEFA Nations League 2023,False
3928,2022-09-27,SWE,SVN,1:1,,UEFA Nations League 2023,False
3929,2022-09-27,GRE,NIR,3:1,,UEFA Nations League 2023,False
3930,2022-09-27,PNG,FIJ,1:0,,Melanesian Cup 2022,True
3931,2022-09-27,POR,ESP,0:1,,UEFA Nations League 2023,False
3932,2022-09-27,IDN,CUW,2:1,,Friendly 2022,False
3933,2022-09-27,HON,GUA,2:1,,Friendly 2022,True
3934,2022-09-27,BRU,LAO,1:0,,Friendly 2022,False
3935,2022-09-27,EGY,LBR,3:0,,Friendly 2022,True
3936,2022-09-27,LBY,TAN,2:1,,Friendly 2022,False
3937,2022-09-27,VIE,IND,3:0,,Friendly 2022,False
3938,2022-09-27,ALG,NGA,2:1,,Friendly 2022,False
3939,2022-09-27,ARG,JAM,3:0,,Friendly 2022,True
3940,2022-09-27,BHR,PAN,0:2,,Friendly 2022,False
3941,2022-09-27,BEN,MAD,1:3,,Friendly 2022,True
3942,2022-09-27,KOR,CMR,1:0,,Friendly 2022,False
3943,2022-09-27,BRA,TUN,5:1,,Friendly 2022,True
3944,2022-09-27,CAN,URU,0:2,,Friendly 2022,True
3945,2022-09-27,CHI,QAT,2:2,,Friendly 2022,True
3946,2022-09-27,CGO,MTN,0:2,,Friendly 2022,True
3947,2022-09-27,COD,SLE,3:0,,Friendly 2022,True
3948,2022-09-27,CRC,UZB,2:1,,Friendly 2022,True
3949,2022-09-27,CIV,GUI,3:1,,Friendly 2022,True
3950,2022-09-27,ECU,JPN,0:0,,Friendly 2022,True
3951,2022-09-27,EQG,TOG,2:2,,Friendly 2022,True
3952,2022-09-27,BFA,COM,2:1,,Friendly 2022,True
3953,2022-10-13,QAT,NCA,2:1,,Friendly 2022,True
3954,2022-10-23,QAT,GUA,2:0,,Friendly 2022,True
3955,2022-10-27,QAT,HON,1:0,,Friendly 2022,True
3956,2022-10-30,KSA,HON,0:0,,Friendly 2022,True
3957,2022-11-05,QAT,PAN,2:1,,Friendly 2022,True
3958,2022-11-05,BRU,TLS,6:2,,South East Asian Championship 2022 Q,False
3959,2022-11-06,KSA,ISL,1:0,,Friendly 2022,True
3960,2022-11-08,BRU,TLS,0:1,,South East Asian Championship 2022 Q,False
3961,2022-11-09,CMR,JAM,1:1,,Friendly 2022,False
3962,2022-11-09,CRC,NGA,2:0,,Friendly 2022,False
3963,2022-11-09,MEX,IRQ,4:0,,Friendly 2022,True
3964,2022-11-09,QAT,ALB,1:0,,Friendly 2022,True
3965,2022-11-10,IRN,NCA,1:0,,Friendly 2022,False
3966,2022-11-10,KSA,PAN,1:1,,Friendly 2022,True
3967,2022-11-11,KOR,ISL,1:0,,Friendly 2022,False
3968,2022-11-11,BHR,CAN,2:2,,Friendly 2022,False
3969,2022-11-12,ECU,IRQ,0:0,,Friendly 2022,True
3970,2022-11-15,PAN,VEN,2:2,,Friendly 2022,True
3971,2022-11-16,NEP,PAK,1:0,,Friendly 2022,False
3972,2022-11-16,UZB,KAZ,2:0,,Friendly 2022,False
3973,2022-11-16,UAE,ARG,0:5,,Friendly 2022,False
3974,2022-11-16,TUR,SCO,2:1,,Friendly 2022,False
3975,2022-11-16,KSA,CRO,0:1,,Friendly 2022,False
3976,2022-11-16,POL,CHI,1:0,,Friendly 2022,False
3977,2022-11-16,PER,PAR,1:0,,Friendly 2022,False
3978,2022-11-16,OMA,GER,0:1,,Friendly 2022,False
3979,2022-11-16,NCA,SLV,1:0,,Friendly 2022,False
3980,2022-11-16,MDA,AZE,1:2,,Friendly 2022,False
3981,2022-11-16,CYP,BUL,0:2,,Friendly 2022,False
3982,2022-11-16,KOS,ARM,2:2,,Friendly 2022,False
3983,2022-11-16,LVA,EST,1:1,5:3,Friendly 2022,False
3984,2022-11-16,MEX,SWE,1:2,,Friendly 2022,True
3985,2022-11-16,ALB,ITA,1:3,,Friendly 2022,False
3986,2022-11-16,ALG,MLI,1:1,,Friendly 2022,False
3987,2022-11-16,LTU,ISL,0:0,5:6,Friendly 2022,False
3988,2022-11-16,CIV,BDI,4:0,,Friendly 2022,True
3989,2022-11-16,CZE,FRO,5:0,,Friendly 2022,False
3990,2022-11-16,GIB,LIE,2:0,,Friendly 2022,False
3991,2022-11-16,AUT,AND,1:0,,Friendly 2022,True
3992,2022-11-17,POR,NGA,4:0,,Friendly 2022,False
3993,2022-11-17,TJK,RUS,0:0,,Friendly 2022,False
3994,2022-11-17,SYR,BLR,0:1,,Friendly 2022,True
3995,2022-11-17,LCA,SMR,1:1,,Friendly 2022,False
3996,2022-11-17,RSA,MOZ,2:1,,Friendly 2022,False
3997,2022-11-17,ROU,SVN,1:2,,Friendly 2022,False
3998,2022-11-17,IRL,NOR,1:2,,Friendly 2022,False
3999,2022-11-17,MKD,FIN,1:1,,Friendly 2022,False
4000,2022-11-17,SUI,GHA,0:2,,Friendly 2022,True
4001,2022-11-17,MNE,SVK,2:2,,Friendly 2022,False
4002,2022-11-17,CAN,JPN,2:1,,Friendly 2022,True
4003,2022-11-17,MAR,GEO,3:0,,Friendly 2022,True
4004,2022-11-17,GAB,GNB,3:1,,Friendly 2022,True
4005,2022-11-17,ANG,BOT,1:0,,Friendly 2022,True
4006,2022-11-17,LBY,NIG,3:2,,Friendly 2022,True
4007,2022-11-17,LUX,HUN,2:2,,Friendly 2022,False
4008,2022-11-17,MLT,GRE,2:2,,Friendly 2022,False
4009,2022-11-17,ISR,ZAM,4:2,,Friendly 2022,False
4010,2022-11-18,BHR,SRB,1:5,,Friendly 2022,False
4011,2022-11-18,BEL,EGY,1:2,,Friendly 2022,True
4012,2022-11-18,CMR,PAN,1:1,,Friendly 2022,True
4013,2022-11-19,KUW,LIB,2:0,,Friendly 2022,True
4014,2022-11-19,UAE,KAZ,2:1,,Friendly 2022,False
4015,2022-11-19,TUR,CZE,2:1,,Friendly 2022,False
4016,2022-11-19,SWE,ALG,2:0,,Friendly 2022,False
4017,2022-11-19,PER,BOL,1:0,,Friendly 2022,False
4018,2022-11-19,KOS,FRO,1:1,,Friendly 2022,False
4019,2022-11-19,CIV,BFA,1:2,,Friendly 2022,True
4020,2022-11-19,GIB,AND,1:0,,Friendly 2022,False
4021,2022-11-19,COL,PAR,2:0,,Friendly 2022,True
4022,2022-11-19,ALB,ARM,2:0,,Friendly 2022,False
4023,2022-11-19,LVA,ISL,1:1,7:8,Friendly 2022,False
4024,2022-11-19,EST,LTU,2:0,,Friendly 2022,False
4025,2022-11-19,GUA,NCA,3:1,,Friendly 2022,True
4026,2022-11-20,NOR,FIN,1:1,,Friendly 2022,False
4027,2022-11-20,SYR,VEN,1:2,,Friendly 2022,True
4028,2022-11-20,RSA,ANG,1:1,,Friendly 2022,False
4029,2022-11-20,SVN,MNE,1:0,,Friendly 2022,False
4030,2022-11-20,UZB,RUS,0:0,,Friendly 2022,False
4031,2022-11-20,SVK,CHI,0:0,,Friendly 2022,False
4032,2022-11-20,OMA,BLR,2:0,,Friendly 2022,True
4033,2022-11-20,MKD,AZE,1:3,,Friendly 2022,False
4034,2022-11-20,GAM,GNB,0:0,,Friendly 2022,True
4035,2022-11-20,MLT,IRL,0:1,,Friendly 2022,False
4036,2022-11-20,LUX,BUL,0:0,,Friendly 2022,False
4037,2022-11-20,ISR,CYP,2:3,,Friendly 2022,False
4038,2022-11-20,HUN,GRE,2:1,,Friendly 2022,False
4039,2022-11-20,GAB,NIG,3:1,,Friendly 2022,True
4040,2022-11-20,AUT,ITA,2:0,,Friendly 2022,False
4041,2022-11-20,QAT,ECU,0:2,,FIFA World Cup 2022,False
4042,2022-11-20,MDA,ROU,0:5,,Friendly 2022,False
4043,2022-11-21,SEN,NED,0:2,,FIFA World Cup 2022,True
4044,2022-11-21,ENG,IRN,6:2,,FIFA World Cup 2022,True
4045,2022-11-21,USA,WAL,1:1,,FIFA World Cup 2022,True
4046,2022-11-22,FRA,AUS,4:1,,FIFA World Cup 2022,True
4047,2022-11-22,DEN,TUN,0:0,,FIFA World Cup 2022,True
4048,2022-11-22,ARG,KSA,1:2,,FIFA World Cup 2022,True
4049,2022-11-22,MEX,POL,0:0,,FIFA World Cup 2022,True
4050,2022-11-23,GER,JPN,1:2,,FIFA World Cup 2022,True
4051,2022-11-23,ESP,CRC,7:0,,FIFA World Cup 2022,True
4052,2022-11-23,BEL,CAN,1:0,,FIFA World Cup 2022,True
4053,2022-11-23,MAR,CRO,0:0,,FIFA World Cup 2022,True
4054,2022-11-24,URU,KOR,0:0,,FIFA World Cup 2022,True
4055,2022-11-24,BRA,SRB,2:0,,FIFA World Cup 2022,True
4056,2022-11-24,SUI,CMR,1:0,,FIFA World Cup 2022,True
4057,2022-11-24,POR,GHA,3:2,,FIFA World Cup 2022,True
4058,2022-11-25,ENG,USA,0:0,,FIFA World Cup 2022,True
4059,2022-11-25,WAL,IRN,0:2,,FIFA World Cup 2022,True
4060,2022-11-25,NED,ECU,1:1,,FIFA World Cup 2022,True
4061,2022-11-25,QAT,SEN,1:3,,FIFA World Cup 2022,False
4062,2022-11-26,ARG,MEX,2:0,,FIFA World Cup 2022,True
4063,2022-11-26,POL,KSA,2:0,,FIFA World Cup 2022,True
4064,2022-11-26,FRA,DEN,2:1,,FIFA World Cup 2022,True
4065,2022-11-26,TUN,AUS,0:1,,FIFA World Cup 2022,True
4066,2022-11-27,JPN,CRC,0:1,,FIFA World Cup 2022,True
4067,2022-11-27,ESP,GER,1:1,,FIFA World Cup 2022,True
4068,2022-11-27,BEL,MAR,0:2,,FIFA World Cup 2022,True
4069,2022-11-27,CRO,CAN,4:1,,FIFA World Cup 2022,True
4070,2022-11-28,POR,URU,2:0,,FIFA World Cup 2022,True
4071,2022-11-28,KOR,GHA,2:3,,FIFA World Cup 2022,True
4072,2022-11-28,CMR,SRB,3:3,,FIFA World Cup 2022,True
4073,2022-11-28,BRA,SUI,1:0,,FIFA World Cup 2022,True
4074,2022-11-29,ECU,SEN,1:2,,FIFA World Cup 2022,True
4075,2022-11-29,QAT,NED,0:2,,FIFA World Cup 2022,False
4076,2022-11-29,IRN,USA,0:1,,FIFA World Cup 2022,True
4077,2022-11-29,WAL,ENG,0:3,,FIFA World Cup 2022,True
4078,2022-11-30,POL,ARG,0:2,,FIFA World Cup 2022,True
4079,2022-11-30,KSA,MEX,1:2,,FIFA World Cup 2022,True
4080,2022-11-30,AUS,DEN,1:0,,FIFA World Cup 2022,True
4081,2022-11-30,TUN,FRA,1:0,,FIFA World Cup 2022,True
4082,2022-12-01,CAN,MAR,1:2,,FIFA World Cup 2022,True
4083,2022-12-01,CRO,BEL,0:0,,FIFA World Cup 2022,True
4084,2022-12-01,CRC,GER,2:4,,FIFA World Cup 2022,True
4085,2022-12-01,JPN,ESP,2:1,,FIFA World Cup 2022,True
4086,2022-12-02,CMR,BRA,1:0,,FIFA World Cup 2022,True
4087,2022-12-02,SRB,SUI,2:3,,FIFA World Cup 2022,True
4088,2022-12-02,GHA,URU,0:2,,FIFA World Cup 2022,True
4089,2022-12-02,KOR,POR,2:1,,FIFA World Cup 2022,True
4090,2022-12-03,ARG,AUS,2:1,,FIFA World Cup 2022,True
4091,2022-12-03,NED,USA,3:1,,FIFA World Cup 2022,True
4092,2022-12-04,ENG,SEN,3:0,,FIFA World Cup 2022,True
4093,2022-12-04,FRA,POL,3:1,,FIFA World Cup 2022,True
4094,2022-12-05,BRA,KOR,4:1,,FIFA World Cup 2022,True
4095,2022-12-05,JPN,CRO,1:1 a.e.t.,1:3,FIFA World Cup 2022,True
4096,2022-12-06,POR,SUI,6:1,,FIFA World Cup 2022,True
4097,2022-12-06,MAR,ESP,0:0 a.e.t.,3:0,FIFA World Cup 2022,True
4098,2022-12-09,CRO,BRA,1:1 a.e.t.,4:2,FIFA World Cup 2022,True
4099,2022-12-09,NED,ARG,2:2 a.e.t.,3:4,FIFA World Cup 2022,True
4100,2022-12-09,MAS,CAM,4:0,,Friendly 2022,False
4101,2022-12-10,ENG,FRA,1:2,,FIFA World Cup 2022,True
4102,2022-12-10,MAR,POR,1:0,,FIFA World Cup 2022,True
4103,2022-12-11,THA,MYA,6:0,,Friendly 2022,False
4104,2022-12-13,ARG,CRO,3:0,,FIFA World Cup 2022,True
4105,2022-12-14,FRA,MAR,2:0,,FIFA World Cup 2022,True
4106,2022-12-14,MAS,MDV,3:0,,Friendly 2022,False
4107,2022-12-14,THA,TPE,0:1,,Friendly 2022,False
4108,2022-12-14,VIE,PHI,1:0,,Friendly 2022,False
4109,2022-12-17,CRO,MAR,2:1,,FIFA World Cup 2022,True
4110,2022-12-17,SIN,MDV,3:1,,Friendly 2022,False
4111,2022-12-18,ARG,FRA,3:3 a.e.t.,4:2,FIFA World Cup 2022,True
4112,2022-12-20,BRU,THA,0:5,,South East Asian Championship 2022,True
4113,2022-12-20,CAM,PHI,3:2,,South East Asian Championship 2022,False
4114,2022-12-21,LAO,VIE,0:6,,South East Asian Championship 2022,False
4115,2022-12-21,MYA,MAS,0:1,,South East Asian Championship 2022,False
4116,2022-12-23,OMA,SYR,2:1,,Friendly 2022,True
4117,2022-12-23,IDN,CAM,2:1,,South East Asian Championship 2022,False
4118,2022-12-23,PHI,BRU,5:1,,South East Asian Championship 2022,False
4119,2022-12-24,MAS,LAO,5:0,,South East Asian Championship 2022,False
4120,2022-12-24,SIN,MYA,3:2,,South East Asian Championship 2022,False
4121,2022-12-26,BRU,IDN,0:7,,South East Asian Championship 2022,True
4122,2022-12-26,THA,PHI,4:0,,South East Asian Championship 2022,False
4123,2022-12-27,VIE,MAS,3:0,,South East Asian Championship 2022,False
4124,2022-12-27,LAO,SIN,0:2,,South East Asian Championship 2022,False
4125,2022-12-29,CAM,BRU,5:1,,South East Asian Championship 2022,False
4126,2022-12-29,IDN,THA,1:1,,South East Asian Championship 2022,False
4127,2022-12-30,OMA,SYR,1:0,,Friendly 2022,True
4128,2022-12-30,UAE,LIB,1:0,,Friendly 2022,False
4129,2022-12-30,MYA,LAO,2:2,,South East Asian Championship 2022,False
4130,2022-12-30,SIN,VIE,0:0,,South East Asian Championship 2022,False
4131,2023-01-02,PHI,IDN,1:2,,South East Asian Championship 2022,False
4132,2023-01-02,THA,CAM,3:1,,South East Asian Championship 2022,False
4133,2023-01-03,MAS,SIN,4:1,,South East Asian Championship 2022,False
4134,2023-01-03,VIE,MYA,3:0,,South East Asian Championship 2022,False
4135,2023-01-06,YEM,KSA,0:2,,Gulf Cup 2023,True
4136,2023-01-06,IDN,VIE,0:0,,South East Asian Championship 2022,False
4137,2023-01-06,IRQ,OMA,0:0,,Gulf Cup 2023,False
4138,2023-01-07,BHR,UAE,2:1,,Gulf Cup 2023,True
4139,2023-01-07,KUW,QAT,0:2,,Gulf Cup 2023,True
4140,2023-01-07,MAS,THA,1:0,,South East Asian Championship 2022,False
4141,2023-01-08,ISL,EST,1:1,,Friendly 2023,True
4142,2023-01-09,SWE,FIN,2:0,,Friendly 2023,True
4143,2023-01-09,OMA,YEM,3:2,,Gulf Cup 2023,True
4144,2023-01-09,IRQ,KSA,2:0,,Gulf Cup 2023,False
4145,2023-01-09,VIE,IDN,2:0,,South East Asian Championship 2022,False
4146,2023-01-10,THA,MAS,3:0,,South East Asian Championship 2022,False
4147,2023-01-10,QAT,BHR,1:2,,Gulf Cup 2023,True
4148,2023-01-10,UAE,KUW,0:1,,Gulf Cup 2023,True
4149,2023-01-12,KSA,OMA,1:2,,Gulf Cup 2023,True
4150,2023-01-12,IRQ,YEM,5:0,,Gulf Cup 2023,False
4151,2023-01-12,FIN,EST,0:1,,Friendly 2023,True
4152,2023-01-12,SWE,ISL,2:1,,Friendly 2023,True
4153,2023-01-13,ALG,LBY,1:0,,African Nations Championship 2023,False
4154,2023-01-13,BHR,KUW,1:1,,Gulf Cup 2023,True
4155,2023-01-13,QAT,UAE,1:1,,Gulf Cup 2023,True
4156,2023-01-13,VIE,THA,2:2,,South East Asian Championship 2022,False
4157,2023-01-14,CIV,SEN,0:1,,African Nations Championship 2023,False
4158,2023-01-14,ETH,MOZ,0:0,,African Nations Championship 2023,False
4159,2023-01-14,COD,UGA,0:0,,African Nations Championship 2023,False
4160,2023-01-15,MAD,GHA,2:1,,African Nations Championship 2023,False
4161,2023-01-16,THA,VIE,1:0,,South East Asian Championship 2022,False
4162,2023-01-16,BHR,OMA,0:1,,Gulf Cup 2023,True
4163,2023-01-16,IRQ,QAT,2:1,,Gulf Cup 2023,False
4164,2023-01-16,ANG,MLI,3:3,,African Nations Championship 2023,True
4165,2023-01-16,CMR,CGO,1:0,,African Nations Championship 2023,False
4166,2023-01-17,ALG,ETH,1:0,,African Nations Championship 2023,False
4167,2023-01-17,MOZ,LBY,3:2,,African Nations Championship 2023,False
4168,2023-01-18,COD,CIV,0:0,,African Nations Championship 2023,False
4169,2023-01-18,UGA,SEN,1:0,,African Nations Championship 2023,True
4170,2023-01-19,SDN,GHA,1:3,,African Nations Championship 2023,False
4171,2023-01-19,IRQ,OMA,3:2 a.e.t.,,Gulf Cup 2023,False
4172,2023-01-20,MTN,ANG,0:0,,African Nations Championship 2023,False
4173,2023-01-20,CGO,NIG,0:0,,African Nations Championship 2023,False
4174,2023-01-21,MOZ,ALG,0:1,,African Nations Championship 2023,False
4175,2023-01-21,LBY,ETH,3:1,,African Nations Championship 2023,False
4176,2023-01-22,SEN,COD,3:0,,African Nations Championship 2023,False
4177,2023-01-22,CIV,UGA,3:1,,African Nations Championship 2023,True
4178,2023-01-23,MAD,SDN,3:0,,African Nations Championship 2023,False
4179,2023-01-24,MTN,MLI,1:0,,African Nations Championship 2023,False
4180,2023-01-24,CMR,NIG,0:1,,African Nations Championship 2023,False
4181,2023-01-25,USA,SRB,1:2,,Friendly 2023,False
4182,2023-01-27,CIV,ALG,0:1,,African Nations Championship 2023,True
4183,2023-01-27,SEN,MTN,1:0,,African Nations Championship 2023,False
4184,2023-01-28,NIG,GHA,2:0,,African Nations Championship 2023,False
4185,2023-01-28,MOZ,MAD,1:3,,African Nations Championship 2023,False
4186,2023-01-28,USA,COL,0:0,,Friendly 2023,False
4187,2023-01-31,MAD,SEN,0:1,,African Nations Championship 2023,False
4188,2023-01-31,NIG,ALG,0:5,,African Nations Championship 2023,False
4189,2023-02-03,MAD,NIG,1:0,,African Nations Championship 2023,False
4190,2023-02-04,SEN,ALG,0:0,5:4,African Nations Championship 2023,True
4191,2023-02-24,GRN,BRB,2:2,,Friendly 2023,False
4192,2023-02-26,GRN,BRB,2:2,,Friendly 2023,False
4193,2023-03-03,GRN,LCA,1:2,,Friendly 2023,False
4194,2023-03-14,JAM,TRI,0:0,,Friendly 2023,False
4195,2023-03-20,FIJ,VAN,1:2,,Friendly 2023,False
4196,2023-03-21,MDV,PAK,1:0,,Friendly 2023,False
4197,2023-03-22,NEP,LAO,2:0,,Friendly 2023,False
4198,2023-03-22,IRL,LVA,3:2,,Friendly 2023,False
4199,2023-03-22,HON,SLV,1:0,,Friendly 2023,True
4200,2023-03-22,SLE,STP,2:2,,CAF Nations Cup 2023 Q,True
4201,2023-03-22,BEN,RWA,1:1,,CAF Nations Cup 2023 Q,False
4202,2023-03-22,IND,MYA,1:0,,Friendly 2023,False
4203,2023-03-23,ITA,ENG,1:2,,UEFA EURO 2024 Q,False
4204,2023-03-23,MAS,TKM,1:0,,Friendly 2023,False
4205,2023-03-23,NZL,CHN,0:0,,Friendly 2023,False
4206,2023-03-23,MKD,MLT,2:1,,UEFA EURO 2024 Q,False
4207,2023-03-23,SVK,LUX,0:0,,UEFA EURO 2024 Q,False
4208,2023-03-23,KAZ,SVN,1:2,,UEFA EURO 2024 Q,False
4209,2023-03-23,SMR,NIR,0:2,,UEFA EURO 2024 Q,False
4210,2023-03-23,BIH,ISL,3:0,,UEFA EURO 2024 Q,False
4211,2023-03-23,POR,LIE,4:0,,UEFA EURO 2024 Q,False
4212,2023-03-23,DEN,FIN,3:1,,UEFA EURO 2024 Q,False
4213,2023-03-23,HUN,EST,1:0,,Friendly 2023,False
4214,2023-03-23,IRN,RUS,1:1,,Friendly 2023,False
4215,2023-03-23,ARG,PAN,2:0,,Friendly 2023,False
4216,2023-03-23,GHA,ANG,1:0,,CAF Nations Cup 2023 Q,False
4217,2023-03-23,MAD,CTA,0:3,,CAF Nations Cup 2023 Q,False
4218,2023-03-23,ALG,NIG,2:1,,CAF Nations Cup 2023 Q,False
4219,2023-03-23,CGO,SSD,1:2,,CAF Nations Cup 2023 Q,False
4220,2023-03-23,ZAM,LES,3:1,,CAF Nations Cup 2023 Q,False
4221,2023-03-23,HKG,SIN,1:1,,Friendly 2023,False
4222,2023-03-23,SUR,MEX,0:2,,CONCACAF Nations League 2023,False
4223,2023-03-23,BRB,CUB,0:1,,CONCACAF Nations League 2023,False
4224,2023-03-23,VGB,PUR,1:3,,CONCACAF Nations League 2023,False
4225,2023-03-23,SOL,VAN,2:0,,Friendly 2023,True
4226,2023-03-23,GAB,SDN,1:0,,CAF Nations Cup 2023 Q,False
4227,2023-03-24,AIA,LCA,1:2,,CONCACAF Nations League 2023,False
4228,2023-03-24,AUS,ECU,3:1,,Friendly 2023,False
4229,2023-03-24,JPN,URU,1:1,,Friendly 2023,False
4230,2023-03-24,KOR,COL,2:2,,Friendly 2023,False
4231,2023-03-24,KUW,PHI,2:0,,Friendly 2023,False
4232,2023-03-24,KSA,VEN,1:2,,Friendly 2023,False
4233,2023-03-24,UZB,BOL,1:0,,Friendly 2023,True
4234,2023-03-24,GIB,GRE,0:3,,UEFA EURO 2024 Q,True
4235,2023-03-24,CZE,POL,3:1,,UEFA EURO 2024 Q,False
4236,2023-03-24,MDA,FRO,1:1,,UEFA EURO 2024 Q,False
4237,2023-03-24,AUT,AZE,4:1,,UEFA EURO 2024 Q,False
4238,2023-03-24,BLZ,GUA,1:2,,CONCACAF Nations League 2023,False
4239,2023-03-24,BUL,MNE,0:1,,UEFA EURO 2024 Q,False
4240,2023-03-24,SRB,LTU,2:0,,UEFA EURO 2024 Q,False
4241,2023-03-24,FRA,NED,4:0,,UEFA EURO 2024 Q,False
4242,2023-03-24,SWE,BEL,0:3,,UEFA EURO 2024 Q,False
4243,2023-03-24,BAH,TRI,0:3,,CONCACAF Nations League 2023,False
4244,2023-03-24,GRN,USA,1:7,,CONCACAF Nations League 2023,False
4245,2023-03-24,NGA,GNB,0:1,,CAF Nations Cup 2023 Q,False
4246,2023-03-24,BFA,TOG,1:0,,CAF Nations Cup 2023 Q,True
4247,2023-03-24,NCA,VIN,4:1,,CONCACAF Nations League 2023,False
4248,2023-03-24,CMR,NAM,1:1,,CAF Nations Cup 2023 Q,False
4249,2023-03-24,EGY,MWI,2:0,,CAF Nations Cup 2023 Q,False
4250,2023-03-24,GUI,ETH,2:0,,CAF Nations Cup 2023 Q,True
4251,2023-03-24,UGA,TAN,0:1,,CAF Nations Cup 2023 Q,True
4252,2023-03-24,CPV,SWZ,0:0,,CAF Nations Cup 2023 Q,False
4253,2023-03-24,CIV,COM,3:1,,CAF Nations Cup 2023 Q,False
4254,2023-03-24,COD,MTN,3:1,,CAF Nations Cup 2023 Q,False
4255,2023-03-24,EQG,BOT,2:0,,CAF Nations Cup 2023 Q,False
4256,2023-03-24,TUN,LBY,3:0,,CAF Nations Cup 2023 Q,False
4257,2023-03-24,RSA,LBR,2:2,,CAF Nations Cup 2023 Q,False
4258,2023-03-24,SEN,MOZ,5:1,,CAF Nations Cup 2023 Q,False
4259,2023-03-24,MLI,GAM,2:0,,CAF Nations Cup 2023 Q,False
4260,2023-03-25,UAE,TJK,0:0,,Friendly 2023,False
4261,2023-03-25,SCO,CYP,3:0,,UEFA EURO 2024 Q,False
4262,2023-03-25,ESP,NOR,3:0,,UEFA EURO 2024 Q,False
4263,2023-03-25,ARM,TUR,1:2,,UEFA EURO 2024 Q,False
4264,2023-03-25,BLR,SUI,0:5,,UEFA EURO 2024 Q,True
4265,2023-03-25,AND,ROU,0:2,,UEFA EURO 2024 Q,False
4266,2023-03-25,ISR,KOS,1:1,,UEFA EURO 2024 Q,False
4267,2023-03-25,SYR,THA,3:1,,Friendly 2023,True
4268,2023-03-25,CRO,WAL,1:1,,UEFA EURO 2024 Q,False
4269,2023-03-25,MAR,BRA,2:1,,Friendly 2023,False
4270,2023-03-25,TCA,VIR,1:0,,CONCACAF Nations League 2023,False
4271,2023-03-25,GER,PER,2:0,,Friendly 2023,False
4272,2023-03-25,CUW,CAN,0:2,,CONCACAF Nations League 2023,False
4273,2023-03-25,MSR,HAI,0:4,,CONCACAF Nations League 2023,False
4274,2023-03-25,IDN,BDI,3:1,,Friendly 2023,False
4275,2023-03-25,KGZ,MYA,1:1,,Friendly 2023,True
4276,2023-03-25,BER,GUY,0:2,,CONCACAF Nations League 2023,False
4277,2023-03-25,BHR,PLE,1:2,,Friendly 2023,False
4278,2023-03-25,BAN,SEY,1:0,,Friendly 2023,False
4279,2023-03-25,GEO,MNG,6:1,,Friendly 2023,False
4280,2023-03-25,BHU,LAO,1:2,,Friendly 2023,True
4281,2023-03-26,MLT,ITA,0:2,,UEFA EURO 2024 Q,False
4282,2023-03-26,SVK,BIH,2:0,,UEFA EURO 2024 Q,False
4283,2023-03-26,LUX,POR,0:6,,UEFA EURO 2024 Q,False
4284,2023-03-26,LIE,ISL,0:7,,UEFA EURO 2024 Q,False
4285,2023-03-26,SVN,SMR,2:0,,UEFA EURO 2024 Q,False
4286,2023-03-26,NIR,FIN,0:1,,UEFA EURO 2024 Q,False
4287,2023-03-26,KAZ,DEN,3:2,,UEFA EURO 2024 Q,False
4288,2023-03-26,RUS,IRQ,2:0,,Friendly 2023,False
4289,2023-03-26,ENG,UKR,2:0,,UEFA EURO 2024 Q,False
4290,2023-03-26,MAC,SIN,0:1,,Friendly 2023,False
4291,2023-03-26,FIJ,SOL,0:2,,Friendly 2023,False
4292,2023-03-26,PUR,CAY,5:1,,CONCACAF Nations League 2023,False
4293,2023-03-26,ATG,BRB,1:2,,CONCACAF Nations League 2023,False
4294,2023-03-26,MEX,JAM,2:2,,CONCACAF Nations League 2023,False
4295,2023-03-26,LES,ZAM,0:2,,CAF Nations Cup 2023 Q,True
4296,2023-03-26,STP,SLE,0:2,,CAF Nations Cup 2023 Q,True
4297,2023-03-26,NZL,CHN,2:1,,Friendly 2023,False
4298,2023-03-27,GRE,LTU,0:0,,Friendly 2023,False
4299,2023-03-27,MKD,FRO,1:0,,Friendly 2023,False
4300,2023-03-27,OMA,LIB,2:0,,Friendly 2023,False
4301,2023-03-27,NED,GIB,3:0,,UEFA EURO 2024 Q,False
4302,2023-03-27,IRL,FRA,0:1,,UEFA EURO 2024 Q,False
4303,2023-03-27,HUN,BUL,3:0,,UEFA EURO 2024 Q,False
4304,2023-03-27,POL,ALB,1:0,,UEFA EURO 2024 Q,False
4305,2023-03-27,AUT,EST,2:1,,UEFA EURO 2024 Q,False
4306,2023-03-27,SWE,AZE,5:0,,UEFA EURO 2024 Q,False
4307,2023-03-27,MNE,SRB,0:2,,UEFA EURO 2024 Q,False
4308,2023-03-27,MDA,CZE,0:0,,UEFA EURO 2024 Q,False
4309,2023-03-27,CHI,PAR,3:2,,Friendly 2023,False
4310,2023-03-27,TRI,NCA,1:1,,CONCACAF Nations League 2023,False
4311,2023-03-27,SKN,ARU,2:0,,CONCACAF Nations League 2023,False
4312,2023-03-27,LCA,DMA,3:1,,CONCACAF Nations League 2023,False
4313,2023-03-27,GNB,NGA,0:1,,CAF Nations Cup 2023 Q,False
4314,2023-03-27,ANG,GHA,1:1,,CAF Nations Cup 2023 Q,False
4315,2023-03-27,CTA,MAD,2:0,,CAF Nations Cup 2023 Q,True
4316,2023-03-27,NIG,ALG,0:1,,CAF Nations Cup 2023 Q,True
4317,2023-03-27,ETH,GUI,2:3,,CAF Nations Cup 2023 Q,True
4318,2023-03-27,SDN,GAB,1:0,,CAF Nations Cup 2023 Q,False
4319,2023-03-27,USA,SLV,1:0,,CONCACAF Nations League 2023,False
4320,2023-03-27,VIN,BAH,1:1,,CONCACAF Nations League 2023,False
4321,2023-03-27,DOM,BLZ,2:0,,CONCACAF Nations League 2023,False
4322,2023-03-27,SSD,CGO,0:1,,CAF Nations Cup 2023 Q,True
4323,2023-03-28,MAS,HKG,2:0,,Friendly 2023,False
4324,2023-03-28,GER,BEL,2:3,,Friendly 2023,False
4325,2023-03-28,IDN,BDI,2:2,,Friendly 2023,False
4326,2023-03-28,IRN,KEN,2:1,,Friendly 2023,False
4327,2023-03-28,JPN,COL,1:2,,Friendly 2023,False
4328,2023-03-28,JOR,PHI,4:0,,Friendly 2023,True
4329,2023-03-28,KOR,URU,1:2,,Friendly 2023,False
4330,2023-03-28,KUW,TJK,2:1,,Friendly 2023,False
4331,2023-03-28,MAR,PER,0:0,,Friendly 2023,True
4332,2023-03-28,TUR,CRO,0:2,,UEFA EURO 2024 Q,False
4333,2023-03-28,UAE,THA,2:0,,Friendly 2023,False
4334,2023-03-28,UZB,VEN,1:1,,Friendly 2023,True
4335,2023-03-28,GEO,NOR,1:1,,UEFA EURO 2024 Q,False
4336,2023-03-28,SCO,ESP,2:0,,UEFA EURO 2024 Q,False
4337,2023-03-28,WAL,LVA,1:0,,UEFA EURO 2024 Q,False
4338,2023-03-28,KOS,AND,1:1,,UEFA EURO 2024 Q,False
4339,2023-03-28,ROU,BLR,2:1,,UEFA EURO 2024 Q,False
4340,2023-03-28,SUI,ISR,3:0,,UEFA EURO 2024 Q,False
4341,2023-03-28,BAN,SEY,0:1,,Friendly 2023,False
4342,2023-03-28,KSA,BOL,1:2,,Friendly 2023,False
4343,2023-03-28,BHR,SYR,1:0,,Friendly 2023,False
4344,2023-03-28,MTN,COD,1:1,,CAF Nations Cup 2023 Q,False
4345,2023-03-28,ARM,CYP,2:2,,Friendly 2023,False
4346,2023-03-28,SWZ,CPV,0:1,,CAF Nations Cup 2023 Q,True
4347,2023-03-28,TOG,BFA,1:1,,CAF Nations Cup 2023 Q,False
4348,2023-03-28,NAM,CMR,2:1,,CAF Nations Cup 2023 Q,True
4349,2023-03-28,MWI,EGY,0:4,,CAF Nations Cup 2023 Q,False
4350,2023-03-28,TAN,UGA,0:1,,CAF Nations Cup 2023 Q,False
4351,2023-03-28,GAM,MLI,1:0,,CAF Nations Cup 2023 Q,True
4352,2023-03-28,COM,CIV,0:2,,CAF Nations Cup 2023 Q,False
4353,2023-03-28,AUS,ECU,1:2,,Friendly 2023,False
4354,2023-03-28,BOT,EQG,2:3,,CAF Nations Cup 2023 Q,False
4355,2023-03-28,LBY,TUN,0:1,,CAF Nations Cup 2023 Q,False
4356,2023-03-28,LBR,RSA,1:2,,CAF Nations Cup 2023 Q,False
4357,2023-03-28,MOZ,SEN,0:1,,CAF Nations Cup 2023 Q,False
4358,2023-03-28,CRC,PAN,0:1,,CONCACAF Nations League 2023,False
4359,2023-03-28,CAN,HON,4:1,,CONCACAF Nations League 2023,False
4360,2023-03-28,GUY,MSR,0:0,,CONCACAF Nations League 2023,True
4361,2023-03-28,HAI,BER,3:1,,CONCACAF Nations League 2023,True
4362,2023-03-28,IND,KGZ,2:0,,Friendly 2023,False
4363,2023-03-28,NEP,BHU,1:1,,Friendly 2023,False
4364,2023-03-28,ARG,CUW,7:0,,Friendly 2023,False
4365,2023-03-29,RWA,BEN,1:1,,CAF Nations Cup 2023 Q,False
4366,2023-03-31,NEP,LAO,2:1,,Friendly 2023,False
4367,2023-04-19,USA,MEX,1:1,,Friendly 2023,False
4368,2023-06-07,MEX,GUA,2:0,,Friendly 2023,False
4369,2023-06-09,IND,MNG,2:0,,Friendly 2023,False
4370,2023-06-09,LIB,VAN,3:1,,Friendly 2023,True
4371,2023-06-09,LUX,MLT,0:1,,Friendly 2023,False
4372,2023-06-10,KGZ,AFG,3:0,,Central Asian Nations Cup 2023,False
4373,2023-06-10,MEX,CMR,2:2,,Friendly 2023,True
4374,2023-06-11,GUA,TRI,0:1,,Friendly 2023,True
4375,2023-06-11,DJI,KEN,3:0,,Friendly 2023,True
4376,2023-06-11,CHI,CUB,3:0,,Friendly 2023,False
4377,2023-06-11,UZB,OMA,3:0,,Central Asian Nations Cup 2023,False
4378,2023-06-11,TJK,TKM,1:1,,Central Asian Nations Cup 2023,True
4379,2023-06-11,MRI,PAK,3:0,,Friendly 2023,False
4380,2023-06-12,IND,VAN,1:0,,Friendly 2023,False
4381,2023-06-12,LIB,MNG,0:0,,Friendly 2023,True
4382,2023-06-12,KUW,ZAM,3:0,,Friendly 2023,True
4383,2023-06-12,MAR,CPV,0:0,,Friendly 2023,False
4384,2023-06-13,IRN,AFG,6:1,,Central Asian Nations Cup 2023,True
4385,2023-06-14,IDN,PLE,0:0,,Friendly 2023,False
4386,2023-06-14,NED,CRO,2:4 a.e.t.,,UEFA Nations League 2023,False
4387,2023-06-14,URU,NCA,4:1,,Friendly 2023,False
4388,2023-06-14,MAS,SOL,4:1,,Friendly 2023,False
4389,2023-06-14,MRI,DJI,1:3,,Friendly 2023,False
4390,2023-06-14,SSD,GAM,2:3,,CAF Nations Cup 2023 Q,True
4391,2023-06-14,UZB,TKM,2:0,,Central Asian Nations Cup 2023,False
4392,2023-06-14,OMA,TJK,1:1,,Central Asian Nations Cup 2023,True
4393,2023-06-14,KEN,PAK,1:0,,Friendly 2023,True
4394,2023-06-14,GUI,EGY,1:2,,CAF Nations Cup 2023 Q,True
4395,2023-06-14,GNB,STP,1:0,,CAF Nations Cup 2023 Q,False
4396,2023-06-15,ESP,ITA,2:1,,UEFA Nations League 2023,True
4397,2023-06-15,VIE,HKG,1:0,,Friendly 2023,False
4398,2023-06-15,VEN,HON,1:0,,Friendly 2023,True
4399,2023-06-15,QAT,JAM,2:1,,Friendly 2023,True
4400,2023-06-15,KUW,SDN,2:1,,Friendly 2023,True
4401,2023-06-15,JPN,SLV,6:0,,Friendly 2023,False
4402,2023-06-15,PHI,NEP,1:0,,Friendly 2023,False
4403,2023-06-15,CAM,BAN,0:1,,Friendly 2023,False
4404,2023-06-15,ARG,AUS,2:0,,Friendly 2023,True
4405,2023-06-15,VAN,MNG,1:0,,Friendly 2023,True
4406,2023-06-15,IND,LIB,0:0,,Friendly 2023,False
4407,2023-06-15,USA,MEX,3:0,,CONCACAF Nations League 2023,False
4408,2023-06-15,PAN,CAN,0:2,,CONCACAF Nations League 2023,True
4409,2023-06-15,CRC,GUA,0:1,,Friendly 2023,True
4410,2023-06-16,MKD,UKR,2:3,,UEFA EURO 2024 Q,False
4411,2023-06-16,LVA,TUR,2:3,,UEFA EURO 2024 Q,False
4412,2023-06-16,WAL,ARM,2:4,,UEFA EURO 2024 Q,False
4413,2023-06-16,DEN,NIR,1:0,,UEFA EURO 2024 Q,False
4414,2023-06-16,BLR,ISR,1:2,,UEFA EURO 2024 Q,True
4415,2023-06-16,SMR,KAZ,0:3,,UEFA EURO 2024 Q,True
4416,2023-06-16,AND,SUI,1:2,,UEFA EURO 2024 Q,False
4417,2023-06-16,KOS,ROU,0:0,,UEFA EURO 2024 Q,False
4418,2023-06-16,MLT,ENG,0:4,,UEFA EURO 2024 Q,False
4419,2023-06-16,FIN,SVN,2:0,,UEFA EURO 2024 Q,False
4420,2023-06-16,GRE,IRL,2:1,,UEFA EURO 2024 Q,False
4421,2023-06-16,POL,GER,1:0,,Friendly 2023,False
4422,2023-06-16,SWE,NZL,4:1,,Friendly 2023,False
4423,2023-06-16,SIN,PNG,2:2,,Friendly 2023,False
4424,2023-06-16,SRB,JOR,3:2,,Friendly 2023,True
4425,2023-06-16,KOR,PER,0:1,,Friendly 2023,False
4426,2023-06-16,COL,IRQ,1:0,,Friendly 2023,True
4427,2023-06-16,TPE,THA,2:2,,Friendly 2023,False
4428,2023-06-16,CHN,MYA,4:0,,Friendly 2023,False
4429,2023-06-16,CHI,DOM,5:0,,Friendly 2023,False
4430,2023-06-16,CUW,SKN,1:1,2:3,CONCACAF Gold Cup 2023 Q,True
4431,2023-06-16,KGZ,IRN,1:5,,Central Asian Nations Cup 2023,False
4432,2023-06-16,GIB,FRA,0:3,,UEFA EURO 2024 Q,True
4433,2023-06-17,POR,BIH,3:0,,UEFA EURO 2024 Q,False
4434,2023-06-17,NOR,SCO,1:2,,UEFA EURO 2024 Q,False
4435,2023-06-17,ALB,MDA,2:0,,UEFA EURO 2024 Q,False
4436,2023-06-17,FRO,CZE,0:3,,UEFA EURO 2024 Q,False
4437,2023-06-17,AZE,EST,1:1,,UEFA EURO 2024 Q,False
4438,2023-06-17,LUX,LIE,2:0,,UEFA EURO 2024 Q,False
4439,2023-06-17,LTU,BUL,1:1,,UEFA EURO 2024 Q,False
4440,2023-06-17,MNE,HUN,0:0,,UEFA EURO 2024 Q,False
4441,2023-06-17,ISL,SVK,1:2,,UEFA EURO 2024 Q,False
4442,2023-06-17,ECU,BOL,1:0,,Friendly 2023,True
4443,2023-06-17,BEL,AUT,1:1,,UEFA EURO 2024 Q,False
4444,2023-06-17,BRA,GUI,4:1,,Friendly 2023,True
4445,2023-06-17,CYP,GEO,1:2,,UEFA EURO 2024 Q,False
4446,2023-06-17,SUR,PUR,0:0,3:4,CONCACAF Gold Cup 2023 Q,True
4447,2023-06-17,DJI,PAK,3:1,,Friendly 2023,True
4448,2023-06-17,CTA,ANG,1:2,,CAF Nations Cup 2023 Q,True
4449,2023-06-17,ZAM,CIV,3:0,,CAF Nations Cup 2023 Q,False
4450,2023-06-17,BOT,LBY,1:0,,CAF Nations Cup 2023 Q,False
4451,2023-06-17,EQG,TUN,1:0,,CAF Nations Cup 2023 Q,False
4452,2023-06-17,LES,COM,0:1,,CAF Nations Cup 2023 Q,True
4453,2023-06-17,BEN,SEN,1:1,,CAF Nations Cup 2023 Q,False
4454,2023-06-17,OMA,TKM,2:0,,Central Asian Nations Cup 2023,True
4455,2023-06-17,UZB,TJK,5:1,,Central Asian Nations Cup 2023,False
4456,2023-06-17,GUY,GRN,1:1,5:3,CONCACAF Gold Cup 2023 Q,True
4457,2023-06-17,RSA,MAR,2:1,,CAF Nations Cup 2023 Q,False
4458,2023-06-18,MEX,PAN,1:0,,CONCACAF Nations League 2023,True
4459,2023-06-18,CRO,ESP,0:0 a.e.t.,4:5,UEFA Nations League 2023,True
4460,2023-06-18,VEN,GUA,1:0,,Friendly 2023,True
4461,2023-06-18,SIN,SOL,1:1,,Friendly 2023,False
4462,2023-06-18,PAR,NCA,2:0,,Friendly 2023,False
4463,2023-06-18,EGY,SSD,3:0,,Friendly 2023,False
4464,2023-06-18,MRI,KEN,1:0,,Friendly 2023,False
4465,2023-06-18,USA,CAN,2:0,,CONCACAF Nations League 2023,False
4466,2023-06-18,NED,ITA,2:3,,UEFA Nations League 2023,False
4467,2023-06-18,GAB,COD,0:2,,CAF Nations Cup 2023 Q,False
4468,2023-06-18,CGO,MLI,0:2,,CAF Nations Cup 2023 Q,False
4469,2023-06-18,UGA,ALG,1:2,,CAF Nations Cup 2023 Q,True
4470,2023-06-18,TAN,NIG,1:0,,CAF Nations Cup 2023 Q,False
4471,2023-06-18,MAD,GHA,0:0,,CAF Nations Cup 2023 Q,False
4472,2023-06-18,SWZ,TOG,0:2,,CAF Nations Cup 2023 Q,True
4473,2023-06-18,CPV,BFA,3:1,,CAF Nations Cup 2023 Q,False
4474,2023-06-18,SLE,NGA,2:3,,CAF Nations Cup 2023 Q,True
4475,2023-06-18,RWA,MOZ,0:2,,CAF Nations Cup 2023 Q,False
4476,2023-06-19,TUR,WAL,2:0,,UEFA EURO 2024 Q,False
4477,2023-06-19,FIN,SMR,6:0,,UEFA EURO 2024 Q,False
4478,2023-06-19,NIR,KAZ,0:1,,UEFA EURO 2024 Q,False
4479,2023-06-19,SUI,ROU,2:2,,UEFA EURO 2024 Q,False
4480,2023-06-19,BLR,KOS,2:1,,UEFA EURO 2024 Q,True
4481,2023-06-19,ISR,AND,2:1,,UEFA EURO 2024 Q,False
4482,2023-06-19,SVN,DEN,1:1,,UEFA EURO 2024 Q,False
4483,2023-06-19,UKR,MLT,1:0,,UEFA EURO 2024 Q,True
4484,2023-06-19,ARM,LVA,2:1,,UEFA EURO 2024 Q,False
4485,2023-06-19,IRL,GIB,3:0,,UEFA EURO 2024 Q,False
4486,2023-06-19,FRA,GRE,1:0,,UEFA EURO 2024 Q,False
4487,2023-06-19,PHI,TPE,2:3,,Friendly 2023,False
4488,2023-06-19,MAC,MYA,0:2,,Friendly 2023,True
4489,2023-06-19,JAM,JOR,1:2,,Friendly 2023,True
4490,2023-06-19,IDN,ARG,0:2,,Friendly 2023,False
4491,2023-06-19,HKG,THA,0:1,,Friendly 2023,False
4492,2023-06-19,ENG,MKD,7:0,,UEFA EURO 2024 Q,False
4493,2023-06-20,NOR,CYP,3:1,,UEFA EURO 2024 Q,False
4494,2023-06-20,SCO,GEO,2:0,,UEFA EURO 2024 Q,False
4495,2023-06-20,FRO,ALB,1:3,,UEFA EURO 2024 Q,False
4496,2023-06-20,MDA,POL,3:2,,UEFA EURO 2024 Q,False
4497,2023-06-20,AUT,SWE,2:0,,UEFA EURO 2024 Q,False
4498,2023-06-20,BIH,LUX,0:2,,UEFA EURO 2024 Q,False
4499,2023-06-20,BUL,SRB,1:1,,UEFA EURO 2024 Q,False
4500,2023-06-20,HUN,LTU,2:0,,UEFA EURO 2024 Q,False
4501,2023-06-20,ISL,POR,0:1,,UEFA EURO 2024 Q,False
4502,2023-06-20,VIE,SYR,1:0,,Friendly 2023,False
4503,2023-06-20,EST,BEL,0:3,,UEFA EURO 2024 Q,False
4504,2023-06-20,URU,CUB,2:0,,Friendly 2023,False
4505,2023-06-20,LIE,SVK,0:1,,UEFA EURO 2024 Q,False
4506,2023-06-20,MAS,PNG,10:0,,Friendly 2023,False
4507,2023-06-20,BDI,NAM,3:2,,CAF Nations Cup 2023 Q,True
4508,2023-06-20,ETH,MWI,0:0,,CAF Nations Cup 2023 Q,True
4509,2023-06-20,SDN,MTN,0:3,,CAF Nations Cup 2023 Q,True
4510,2023-06-20,ALG,TUN,1:1,,Friendly 2023,True
4511,2023-06-20,BOL,CHI,0:0,,Friendly 2023,False
4512,2023-06-20,MNE,CZE,1:4,,Friendly 2023,False
4513,2023-06-20,CHN,PLE,2:0,,Friendly 2023,False
4514,2023-06-20,ECU,CRC,3:1,,Friendly 2023,True
4515,2023-06-20,GER,COL,0:2,,Friendly 2023,False
4516,2023-06-20,JPN,PER,4:1,,Friendly 2023,False
4517,2023-06-20,KOR,SLV,1:1,,Friendly 2023,False
4518,2023-06-20,BRA,SEN,2:4,,Friendly 2023,True
4519,2023-06-21,IND,PAK,4:0,,South Asian Championship 2023,False
4520,2023-06-21,KUW,NEP,3:1,,South Asian Championship 2023,True
4521,2023-06-22,LIB,BAN,2:0,,South Asian Championship 2023,True
4522,2023-06-22,MDV,BHU,2:0,,South Asian Championship 2023,True
4523,2023-06-24,USA,JAM,1:1,,CONCACAF Gold Cup 2023,False
4524,2023-06-24,IND,NEP,2:0,,South Asian Championship 2023,False
4525,2023-06-24,PAK,KUW,0:4,,South Asian Championship 2023,True
4526,2023-06-25,BHU,LIB,1:4,,South Asian Championship 2023,True
4527,2023-06-25,BAN,MDV,3:1,,South Asian Championship 2023,True
4528,2023-06-25,TRI,SKN,3:0,,CONCACAF Gold Cup 2023,True
4529,2023-06-25,HAI,QAT,2:1,,CONCACAF Gold Cup 2023,True
4530,2023-06-25,MEX,HON,4:0,,CONCACAF Gold Cup 2023,True
4531,2023-06-26,CRC,PAN,1:2,,CONCACAF Gold Cup 2023,True
4532,2023-06-27,GUA,CUB,1:0,,CONCACAF Gold Cup 2023,True
4533,2023-06-27,IND,KUW,1:1,,South Asian Championship 2023,False
4534,2023-06-27,NEP,PAK,1:0,,South Asian Championship 2023,True
4535,2023-06-28,LIB,MDV,1:0,,South Asian Championship 2023,True
4536,2023-06-28,JAM,TRI,4:1,,CONCACAF Gold Cup 2023,True
4537,2023-06-28,USA,SKN,6:0,,CONCACAF Gold Cup 2023,False
4538,2023-06-28,BHU,BAN,1:3,,South Asian Championship 2023,True
4539,2023-06-29,MEX,HAI,3:1,,CONCACAF Gold Cup 2023,True
4540,2023-06-29,HON,QAT,1:1,,CONCACAF Gold Cup 2023,True
4541,2023-06-30,CRC,SLV,0:0,,CONCACAF Gold Cup 2023,True
4542,2023-07-01,CAN,GUA,0:0,,CONCACAF Gold Cup 2023,True
4543,2023-07-01,KUW,BAN,1:0 a.e.t.,,South Asian Championship 2023,True
4544,2023-07-01,IND,LIB,0:0 a.e.t.,4:2,South Asian Championship 2023,False
4545,2023-07-02,JAM,SKN,5:0,,CONCACAF Gold Cup 2023,True
4546,2023-07-02,USA,TRI,6:0,,CONCACAF Gold Cup 2023,False
4547,2023-07-02,HAI,HON,1:2,,CONCACAF Gold Cup 2023,True
4548,2023-07-02,MEX,QAT,0:1,,CONCACAF Gold Cup 2023,True
4549,2023-07-04,PAN,SLV,2:2,,CONCACAF Gold Cup 2023,True
4550,2023-07-04,CAN,CUB,4:2,,CONCACAF Gold Cup 2023,True
4551,2023-07-04,IND,KUW,1:1 a.e.t.,5:4,South Asian Championship 2023,False
4552,2023-07-05,RSA,NAM,1:1,,COSAFA Cup 2023,False
4553,2023-07-05,SWZ,BOT,0:1,,COSAFA Cup 2023,True
4554,2023-07-06,SEY,COM,0:3,,COSAFA Cup 2023,True
4555,2023-07-06,ZAM,MWI,0:1,,COSAFA Cup 2023,True
4556,2023-07-07,MRI,LES,0:2,,COSAFA Cup 2023,True
4557,2023-07-07,MOZ,ANG,1:1,,COSAFA Cup 2023,True
4558,2023-07-08,MEX,CRC,2:0,,CONCACAF Gold Cup 2023,True
4559,2023-07-08,PAN,QAT,4:0,,CONCACAF Gold Cup 2023,True
4560,2023-07-08,NAM,SWZ,1:2,,COSAFA Cup 2023,True
4561,2023-07-08,RSA,BOT,2:1,,COSAFA Cup 2023,False
4562,2023-07-09,MWI,SEY,2:0,,COSAFA Cup 2023,True
4563,2023-07-09,GUA,JAM,0:1,,CONCACAF Gold Cup 2023,True
4564,2023-07-09,USA,CAN,2:2 a.e.t.,3:2,CONCACAF Gold Cup 2023,False
4565,2023-07-09,ZAM,COM,2:1,,COSAFA Cup 2023,True
4566,2023-07-10,MOZ,LES,0:1,,COSAFA Cup 2023,True
4567,2023-07-10,ANG,MRI,0:1,,COSAFA Cup 2023,True
4568,2023-07-11,MWI,COM,2:0,,COSAFA Cup 2023,True
4569,2023-07-11,ZAM,SEY,4:2,,COSAFA Cup 2023,True
4570,2023-07-11,NAM,BOT,0:0,,COSAFA Cup 2023,True
4571,2023-07-11,RSA,SWZ,2:1,,COSAFA Cup 2023,False
4572,2023-07-12,JAM,MEX,0:3,,CONCACAF Gold Cup 2023,True
4573,2023-07-12,USA,PAN,1:1 a.e.t.,4:5,CONCACAF Gold Cup 2023,False
4574,2023-07-12,ANG,LES,4:2,,COSAFA Cup 2023,True
4575,2023-07-12,MOZ,MRI,1:0,,COSAFA Cup 2023,True
4576,2023-07-14,RSA,ZAM,1:2,,COSAFA Cup 2023,False
4577,2023-07-14,MWI,LES,1:1,0:3,COSAFA Cup 2023,True
4578,2023-07-16,MEX,PAN,1:0,,CONCACAF Gold Cup 2023,True
4579,2023-07-16,LES,ZAM,0:1,,COSAFA Cup 2023,True
4580,2023-07-16,RSA,MWI,0:0,5:3,COSAFA Cup 2023,False
4581,2023-08-02,ETH,GUY,2:0,,International Friendly -,True
4582,2023-08-02,GUY,ETH,0:2,,Friendly 2023,True
4583,2023-08-24,MAD,SEY,1:0,,Indian Ocean Island Games 2023,False
4584,2023-08-26,MAD,MRI,1:1,,Indian Ocean Island Games 2023,False
4585,2023-08-27,BOL,PAN,1:2,,International Friendly -,False
4586,2023-08-28,TAH,COK,9:1,,International Friendly -,False
4587,2023-08-28,MRI,SEY,1:0,,Indian Ocean Island Games 2023,True
4588,2023-08-31,TAH,COK,3:0,,International Friendly -,False
4589,2023-08-31,MAD,COM,4:2,,Indian Ocean Island Games 2023,False
4590,2023-09-02,COM,MRI,0:2,,Indian Ocean Island Games 2023,True
4591,2023-09-03,GUA,HON,0:0,,International Friendly -,True
4592,2023-09-03,BAN,AFG,0:0,,International Friendly -,False
4593,2023-09-04,MOZ,BEN,3:2,,Africa Cup of Nations Qualifying group L,False
4594,2023-09-06,MLT,GIB,1:0,,International Friendly -,False
4595,2023-09-06,SYR,MAS,2:2,,International Friendly -,False
4596,2023-09-06,LBY,EQG,1:1,,Africa Cup of Nations Qualifying group J,False
4597,2023-09-06,MAC,BHU,0:1,,International Friendly -,True
4598,2023-09-06,OMA,PLE,2:1,,International Friendly -,False
4599,2023-09-07,TUN,BOT,3:0,,Africa Cup of Nations Qualifying group J,False
4600,2023-09-07,PAN,MAR,3:0,,CONCACAF Nations League League A Group A,False
4601,2023-09-07,ARG,ECU,1:0,,FIFA World Cup South America qualifying,False
4602,2023-09-07,AUT,MDA,1:1,,International Friendly,False
4603,2023-09-07,NED,GRE,3:0,,UEFA European Championship Qualifying group B,False
4604,2023-09-07,ST ,GUA,1:2,,CONCACAF Nations League League B Group A,False
4605,2023-09-07,SVN,NIR,4:2,,UEFA European Championship Qualifying group H,False
4606,2023-09-07,DEN,SMR,4:0,,UEFA European Championship Qualifying group H,False
4607,2023-09-07,NIG,UGA,0:2,,Africa Cup of Nations Qualifying group F,True
4608,2023-09-07,WAL,KOR,0:0,,International Friendly -,True
4609,2023-09-07,PAR,PER,0:0,,FIFA World Cup South America qualifying,False
4610,2023-09-07,SRB,HUN,1:2,,UEFA European Championship Qualifying group G,False
4611,2023-09-07,KAZ,FIN,0:1,,UEFA European Championship Qualifying group H,False
4612,2023-09-07,FRA,IRL,2:0,,UEFA European Championship Qualifying group B,False
4613,2023-09-07,ANG,MAD,0:0,,Africa Cup of Nations Qualifying group E,False
4614,2023-09-07,NOR,JOR,6:0,,International Friendly -,False
4615,2023-09-07,AIA,SAI,0:6,,CONCACAF Nations League League C Group A,False
4616,2023-09-07,CAM,HKG,1:1,,International Friendly -,False
4617,2023-09-07,POL,FRO,2:0,,UEFA European Championship Qualifying group E,False
4618,2023-09-07,COL,VEN,1:0,,FIFA World Cup South America qualifying,False
4619,2023-09-07,GUA,SLV,2:0,,CONCACAF Nations League League A Group A,False
4620,2023-09-07,BAN,AFG,1:1,,International Friendly -,False
4621,2023-09-07,VIR,CAY,2:2,,CONCACAF Nations League League C Group B,False
4622,2023-09-07,ALG,TAN,0:0,,Africa Cup of Nations Qualifying group F,False
4623,2023-09-07,TRI,CUW,1:0,,CONCACAF Nations League League A Group A,False
4624,2023-09-07,BUL,IRN,0:1,,International Friendly -,False
4625,2023-09-07,THA,LIB,2:1,,King`s Cup Semi-final,False
4626,2023-09-07,BHR,KUW,1:3,,International Friendly -,False
4627,2023-09-07,SIN,ST ,1:5,,CONCACAF Nations League League B Group A,False
4628,2023-09-07,CZE,ALB,1:1,,UEFA European Championship Qualifying group E,True
4629,2023-09-07,LTU,MNE,2:2,,UEFA European Championship Qualifying group G,False
4630,2023-09-07,IRQ,IND,2:2,5:4,King`s Cup Semi-final,True
4631,2023-09-07,GHA,CTA,2:1,,Africa Cup of Nations Qualifying group E,False
4632,2023-09-08,URU,CHI,3:1,,FIFA World Cup South America qualifying,False
4633,2023-09-08,CYP,SCO,0:3,,UEFA European Championship Qualifying group A,False
4634,2023-09-08,CRC,KSA,3:1,,International Friendly -,True
4635,2023-09-08,BLZ,ST ,1:2,,CONCACAF Nations League League B Group C,False
4636,2023-09-08,CHI,PHI,1:1,,International Friendly -,True
4637,2023-09-08,MYA,NEP,0:0,,International Friendly -,False
4638,2023-09-08,BFA,SWZ,0:0,,Africa Cup of Nations Qualifying group B,True
4639,2023-09-08,BOS,LIE,2:1,,UEFA European Championship Qualifying group J,True
4640,2023-09-08,HAI,CUB,0:0,,CONCACAF Nations League League A Group B,False
4641,2023-09-08,EGY,ETH,1:0,,Africa Cup of Nations Qualifying group D,False
4642,2023-09-08,BRB,MSR,2:3,,CONCACAF Nations League League B Group B,False
4643,2023-09-08,GEO,ESP,1:7,,UEFA European Championship Qualifying group A,False
4644,2023-09-08,GRN,SUR,1:1,,CONCACAF Nations League League A Group B,False
4645,2023-09-08,CRO,LVA,5:0,,UEFA European Championship Qualifying group D,False
4646,2023-09-08,SVK,POR,0:1,,UEFA European Championship Qualifying group J,False
4647,2023-09-08,MLI,SSD,4:0,,Africa Cup of Nations Qualifying group G,False
4648,2023-09-08,LUX,ISL,3:1,,UEFA European Championship Qualifying group J,False
4649,2023-09-08,BLZ,VIN,1:2,,CONCACAF Nations League 2024,False
4650,2023-09-08,TPE,PHI,1:1,,Friendly 2023,False
4651,2023-09-08,KSA,CRC,1:3,,Friendly 2023,True
4652,2023-09-08,BFA,SWA,0:0,,Africa Cup of Nations Qualifying group B,True
4653,2023-09-08,TUR,ARM,1:1,,UEFA European Championship Qualifying group D,False
4654,2023-09-08,BIH,LIE,2:1,,UEFA EURO 2024 Q,False
4655,2023-09-08,BRA,BOL,5:1,,FIFA World Cup South America qualifying,False
4656,2023-09-08,JAM,HON,1:0,,CONCACAF Nations League League A Group B,False
4657,2023-09-08,SIN,TJK,0:2,,International Friendly -,False
4658,2023-09-08,BER,FRE,0:0,,CONCACAF Nations League League B Group C,False
4659,2023-09-08,IDN,TKM,2:0,,International Friendly -,False
4660,2023-09-08,DOM,NCA,0:2,,CONCACAF Nations League League B Group B,False
4661,2023-09-09,EST,SWE,0:5,,UEFA European Championship Qualifying group F,False
4662,2023-09-09,BAH,PUR,1:6,,CONCACAF Nations League League B Group D,False
4663,2023-09-09,AND,BLR,0:0,,UEFA European Championship Qualifying group I,False
4664,2023-09-09,IVO,LES,1:0,,Africa Cup of Nations Qualifying group H,True
4665,2023-09-09,VGB,TCA,3:1,,CONCACAF Nations League League C Group C,False
4666,2023-09-09,ATG,GUY,1:5,,CONCACAF Nations League League B Group D,False
4667,2023-09-09,KOS,SUI,2:2,,UEFA European Championship Qualifying group I,False
4668,2023-09-09,MWI,GUI,2:2,,Africa Cup of Nations Qualifying group D,False
4669,2023-09-09,AZE,BEL,0:1,,UEFA European Championship Qualifying group F,False
4670,2023-09-09,RWA,SEN,1:1,,Africa Cup of Nations Qualifying group L,False
4671,2023-09-09,USA,UZB,3:0,,International Friendly -,False
4672,2023-09-09,UKR,ENG,1:1,,UEFA European Championship Qualifying group C,True
4673,2023-09-09,CHN,MAS,1:1,,International Friendly -,False
4674,2023-09-09,MKD,ITA,1:1,,UEFA European Championship Qualifying group C,False
4675,2023-09-09,ROU,ISR,1:1,,UEFA European Championship Qualifying group I,False
4676,2023-09-09,MTN,GAB,2:1,,Africa Cup of Nations Qualifying group I,False
4677,2023-09-09,RSA,NAM,0:0,,International Friendly -,False
4678,2023-09-09,COD,SDN,2:0,,Africa Cup of Nations Qualifying group I,False
4679,2023-09-09,GER,JPN,1:4,,International Friendly -,False
4680,2023-09-09,COM,ZAM,1:1,,Africa Cup of Nations Qualifying group H,False
4681,2023-09-09,MEX,AUS,2:2,,International Friendly -,True
4682,2023-09-09,SEN,RWA,1:1,,CAF Nations Cup 2023 Q,False
4683,2023-09-09,MOZ,BEN,3:2,,CAF Nations Cup 2023 Q,False
4684,2023-09-09,CIV,LES,1:0,,CAF Nations Cup 2023 Q,False
4685,2023-09-10,TOG,CPV,3:2,,CAF Nations Cup 2023 Q,False
4686,2023-09-10,NGA,STP,6:0,,CAF Nations Cup 2023 Q,False
4687,2023-09-10,GRE,GIB,5:0,,UEFA European Championship Qualifying group B,False
4688,2023-09-10,FRO,MDA,0:1,,UEFA European Championship Qualifying group E,False
4689,2023-09-10,SMR,SVN,0:4,,UEFA European Championship Qualifying group H,False
4690,2023-09-10,LIB,IND,1:0,,Friendly 2023,True
4691,2023-09-10,HUN,CZE,1:1,,International Friendly -,False
4692,2023-09-10,GUA,PAN,1:1,,CONCACAF Nations League League A Group A,False
4693,2023-09-10,IRL,NED,1:2,,UEFA European Championship Qualifying group B,False
4694,2023-09-10,SLV,TRI,2:3,,CONCACAF Nations League League A Group A,False
4695,2023-09-10,IND,LIB,0:1,,King`s Cup 3rd place play-off,True
4696,2023-09-10,LTU,SRB,1:3,,UEFA European Championship Qualifying group G,False
4697,2023-09-10,MNE,BUL,2:1,,UEFA European Championship Qualifying group G,False
4698,2023-09-10,FIN,DEN,0:1,,UEFA European Championship Qualifying group H,False
4699,2023-09-10,GAM,CGO,2:2,,Africa Cup of Nations Qualifying group G,True
4700,2023-09-10,NGA,SAO,6:0,,Africa Cup of Nations Qualifying group A,False
4701,2023-09-10,LCA,SKN,2:0,,CONCACAF Nations League 2024,False
4702,2023-09-10,ALB,POL,2:0,,UEFA European Championship Qualifying group E,False
4703,2023-09-10,KAZ,NIR,1:0,,UEFA European Championship Qualifying group H,False
4704,2023-09-10,TOG,CAP,3:2,,Africa Cup of Nations Qualifying group B,False
4705,2023-09-10,THA,IRQ,2:2,4:5,King`s Cup Final,False
4706,2023-09-10,ST ,ST ,2:0,,CONCACAF Nations League League B Group A,False
4707,2023-09-11,SVK,LIE,3:0,,UEFA European Championship Qualifying group J,False
4708,2023-09-11,POR,LUX,9:0,,UEFA European Championship Qualifying group J,False
4709,2023-09-11,KGZ,KUW,3:1,,Friendly 2023,True
4710,2023-09-11,ISL,BIH,1:0,,UEFA EURO 2024 Q,False
4711,2023-09-11,MYA,NEP,1:0,,International Friendly -,False
4712,2023-09-11,HKG,BRU,10:0,,International Friendly -,True
4713,2023-09-11,NCA,BRB,5:1,,CONCACAF Nations League League B Group B,False
4714,2023-09-11,CAY,ARU,1:2,,CONCACAF Nations League League C Group B,False
4715,2023-09-11,ISL,BOS,1:0,,UEFA European Championship Qualifying group J,False
4716,2023-09-11,ARM,CRO,0:1,,UEFA European Championship Qualifying group D,False
4717,2023-09-11,CAM,MAC,4:0,,International Friendly -,False
4718,2023-09-11,KUW,KGZ,1:3,,International Friendly -,False
4719,2023-09-11,VIE,PLE,2:0,,International Friendly -,False
4720,2023-09-11,LVA,WAL,0:2,,UEFA European Championship Qualifying group D,False
4721,2023-09-11,DOM,MSR,3:0,,CONCACAF Nations League League B Group B,False
4722,2023-09-11,GNB,SLE,2:1,,Africa Cup of Nations Qualifying group A,False
4723,2023-09-12,BEL,EST,5:0,,UEFA European Championship Qualifying group F,False
4724,2023-09-12,GER,FRA,2:1,,International Friendly -,False
4725,2023-09-12,MLT,MKD,0:2,,UEFA European Championship Qualifying group C,False
4726,2023-09-12,BHR,TKM,1:1,,International Friendly -,False
4727,2023-09-12,PHI,AFG,2:1,,International Friendly -,False
4728,2023-09-12,EGY,TUN,1:3,,International Friendly -,False
4729,2023-09-12,ITA,UKR,2:1,,UEFA European Championship Qualifying group C,False
4730,2023-09-12,NOR,GEO,2:1,,UEFA European Championship Qualifying group A,False
4731,2023-09-12,ROU,KOS,2:0,,UEFA European Championship Qualifying group I,False
4732,2023-09-12,ESP,CYP,6:0,,UEFA European Championship Qualifying group A,False
4733,2023-09-12,SCO,ENG,1:3,,International Friendly -,True
4734,2023-09-12,MAR,BFA,1:0,,International Friendly -,True
4735,2023-09-12,IRN,ANG,4:0,,International Friendly -,False
4736,2023-09-12,PER,BRA,0:1,,FIFA World Cup South America qualifying,False
4737,2023-09-12,VEN,PAR,1:0,,FIFA World Cup South America qualifying,False
4738,2023-09-12,SWE,AUT,1:3,,UEFA European Championship,False
4739,2023-09-12,HON,GRN,4:0,,CONCACAF Nations League League A Group B,False
4740,2023-09-12,UAE,CRC,4:1,,International Friendly -,True
4741,2023-09-12,CUB,SUR,1:0,,CONCACAF Nations League League A Group B,False
4742,2023-09-12,BOL,ARG,0:3,,FIFA World Cup South America qualifying,False
4743,2023-09-12,USA,OMA,4:0,,International Friendly -,False
4744,2023-09-12,SIN,CHI,3:1,,International Friendly -,False
4745,2023-09-12,KEN,SSD,0:1,,International Friendly -,False
4746,2023-09-12,IVO,MLI,,,International Friendly -,True
4747,2023-09-12,PUR,ATG,5:0,,CONCACAF Nations League League B Group D,True
4748,2023-09-12,KOR,KSA,1:0,,International Friendly -,True
4749,2023-09-12,RSA,COD,1:0,,International Friendly -,False
4750,2023-09-12,SEN,ALG,0:1,,International Friendly -,False
4751,2023-09-12,JAM,HAI,2:2,,CONCACAF Nations League League A Group B,False
4752,2023-09-12,AZE,JOR,2:1,,International Friendly -,False
4753,2023-09-12,GUY,BAH,3:2,,CONCACAF Nations League League B Group D,False
4754,2023-09-12,FRE,BLZ,0:2,,CONCACAF Nations League League B Group C,False
4755,2023-09-12,MEX,UZB,3:3,,International Friendly -,True
4756,2023-09-12,ISR,BLR,1:0,,UEFA European Championship Qualifying group I,False
4757,2023-09-12,CHI,COL,0:0,,FIFA World Cup South America qualifying,False
4758,2023-09-12,SUI,AND,3:0,,UEFA European Championship Qualifying group I,False
4759,2023-09-12,CMR,BDI,3:0,,Africa Cup of Nations Qualifying group C,False
4760,2023-09-12,GHA,LBR,3:1,,International Friendly -,False
4761,2023-09-12,CHN,SYR,0:1,,International Friendly -,False
4762,2023-09-12,ECU,URU,2:1,,FIFA World Cup South America qualifying,False
4763,2023-09-12,TCA,DMA,0:3,,CONCACAF Nations League League C Group C,False
4764,2023-09-12,ST ,BER,4:3,,CONCACAF Nations League League B Group C,True
4765,2023-09-12,JPN,TUR,4:2,,Kirin Challenge Cup -,True
4766,2023-09-12,KSA,KOR,0:1,,Friendly 2023,True
4767,2023-09-12,SIN,TPE,3:1,,Friendly 2023,False
4768,2023-09-12,CRC,UAE,1:4,,Friendly 2023,True
4769,2023-09-12,VIN,BER,4:3,,CONCACAF Nations League 2024,False
4770,2023-10-08,SOL,PNG,3:1,,Melanesian Cup 2023,True
4771,2023-10-08,NCL,VAN,4:0,,MSG Prime Minister`s Cup -,False
4772,2023-10-08,PNG,SOL,1:3,,MSG Prime Minister`s Cup -,False
4773,2023-10-10,CHN,VIE,2:0,,International Friendly -,False
4774,2023-10-11,SOL,VAN,1:0,,MSG Prime Minister`s Cup -,True
4775,2023-10-11,WAL,GIB,4:0,,International Friendly -,True
4776,2023-10-11,NCL,PNG,3:1,,MSG Prime Minister`s Cup -,True
4777,2023-10-12,ALG,CPV,5:1,,Friendly 2023,False
4778,2023-10-12,TPE,TLS,4:0,,FIFA World Cup 2026 Q,False
4779,2023-10-12,YEM,SRI,3:0,,FIFA World Cup 1st qualifying round 1st leg,False
4780,2023-10-12,CUB,HON,0:0,,CONCACAF Nations League League A Group B,False
4781,2023-10-12,AFG,MNG,1:0,,FIFA World Cup 1st qualifying round 1st leg,False
4782,2023-10-12,BOL,ECU,1:2,,FIFA World Cup South America qualifying,False
4783,2023-10-12,BLR,ROU,0:0,,UEFA European Championship Qualifying group I,True
4784,2023-10-12,IDN,BRU,6:0,,FIFA World Cup 1st qualifying round 1st leg,False
4785,2023-10-12,CHI,PER,2:0,,FIFA World Cup South America qualifying,False
4786,2023-10-12,BHR,KGZ,2:0,,International Friendly -,False
4787,2023-10-12,GRN,JAM,1:4,,CONCACAF Nations League League A Group B,False
4788,2023-10-12,SIN,ST ,2:3,,CONCACAF Nations League League B Group A,False
4789,2023-10-12,FRO,POL,0:2,,UEFA European Championship Qualifying group E,False
4790,2023-10-12,BON,AIA,2:0,,CONCACAF Nations League League C Group A,False
4791,2023-10-12,NEP,LAO,1:1,,FIFA World Cup 1st qualifying round 1st leg,False
4792,2023-10-12,RUS,CMR,1:0,,Friendly 2023,False
4793,2023-10-12,HKG,BHU,4:0,,FIFA World Cup 1st qualifying round 1st leg,True
4794,2023-10-12,LVA,ARM,2:0,,UEFA European Championship Qualifying group D,False
4795,2023-10-12,DMA,VGB,1:1,,CONCACAF Nations League League C Group C,False
4796,2023-10-12,SUR,HAI,1:1,,CONCACAF Nations League League A Group B,False
4797,2023-10-12,MNE,LIB,3:2,,International Friendly -,False
4798,2023-10-12,ALB,CZE,3:0,,UEFA European Championship Qualifying group E,False
4799,2023-10-12,EGY,ZAM,1:0,,International Friendly -,True
4800,2023-10-12,CYP,NOR,0:4,,UEFA European Championship Qualifying group A,False
4801,2023-10-12,GEO,THA,8:0,,International Friendly -,False
4802,2023-10-12,UAE,KUW,1:0,,International Friendly -,False
4803,2023-10-12,SWE,MDA,3:1,,International Friendly -,False
4804,2023-10-12,MDV,BAN,1:1,,FIFA World Cup 1st qualifying round 1st leg,False
4805,2023-10-12,ST ,GUA,2:1,,CONCACAF Nations League League B Group A,False
4806,2023-10-12,CAM,PAK,0:0,,FIFA World Cup 1st qualifying round 1st leg,False
4807,2023-10-12,ALG,CAP,5:1,,International Friendly -,False
4808,2023-10-12,SIN,GUM,2:1,,FIFA World Cup 1st qualifying round 1st leg,False
4809,2023-10-12,AND,KOS,0:3,,UEFA European Championship Qualifying group I,False
4810,2023-10-12,CRO,TUR,0:1,,UEFA European Championship Qualifying group D,False
4811,2023-10-12,MYA,MAC,5:1,,FIFA World Cup 1st qualifying round 1st leg,False
4812,2023-10-12,ARG,PAR,1:0,,FIFA World Cup South America qualifying,False
4813,2023-10-12,COL,URU,2:2,,FIFA World Cup South America qualifying,False
4814,2023-10-12,BRA,VEN,1:1,,FIFA World Cup South America qualifying,False
4815,2023-10-12,CHI,TLS,4:0,,FIFA World Cup 1st qualifying round 1st leg,True
4816,2023-10-12,ESP,SCO,2:0,,UEFA European Championship Qualifying group A,False
4817,2023-10-13,QAT,IRQ,0:0,6:5,Friendly 2023,True
4818,2023-10-13,RSA,SWA,0:0,,International Friendly -,False
4819,2023-10-13,BRB,DOM,0:5,,CONCACAF Nations League League B Group B,False
4820,2023-10-13,NED,FRA,1:2,,UEFA European Championship Qualifying group B,False
4821,2023-10-13,VIE,UZB,0:2,,International Friendly -,True
4822,2023-10-13,IRL,GRE,0:2,,UEFA European Championship Qualifying group B,False
4823,2023-10-13,NZL,COD,1:1,,Friendly 2023,True
4824,2023-10-13,LIE,BIH,0:2,,UEFA EURO 2024 Q,False
4825,2023-10-13,CUW,PAN,1:2,,CONCACAF Nations League League A Group A,False
4826,2023-10-13,JOR,IRN,1:3,,Jordan International Friendly Tournament Semi-final,False
4827,2023-10-13,RSA,SWZ,0:0,,International Friendly -,False
4828,2023-10-13,TRI,GUA,3:2,,CONCACAF Nations League League A Group A,False
4829,2023-10-13,JPN,CAN,4:1,,International Friendly -,False
4830,2023-10-13,MSR,NCA,0:3,,CONCACAF Nations League League B Group B,False
4831,2023-10-13,KOR,TUN,4:0,,International Friendly -,False
4832,2023-10-13,LIE,BOS,0:2,,UEFA European Championship Qualifying group J,False
4833,2023-10-13,ST ,FRE,1:4,,CONCACAF Nations League League B Group C,True
4834,2023-10-13,IRQ,QAT,0:0,5:6,Jordan International Friendly Tournament Semi-final,True
4835,2023-10-13,POR,SVK,3:2,,UEFA European Championship Qualifying group J,False
4836,2023-10-13,KSA,NGA,2:2,,Friendly 2023,True
4837,2023-10-13,BLZ,BER,0:1,,CONCACAF Nations League League B Group C,False
4838,2023-10-13,MAS,IND,4:2,,Merdeka Tournament Semi-final,False
4839,2023-10-13,ISL,LUX,1:1,,UEFA European Championship Qualifying group J,False
4840,2023-10-13,GUI,GNB,1:0,,International Friendly -,True
4841,2023-10-13,NGA,KSA,2:2,,International Friendly -,True
4842,2023-10-13,MAR,SLV,1:0,,CONCACAF Nations League League A Group A,True
4843,2023-10-13,ENG,AUS,1:0,,International Friendly -,True
4844,2023-10-13,COD,NZL,1:1,,International Friendly -,True
4845,2023-10-13,MOZ,ANG,1:1,,International Friendly -,True
4846,2023-10-13,EQG,BFA,0:0,,International Friendly -,False
4847,2023-10-13,MLI,UGA,1:0,,International Friendly -,False
4848,2023-10-13,EST,AZE,0:2,,UEFA European Championship Qualifying group F,False
4849,2023-10-13,PLE,TJK,,,Merdeka Tournament Semi-final,True
4850,2023-10-13,AUT,BEL,2:3,,UEFA European Championship Qualifying group F,False
4851,2023-10-14,NCL,SOL,0:1,,MSG Prime Minister`s Cup -,False
4852,2023-10-14,NIR,SMR,3:0,,UEFA European Championship Qualifying group H,True
4853,2023-10-14,DEN,KAZ,3:1,,UEFA European Championship Qualifying group H,False
4854,2023-10-14,NIG,SOM,3:0,,International Friendly -,True
4855,2023-10-14,PUR,GUY,1:3,,CONCACAF Nations League League B Group D,False
4856,2023-10-14,SLE,BEN,1:1,,International Friendly -,False
4857,2023-10-14,ARU,VIR,3:1,,CONCACAF Nations League League C Group B,False
4858,2023-10-14,ITA,MLT,4:0,,UEFA European Championship Qualifying group C,False
4859,2023-10-14,UKR,MKD,2:0,,UEFA European Championship Qualifying group C,True
4860,2023-10-14,SVN,FIN,3:0,,UEFA European Championship Qualifying group H,False
4861,2023-10-14,MEX,GHA,2:0,,International Friendly -,True
4862,2023-10-14,IVO,MAR,1:1,,International Friendly -,True
4863,2023-10-14,PNG,VAN,0:1,,MSG Prime Minister`s Cup -,False
4864,2023-10-14,LBR,LBY,2:3,,International Friendly -,False
4865,2023-10-14,MTN,MAD,2:1,,International Friendly -,True
4866,2023-10-14,BEN,SLE,1:1,,Friendly 2023,True
4867,2023-10-14,BAH,ATG,1:4,,CONCACAF Nations League League B Group D,False
4868,2023-10-14,BUL,LTU,0:2,,UEFA European Championship Qualifying group G,False
4869,2023-10-14,HUN,SRB,2:1,,UEFA European Championship Qualifying group G,False
4870,2023-10-14,USA,GER,1:3,,International Friendly -,False
4871,2023-10-14,CIV,MAR,1:1,,Friendly 2023,False
4872,2023-10-15,SUI,BLR,3:3,,UEFA European Championship Qualifying group I,False
4873,2023-10-15,NOR,ESP,0:1,,UEFA European Championship Qualifying group A,False
4874,2023-10-15,GUA,ST ,2:0,,CONCACAF Nations League League B Group A,True
4875,2023-10-15,GEO,CYP,4:0,,UEFA European Championship Qualifying group A,False
4876,2023-10-15,SUR,GRN,4:0,,CONCACAF Nations League League A Group B,False
4877,2023-10-15,WAL,CRO,2:1,,UEFA European Championship Qualifying group D,True
4878,2023-10-15,POL,MDA,1:1,,UEFA European Championship Qualifying group E,False
4879,2023-10-15,ROU,AND,4:0,,UEFA European Championship Qualifying group I,False
4880,2023-10-15,HON,CUB,4:0,,CONCACAF Nations League League A Group B,False
4881,2023-10-15,HAI,JAM,2:3,,CONCACAF Nations League League A Group B,True
4882,2023-10-15,TUR,LVA,4:0,,UEFA European Championship Qualifying group D,False
4883,2023-10-15,ST ,SIN,0:1,,CONCACAF Nations League League B Group A,False
4884,2023-10-15,CZE,FRO,1:0,,UEFA European Championship Qualifying group E,True
4885,2023-10-15,SDN,TAN,1:1,,International Friendly -,True
4886,2023-10-16,BOS,POR,0:5,,UEFA European Championship Qualifying group J,True
4887,2023-10-16,TCA,VGB,2:2,,CONCACAF Nations League League C Group C,False
4888,2023-10-16,LUX,SVK,0:1,,UEFA European Championship Qualifying group J,False
4889,2023-10-16,DOM,BRB,5:2,,CONCACAF Nations League League B Group B,False
4890,2023-10-16,GRE,NED,0:1,,UEFA European Championship Qualifying group B,False
4891,2023-10-16,MOZ,NGA,2:3,,International Friendly -,True
4892,2023-10-16,ALG,EGY,1:1,,International Friendly -,True
4893,2023-10-16,BOT,SWZ,2:1,,International Friendly -,False
4894,2023-10-16,BEL,SWE,1:1,,UEFA European Championship Qualifying group F,False
4895,2023-10-16,AZE,AUT,0:1,,UEFA European Championship Qualifying group F,False
4896,2023-10-16,FRE,ST ,3:2,,CONCACAF Nations League League B Group C,True
4897,2023-10-16,BOT,SWA,2:1,,International Friendly -,False
4898,2023-10-16,SAI,AIA,8:0,,CONCACAF Nations League League C Group A,False
4899,2023-10-16,ISL,LIE,4:0,,UEFA European Championship Qualifying group J,False
4900,2023-10-16,NCA,MSR,3:0,,CONCACAF Nations League League B Group B,False
4901,2023-10-16,SEN,CMR,1:0,,International Friendly -,True
4902,2023-10-16,CHN,UZB,1:2,,International Friendly -,False
4903,2023-10-16,KEN,RUS,2:2,,Friendly 2023,True
4904,2023-10-16,BIH,POR,0:5,,UEFA EURO 2024 Q,False
4905,2023-10-16,GIB,IRL,0:4,,UEFA European Championship Qualifying group B,False
4906,2023-10-17,ATG,BAH,2:2,,CONCACAF Nations League League B Group D,False
4907,2023-10-17,BRU,IDN,0:6,,FIFA World Cup 1st qualifying round 2nd leg,True
4908,2023-10-17,BAN,MDV,2:1,,FIFA World Cup 1st qualifying round 2nd leg,False
4909,2023-10-17,SRB,MNE,3:1,,UEFA European Championship Qualifying group G,False
4910,2023-10-17,ANG,COD,0:0,,International Friendly -,True
4911,2023-10-17,MNG,AFG,0:1,,FIFA World Cup 1st qualifying round 2nd leg,False
4912,2023-10-17,BHU,HKG,2:0,,FIFA World Cup 1st qualifying round 2nd leg,False
4913,2023-10-17,VEN,CHI,3:0,,FIFA World Cup South America qualifying,False
4914,2023-10-17,ECU,COL,0:0,,FIFA World Cup South America qualifying,False
4915,2023-10-17,TLS,CHI,0:3,,FIFA World Cup 1st qualifying round 2nd leg,True
4916,2023-10-17,USA,GHA,4:0,,International Friendly -,False
4917,2023-10-17,MLT,UKR,1:3,,UEFA European Championship Qualifying group C,False
4918,2023-10-17,MAR,LBR,3:0,,Africa Cup of Nations Qualifying group K,False
4919,2023-10-17,MKD,ARM,3:1,,International Friendly -,False
4920,2023-10-17,MAC,MYA,0:0,,FIFA World Cup 1st qualifying round 2nd leg,True
4921,2023-10-17,ZAM,UGA,3:0,,International Friendly -,False
4922,2023-10-17,LAO,NEP,0:1,,FIFA World Cup 1st qualifying round 2nd leg,False
4923,2023-10-17,GUY,PUR,3:1,,CONCACAF Nations League League B Group D,False
4924,2023-10-17,SOM,SLE,0:2,,International Friendly -,False
4925,2023-10-17,SYR,KUW,1:2,,International Friendly -,False
4926,2023-10-17,CAY,VIR,2:1,,CONCACAF Nations League League C Group B,False
4927,2023-10-17,FIN,KAZ,1:2,,UEFA European Championship Qualifying group H,False
4928,2023-10-17,SLV,MAR,0:0,,CONCACAF Nations League League A Group A,False
4929,2023-10-17,IRN,QAT,4:0,,Jordan International Friendly Tournament Final,True
4930,2023-10-17,MLI,KSA,3:1,,International Friendly -,True
4931,2023-10-17,URU,BRA,2:0,,FIFA World Cup South America qualifying,False
4932,2023-10-17,BHR,PHI,1:0,,International Friendly -,False
4933,2023-10-17,AUS,NZL,2:0,,International Friendly -,True
4934,2023-10-17,CAP,COM,1:2,,International Friendly -,True
4935,2023-10-17,CUW,TRI,5:3,,CONCACAF Nations League League A Group A,False
4936,2023-10-17,CPV,COM,1:2,,Friendly 2023,True
4937,2023-10-17,CIV,RSA,1:1,,Friendly 2023,False
4938,2023-10-17,KUW,SYR,2:1,,Friendly 2023,True
4939,2023-10-17,KSA,MLI,1:3,,Friendly 2023,True
4940,2023-10-17,PAR,BOL,1:0,,FIFA World Cup South America qualifying,False
4941,2023-10-17,FRA,SCO,4:1,,International Friendly -,False
4942,2023-10-17,GUI,GAB,1:1,,International Friendly -,False
4943,2023-10-17,MEX,GER,2:2,,International Friendly -,True
4944,2023-10-17,SMR,DEN,1:2,,UEFA European Championship Qualifying group H,False
4945,2023-10-17,EST,THA,1:1,,International Friendly -,False
4946,2023-10-17,NIR,SVN,0:1,,UEFA European Championship Qualifying group H,True
4947,2023-10-17,SRI,YEM,1:1,,FIFA World Cup 1st qualifying round 2nd leg,False
4948,2023-10-17,GUM,SIN,0:1,,FIFA World Cup 1st qualifying round 2nd leg,False
4949,2023-10-17,TPE,TLS,3:0,,FIFA World Cup 2026 Q,False
4950,2023-10-17,SDN,CHA,1:0,,International Friendly -,True
4951,2023-10-17,ALB,BUL,2:0,,International Friendly -,False
4952,2023-10-17,JPN,TUN,2:0,,Kirin Challenge Cup -,False
4953,2023-10-17,BEN,MAD,1:2,,International Friendly -,True
4954,2023-10-17,ENG,ITA,3:1,,UEFA European Championship Qualifying group C,True
4955,2023-10-17,LBY,NIG,1:1,,International Friendly -,False
4956,2023-10-17,PER,ARG,0:2,,FIFA World Cup South America qualifying,False
4957,2023-10-17,JOR,IRQ,2:2,3:5,Jordan International Friendly Tournament 3rd place,False
4958,2023-10-17,BFA,MTN,2:1,,International Friendly -,True
4959,2023-10-17,IVO,RSA,1:1,,International Friendly -,True
4960,2023-10-17,UAE,LIB,2:1,,International Friendly -,False
4961,2023-10-17,PAK,CAM,1:0,,FIFA World Cup 1st qualifying round 2nd leg,False
4962,2023-10-17,BER,BLZ,1:1,,CONCACAF Nations League League B Group C,False
4963,2023-10-17,LTU,HUN,2:2,,UEFA European Championship Qualifying group G,False
4964,2023-10-17,KOR,VIE,6:0,,International Friendly -,False
4965,2023-10-17,MAS,TJK,0:2,,Merdeka Tournament Final,False
4966,2023-10-17,PAN,GUA,3:0,,CONCACAF Nations League League A Group A,False
4967,2023-11-11,GUA,JAM,0:0,,International Friendly -,True
4968,2023-11-12,KOS,ISR,1:0,,UEFA European Championship Qualifying group I,False
4969,2023-11-15,ETH,SLE,0:0,,FIFA World Cup Africa 1st round group A,True
4970,2023-11-15,COD,MTN,2:0,,FIFA World Cup Africa 1st round group B,False
4971,2023-11-15,BEL,SRB,1:0,,International Friendly -,False
4972,2023-11-15,ISR,SUI,1:1,,UEFA European Championship Qualifying group I,False
4973,2023-11-15,RWA,ZIM,0:0,,FIFA World Cup Africa 1st round group C,False
4974,2023-11-15,EQG,NAM,0:3,,FIFA World Cup Africa 1st round group H,False
4975,2023-11-16,CHI,PAR,0:0,,FIFA World Cup South America qualifying,False
4976,2023-11-16,YEM,BHR,0:2,,FIFA World Cup Asia group H,False
4977,2023-11-16,AUS,BAN,7:0,,FIFA World Cup Asia group I,False
4978,2023-11-16,EST,AUT,0:2,,UEFA European Championship Qualifying group F,False
4979,2023-11-16,VEN,ECU,0:0,,FIFA World Cup South America qualifying,False
4980,2023-11-16,BOL,PER,2:0,,FIFA World Cup South America qualifying,False
4981,2023-11-16,OMA,CHI,3:0,,FIFA World Cup Asia group D,False
4982,2023-11-16,SDN,TOG,1:1,,FIFA World Cup Africa 1st round group B,False
4983,2023-11-16,SYR,KOR,1:0,,FIFA World Cup Asia group B,True
4984,2023-11-16,KOR,SIN,5:0,,FIFA World Cup Asia group C,False
4985,2023-11-16,CAP,ANG,0:0,,FIFA World Cup Africa 1st round group D,True
4986,2023-11-16,UAE,NEP,4:0,,FIFA World Cup Asia group H,False
4987,2023-11-16,GEO,SCO,2:2,,UEFA European Championship Qualifying group A,False
4988,2023-11-16,LUX,BIH,4:1,,UEFA EURO 2024 Q,False
4989,2023-11-16,CPV,ANG,0:0,,FIFA World Cup 2026 Q,False
4990,2023-11-16,OMA,TPE,3:0,,FIFA World Cup 2026 Q,False
4991,2023-11-16,SYR,PRK,1:0,,FIFA World Cup 2026 Q,True
4992,2023-11-16,SKN,LCA,0:0,,CONCACAF Nations League 2024,False
4993,2023-11-16,LIE,POR,0:2,,UEFA European Championship Qualifying group J,False
4994,2023-11-16,ST ,ST ,0:0,,CONCACAF Nations League League B Group A,False
4995,2023-11-16,SVK,ISL,4:2,,UEFA European Championship Qualifying group J,False
4996,2023-11-16,IRQ,IDN,5:1,,FIFA World Cup Asia group F,False
4997,2023-11-16,BUL,HUN,2:2,,UEFA European Championship Qualifying group G,False
4998,2023-11-16,CRC,PAN,0:3,,CONCACAF Nations League Quarter-final 1st leg,False
4999,2023-11-16,AZE,SWE,3:0,,UEFA European Championship Qualifying group F,False
5000,2023-11-16,TJK,JOR,1:1,,FIFA World Cup Asia group G,False
5001,2023-11-16,EGY,DJI,6:0,,FIFA World Cup Africa 1st round group A,False
5002,2023-11-16,KUW,IND,0:1,,FIFA World Cup Asia group A,False
5003,2023-11-16,GAB,KEN,2:1,,FIFA World Cup Africa 1st round group F,False
5004,2023-11-16,JPN,MYA,5:0,,FIFA World Cup Asia group B,False
5005,2023-11-16,NGA,LES,1:1,,FIFA World Cup Africa 1st round group C,False
5006,2023-11-16,IRN,HKG,4:0,,FIFA World Cup Asia group E,False
5007,2023-11-16,QAT,AFG,8:1,,FIFA World Cup Asia group A,False
5008,2023-11-16,BDI,GAM,3:2,,FIFA World Cup Africa 1st round group F,True
5009,2023-11-16,PHI,VIE,0:2,,FIFA World Cup Asia group F,False
5010,2023-11-16,MAS,KGZ,4:3,,FIFA World Cup Asia group D,False
5011,2023-11-16,TKM,UZB,1:3,,FIFA World Cup Asia group E,False
5012,2023-11-16,LUX,BOS,4:1,,UEFA European Championship Qualifying group J,False
5013,2023-11-16,CYP,ESP,1:3,,UEFA European Championship Qualifying group A,False
5014,2023-11-16,MNE,LTU,2:0,,UEFA European Championship Qualifying group G,False
5015,2023-11-16,ARG,URU,0:2,,FIFA World Cup South America qualifying,False
5016,2023-11-16,VGB,DMA,1:2,,CONCACAF Nations League League C Group C,False
5017,2023-11-16,COL,BRA,2:1,,FIFA World Cup South America qualifying,False
5018,2023-11-16,LIB,PLE,0:0,,FIFA World Cup Asia group I,False
5019,2023-11-16,BOT,MOZ,2:3,,FIFA World Cup Africa 1st round group G,False
5020,2023-11-16,VIR,ARU,1:4,,CONCACAF Nations League League C Group B,False
5021,2023-11-16,NOR,FRO,2:0,,International Friendly -,False
5022,2023-11-16,KSA,PAK,4:0,,FIFA World Cup Asia group G,False
5023,2023-11-16,USA,TRI,3:0,,CONCACAF Nations League Quarter-final 1st leg,False
5024,2023-11-16,ALG,SOM,3:1,,FIFA World Cup Africa 1st round group G,False
5025,2023-11-16,THA,CHN,1:2,,FIFA World Cup Asia group C,False
5026,2023-11-16,CUW,SLV,1:1,,International Friendly -,False
5027,2023-11-17,BRB,NCA,0:4,,CONCACAF Nations League League B Group B,False
5028,2023-11-17,BER,VIN,3:1,,CONCACAF Nations League 2024,False
5029,2023-11-17,CIV,SEY,9:0,,FIFA World Cup 2026 Q,False
5030,2023-11-17,TUN,STP,4:0,,FIFA World Cup 2026 Q,False
5031,2023-11-17,SOL,SAM,1:0,,South Pacific Games 2023,False
5032,2023-11-17,ZAM,CGO,4:2,,FIFA World Cup Africa 1st round group E,False
5033,2023-11-17,BLZ,FRE,1:0,,CONCACAF Nations League League B Group C,False
5034,2023-11-17,MSR,DOM,2:1,,CONCACAF Nations League League B Group B,False
5035,2023-11-17,IVO,SEY,9:0,,FIFA World Cup Africa 1st round group F,True
5036,2023-11-17,MLI,CHA,3:1,,FIFA World Cup Africa 1st round group I,False
5037,2023-11-17,HON,MEX,2:0,,CONCACAF Nations League Quarter-final 1st leg,False
5038,2023-11-17,BFA,GNB,1:1,,FIFA World Cup Africa 1st round group A,True
5039,2023-11-17,ITA,MKD,5:2,,UEFA European Championship Qualifying group C,False
5040,2023-11-17,BER,ST ,3:1,,CONCACAF Nations League League B Group C,False
5041,2023-11-17,SWA,LBY,0:1,,FIFA World Cup Africa 1st round group D,True
5042,2023-11-17,DEN,SVN,2:1,,UEFA European Championship Qualifying group H,False
5043,2023-11-17,ENG,MLT,2:0,,UEFA European Championship Qualifying group C,True
5044,2023-11-17,POL,CZE,1:1,,UEFA European Championship Qualifying group E,False
5045,2023-11-17,TUN,SAO,4:0,,FIFA World Cup Africa 1st round group H,False
5046,2023-11-17,GUI,UGA,2:1,,FIFA World Cup Africa 1st round group G,True
5047,2023-11-17,LBR,MWI,0:1,,FIFA World Cup Africa 1st round group H,False
5048,2023-11-17,SWZ,LBY,0:1,,FIFA World Cup Africa 1st round group D,True
5049,2023-11-17,GRE,NZL,2:0,,International Friendly -,False
5050,2023-11-17,FIN,NIR,4:0,,UEFA European Championship Qualifying group H,False
5051,2023-11-17,KAZ,SMR,3:1,,UEFA European Championship Qualifying group H,False
5052,2023-11-17,COM,CTA,4:2,,FIFA World Cup Africa 1st round group I,False
5053,2023-11-17,MDA,ALB,1:1,,UEFA European Championship Qualifying group E,False
5054,2023-11-17,GHA,MAD,1:0,,FIFA World Cup Africa 1st round group I,False
5055,2023-11-17,CMR,MRI,3:0,,FIFA World Cup Africa 1st round group D,False
5056,2023-11-18,ATG,PUR,2:3,,CONCACAF Nations League League B Group D,False
5057,2023-11-18,AIA,BON,0:3,,CONCACAF Nations League League C Group A,False
5058,2023-11-18,GER,TUR,2:3,,International Friendly -,False
5059,2023-11-18,NIG,TAN,0:1,,FIFA World Cup Africa 1st round group E,True
5060,2023-11-18,RSA,BEN,2:1,,FIFA World Cup Africa 1st round group C,False
5061,2023-11-18,JAM,CAN,1:2,,CONCACAF Nations League Quarter-final 1st leg,False
5062,2023-11-18,ISR,ROU,1:2,,UEFA European Championship Qualifying group I,False
5063,2023-11-18,NED,IRL,1:0,,UEFA European Championship Qualifying group B,False
5064,2023-11-18,LVA,CRO,0:2,,UEFA European Championship Qualifying group D,False
5065,2023-11-18,BLR,AND,1:0,,UEFA European Championship Qualifying group I,True
5066,2023-11-18,SUI,KOS,1:1,,UEFA European Championship Qualifying group I,False
5067,2023-11-18,SEN,SSD,4:0,,FIFA World Cup Africa 1st round group B,False
5068,2023-11-18,FRA,GIB,14:0,,UEFA European Championship Qualifying group B,False
5069,2023-11-18,ARM,WAL,1:1,,UEFA European Championship Qualifying group D,False
5070,2023-11-18,NCL,TGA,7:0,,South Pacific Games 2023,True
5071,2023-11-19,POR,ISL,2:0,,UEFA European Championship Qualifying group J,False
5072,2023-11-19,SCO,NOR,3:3,,UEFA European Championship Qualifying group A,True
5073,2023-11-19,CYP,LTU,1:0,,International Friendly -,False
5074,2023-11-19,BAH,GUY,,,CONCACAF Nations League League B Group D,True
5075,2023-11-19,LIE,LUX,0:1,,UEFA European Championship Qualifying group J,False
5076,2023-11-19,BEL,AZE,5:0,,UEFA European Championship Qualifying group F,False
5077,2023-11-19,BDI,GAB,1:2,,FIFA World Cup Africa 1st round group F,True
5078,2023-11-19,ZIM,NGA,1:1,,FIFA World Cup Africa 1st round group C,True
5079,2023-11-19,SLE,EGY,0:2,,FIFA World Cup Africa 1st round group A,True
5080,2023-11-19,HUN,MNE,3:1,,UEFA European Championship Qualifying group G,False
5081,2023-11-19,ESP,GEO,3:1,,UEFA European Championship Qualifying group A,False
5082,2023-11-19,MOZ,ALG,0:2,,FIFA World Cup Africa 1st round group G,False
5083,2023-11-19,SRB,BUL,2:2,,UEFA European Championship Qualifying group G,False
5084,2023-11-19,ST ,SIN,1:2,,CONCACAF Nations League League B Group A,False
5085,2023-11-19,SDN,COD,1:0,,FIFA World Cup Africa 1st round group B,False
5086,2023-11-19,GUA,ST ,5:0,,CONCACAF Nations League League B Group A,True
5087,2023-11-19,BIH,SVK,1:2,,UEFA EURO 2024 Q,False
5088,2023-11-19,BOS,SVK,1:2,,UEFA European Championship Qualifying group J,True
5089,2023-11-19,SWE,EST,2:0,,UEFA European Championship Qualifying group F,False
5090,2023-11-20,CHA,MAD,0:3,,FIFA World Cup Africa 1st round group I,True
5091,2023-11-20,GAM,CIV,0:2,,FIFA World Cup 2026 Q,True
5092,2023-11-20,RUS,CUB,8:0,,Friendly 2023,False
5093,2023-11-20,SAM,ASA,10:0,,South Pacific Games 2023,True
5094,2023-11-20,SEY,KEN,0:5,,FIFA World Cup Africa 1st round group F,True
5095,2023-11-20,SVN,KAZ,2:1,,UEFA European Championship Qualifying group H,False
5096,2023-11-20,MLI,CTA,1:1,,FIFA World Cup Africa 1st round group I,False
5097,2023-11-20,MSR,BRB,4:2,,CONCACAF Nations League League B Group B,False
5098,2023-11-20,ARU,CAY,5:1,,CONCACAF Nations League League C Group B,False
5099,2023-11-20,MKD,ENG,1:1,,UEFA European Championship Qualifying group C,False
5100,2023-11-20,UKR,ITA,0:0,,UEFA European Championship Qualifying group C,True
5101,2023-11-20,CUW,SLV,1:1,,International Friendly -,False
5102,2023-11-20,DJI,GNB,0:1,,FIFA World Cup Africa 1st round group A,True
5103,2023-11-20,DMA,TCA,2:0,,CONCACAF Nations League League C Group C,False
5104,2023-11-20,CZE,MDA,3:0,,UEFA European Championship Qualifying group E,True
5105,2023-11-20,GAM,IVO,0:2,,FIFA World Cup Africa 1st round group F,True
5106,2023-11-20,NIR,DEN,2:0,,UEFA European Championship Qualifying group H,True
5107,2023-11-20,LBR,EQG,3:0,,FIFA World Cup Africa 1st round group H,False
5108,2023-11-20,ALB,FRO,0:0,,UEFA European Championship Qualifying group E,False
5109,2023-11-20,TRI,USA,2:1,,CONCACAF Nations League Quarter-final 2nd leg,False
5110,2023-11-20,PAN,CRC,3:1,,CONCACAF Nations League Quarter-final 2nd leg,False
5111,2023-11-20,SMR,FIN,1:2,,UEFA European Championship Qualifying group H,False
5112,2023-11-21,BHR,UAE,0:2,,FIFA World Cup Asia group H,False
5113,2023-11-21,BOT,GUI,1:0,,FIFA World Cup Africa 1st round group G,False
5114,2023-11-21,MYA,PRK,1:6,,FIFA World Cup 2026 Q,False
5115,2023-11-21,GUY,ATG,6:0,,CONCACAF Nations League League B Group D,True
5116,2023-11-21,URU,BOL,3:0,,FIFA World Cup South America qualifying,False
5117,2023-11-21,FRE,BER,3:0,,CONCACAF Nations League League B Group C,True
5118,2023-11-21,CHI,MAS,0:1,,FIFA World Cup Asia group D,True
5119,2023-11-21,WAL,TUR,1:1,,UEFA European Championship Qualifying group D,True
5120,2023-11-21,JOR,KSA,0:2,,FIFA World Cup Asia group G,False
5121,2023-11-21,COM,GHA,1:0,,FIFA World Cup Africa 1st round group I,False
5122,2023-11-21,SYR,JPN,0:5,,FIFA World Cup Asia group B,True
5123,2023-11-21,ETH,BFA,0:3,,FIFA World Cup Africa 1st round group A,True
5124,2023-11-21,SIN,THA,1:3,,FIFA World Cup Asia group C,False
5125,2023-11-21,AFG,KUW,0:4,,FIFA World Cup Asia group A,False
5126,2023-11-21,PAR,COL,0:1,,FIFA World Cup South America qualifying,False
5127,2023-11-21,CHN,KOR,0:3,,FIFA World Cup Asia group C,False
5128,2023-11-21,NCA,DOM,0:0,,CONCACAF Nations League League B Group B,False
5129,2023-11-21,PUR,BAH,6:1,,CONCACAF Nations League League B Group D,True
5130,2023-11-21,IRL,NZL,1:1,,International Friendly -,False
5131,2023-11-21,MWI,TUN,0:1,,FIFA World Cup Africa 1st round group H,False
5132,2023-11-21,POL,LVA,2:0,,International Friendly -,False
5133,2023-11-21,RWA,RSA,2:0,,FIFA World Cup Africa 1st round group C,False
5134,2023-11-21,FIJ,TAH,0:0,,South Pacific Games 2023,True
5135,2023-11-21,TGA,COK,1:2,,South Pacific Games 2023,True
5136,2023-11-21,STP,NAM,0:2,,FIFA World Cup 2026 Q,True
5137,2023-11-21,TUN,MWI,1:0,,FIFA World Cup 2026 Q,False
5138,2023-11-21,SWZ,CPV,0:2,,FIFA World Cup 2026 Q,True
5139,2023-11-21,VIE,IRQ,0:1,,FIFA World Cup 2026 Q,False
5140,2023-11-21,TPE,MAS,0:1,,FIFA World Cup 2026 Q,False
5141,2023-11-21,BRA,ARG,0:1,,FIFA World Cup South America qualifying,False
5142,2023-11-21,LES,BEN,0:0,,FIFA World Cup Africa 1st round group C,True
5143,2023-11-21,BAN,LIB,1:1,,FIFA World Cup Asia group I,False
5144,2023-11-21,SAO,NAM,0:2,,FIFA World Cup Africa 1st round group H,True
5145,2023-11-21,CRO,ARM,1:0,,UEFA European Championship Qualifying group D,False
5146,2023-11-21,KOS,BLR,0:1,,UEFA European Championship Qualifying group I,False
5147,2023-11-21,PLE,AUS,0:1,,FIFA World Cup Asia group I,False
5148,2023-11-21,CAN,JAM,2:3,,CONCACAF Nations League Quarter-final 2nd leg,False
5149,2023-11-21,AND,ISR,0:2,,UEFA European Championship Qualifying group I,False
5150,2023-11-21,TAN,MAR,0:2,,FIFA World Cup Africa 1st round group E,False
5151,2023-11-21,GIB,NED,0:6,,UEFA European Championship Qualifying group B,False
5152,2023-11-21,UZB,IRN,2:2,,FIFA World Cup Asia group E,False
5153,2023-11-21,MRI,ANG,0:0,,FIFA World Cup Africa 1st round group D,False
5154,2023-11-21,KGZ,OMA,1:0,,FIFA World Cup Asia group D,False
5155,2023-11-21,GRE,FRA,2:2,,UEFA European Championship Qualifying group B,False
5156,2023-11-21,NIG,ZAM,2:1,,FIFA World Cup Africa 1st round group E,True
5157,2023-11-21,NEP,YEM,0:2,,FIFA World Cup Asia group H,False
5158,2023-11-21,SWA,CAP,0:2,,FIFA World Cup Africa 1st round group D,True
5159,2023-11-21,AUT,GER,2:0,,International Friendly -,False
5160,2023-11-21,LBY,CMR,1:1,,FIFA World Cup Africa 1st round group D,False
5161,2023-11-21,MEX,HON,2:0,4:2,CONCACAF Nations League Quarter-final 2nd leg,False
5162,2023-11-21,PAK,TJK,1:6,,FIFA World Cup Asia group G,False
5163,2023-11-21,MYA,KOR,1:6,,FIFA World Cup Asia group B,False
5164,2023-11-21,PER,VEN,1:1,,FIFA World Cup South America qualifying,False
5165,2023-11-21,HKG,TKM,2:2,,FIFA World Cup Asia group E,True
5166,2023-11-21,IND,QAT,0:3,,FIFA World Cup Asia group A,False
5167,2023-11-21,SWZ,CAP,0:2,,FIFA World Cup Africa 1st round group D,True
5168,2023-11-21,ROU,SUI,1:0,,UEFA European Championship Qualifying group I,False
5169,2023-11-21,VIN,BLZ,3:0,,CONCACAF Nations League 2024,True
5170,2023-11-21,PHI,IDN,1:1,,FIFA World Cup Asia group F,False
5171,2023-11-21,ECU,CHI,1:0,,FIFA World Cup South America qualifying,False
5172,2023-11-21,TOG,SEN,0:0,,FIFA World Cup Africa 1st round group B,False
5173,2023-11-21,ST ,BLZ,3:0,,CONCACAF Nations League League B Group C,True
5174,2023-11-21,SOM,UGA,0:1,,FIFA World Cup Africa 1st round group G,True
5175,2023-11-21,SSD,MTN,0:0,,FIFA World Cup Africa 1st round group B,False
5176,2023-11-23,SOL,ASA,11:0,,South Pacific Games 2023,False
5177,2023-11-23,PNG,VAN,1:1,,South Pacific Games 2023,True
5178,2023-11-24,NCL,COK,8:0,,South Pacific Games 2023,True
5179,2023-11-27,TAH,SAM,2:1,,South Pacific Games 2023,True
5180,2023-11-27,COK,PNG,0:3,,South Pacific Games 2023,True
5181,2023-11-28,SOL,FIJ,2:0,,South Pacific Games 2023,False
5182,2023-11-28,NCL,VAN,1:0,,South Pacific Games 2023,True
5183,2023-11-30,TGA,ASA,6:2,,South Pacific Games 2023,True
5184,2023-11-30,COK,SAM,0:3,,South Pacific Games 2023,True
5185,2023-11-30,PNG,TAH,0:2,,South Pacific Games 2023,True
5186,2023-12-01,VAN,FIJ,2:4,,South Pacific Games 2023,True
5187,2023-12-02,SOL,NCL,2:2,6:7,South Pacific Games 2023,False
5188,2023-12-10,COL,VEN,1:0,,Friendly 2023,True
5189,2023-12-16,MEX,COL,2:3,,International Friendly -,True
5190,2023-12-16,COL,MEX,3:2,,Friendly 2023,True
5191,2023-12-29,OMA,CHN,2:0,,Friendly 2023,True
5192,2023-12-30,UAE,KGZ,1:0,,Friendly 2023,False
5193,2024-01-01,CHN,HKG,1:2,,Friendly 2024,True
5194,2024-01-01,JPN,THA,5:0,,International Friendly -,False
5195,2024-01-05,LBY,IDN,2:1,,Friendly 2024,True
5196,2024-01-06,COD,ANG,0:0,,Friendly 2024,True
5197,2024-01-06,CIV,SLE,5:1,,Friendly 2024,False
5198,2024-01-06,KOR,IRQ,1:0,,Friendly 2024,True
5199,2024-01-06,MLI,GNB,6:2,,Friendly 2024,False
5200,2024-01-06,UAE,OMA,0:1,,Friendly 2024,False
5201,2024-01-06,BHR,AUS,0:2,,Friendly 2024,True
5202,2024-01-07,EGY,TAN,2:0,,Friendly 2024,False
5203,2024-01-08,NGA,GUI,0:2,,Friendly 2024,True
5204,2024-01-09,EQG,DJI,1:1,,Friendly 2024,False
5205,2024-01-09,ALG,BDI,4:0,,Friendly 2024,True
5206,2024-01-10,TUN,CPV,2:0,,Friendly 2024,False
5207,2024-01-12,LBY,KUW,3:1,,Friendly 2024,True
5208,2024-01-12,QAT,LIB,3:0,,AFC Asian Cup Group A,False
5209,2024-01-12,SWE,EST,2:1,,Friendly 2024,True
5210,2024-01-13,CIV,GNB,2:0,,CAF Nations Cup 2023,False
5211,2024-01-13,IVO,GNB,2:0,,Africa Cup of Nations Group A,True
5212,2024-01-13,CHN,TJK,0:0,,AFC Asian Cup Group A,True
5213,2024-01-13,GUA,ISL,0:1,,International Friendly -,True
5214,2024-01-13,UZB,SYR,0:0,,AFC Asian Cup Group B,True
5215,2024-01-13,AUS,IND,2:0,,AFC Asian Cup Group B,True
5216,2024-01-14,JPN,VIE,4:2,,AFC Asian Cup Group D,True
5217,2024-01-14,UAE,HKG,3:1,,AFC Asian Cup Group C,True
5218,2024-01-14,IRN,PLE,4:1,,AFC Asian Cup Group C,True
5219,2024-01-14,GHA,CAP,1:2,,Africa Cup of Nations Group B,True
5220,2024-01-14,EGY,MOZ,2:2,,Africa Cup of Nations Group B,True
5221,2024-01-14,NGA,EQG,1:1,,Africa Cup of Nations Group A,True
5222,2024-01-14,GHA,CPV,1:2,,CAF Nations Cup 2023,True
5223,2024-01-15,IDN,IRQ,1:3,,AFC Asian Cup Group D,True
5224,2024-01-15,ALG,ANG,1:1,,Africa Cup of Nations Group D,True
5225,2024-01-15,KOR,BHR,3:1,,AFC Asian Cup Group E,True
5226,2024-01-15,MAS,JOR,0:4,,AFC Asian Cup Group E,True
5227,2024-01-15,CMR,GUI,1:1,,Africa Cup of Nations Group C,True
5228,2024-01-15,SEN,GAM,3:0,,Africa Cup of Nations Group C,True
5229,2024-01-16,MLI,RSA,2:0,,Africa Cup of Nations Group E,True
5230,2024-01-16,KSA,OMA,2:1,,AFC Asian Cup Group F,True
5231,2024-01-16,THA,KGZ,2:0,,AFC Asian Cup Group F,True
5232,2024-01-16,TUN,NAM,0:1,,Africa Cup of Nations Group E,True
5233,2024-01-16,BFA,MTN,1:0,,Africa Cup of Nations Group D,True
5234,2024-01-17,HON,ISL,0:2,,International Friendly -,True
5235,2024-01-17,LIB,CHN,0:0,,AFC Asian Cup Group A,True
5236,2024-01-17,MAR,TAN,3:0,,Africa Cup of Nations Group F,True
5237,2024-01-17,QAT,TJK,1:0,,AFC Asian Cup Group A,False
5238,2024-01-17,COD,ZAM,1:1,,Africa Cup of Nations Group F,True
5239,2024-01-18,SYR,AUS,0:1,,AFC Asian Cup Group B,True
5240,2024-01-18,CIV,NGA,0:1,,CAF Nations Cup 2023,False
5241,2024-01-18,EQG,GNB,4:2,,Africa Cup of Nations Group A,True
5242,2024-01-18,EGY,GHA,2:2,,Africa Cup of Nations Group B,True
5243,2024-01-18,IVO,NGA,0:1,,Africa Cup of Nations Group A,True
5244,2024-01-18,IND,UZB,0:3,,AFC Asian Cup Group B,True
5245,2024-01-18,PLE,UAE,1:1,,AFC Asian Cup Group C,True
5246,2024-01-19,GUI,GAM,1:0,,Africa Cup of Nations Group C,True
5247,2024-01-19,HKG,IRN,0:1,,AFC Asian Cup Group C,True
5248,2024-01-19,SEN,CMR,3:1,,Africa Cup of Nations Group C,True
5249,2024-01-19,VIE,IDN,0:1,,AFC Asian Cup Group D,True
5250,2024-01-19,IRQ,JPN,2:1,,AFC Asian Cup Group D,True
5251,2024-01-19,CAP,MOZ,3:0,,Africa Cup of Nations Group B,True
5252,2024-01-19,UGA,KUW,2:0,,Friendly 2024,True
5253,2024-01-19,CPV,MOZ,3:0,,CAF Nations Cup 2023,True
5254,2024-01-20,USA,SVN,0:1,,International Friendly -,False
5255,2024-01-20,TUN,MLI,1:1,,Africa Cup of Nations Group E,True
5256,2024-01-20,ALG,BFA,2:2,,Africa Cup of Nations Group D,True
5257,2024-01-20,MTN,ANG,2:3,,Africa Cup of Nations Group D,True
5258,2024-01-20,JOR,KOR,2:2,,AFC Asian Cup Group E,True
5259,2024-01-20,BHR,MAS,1:0,,AFC Asian Cup Group E,True
5260,2024-01-21,KGZ,KSA,0:2,,AFC Asian Cup Group F,True
5261,2024-01-21,OMA,THA,0:0,,AFC Asian Cup Group F,True
5262,2024-01-21,RSA,NAM,4:0,,Africa Cup of Nations Group E,True
5263,2024-01-21,ZAM,TAN,1:1,,Africa Cup of Nations Group F,True
5264,2024-01-21,MAR,COD,1:1,,Africa Cup of Nations Group F,True
5265,2024-01-22,CPV,EGY,2:2,,CAF Nations Cup 2023,True
5266,2024-01-22,EQG,CIV,4:0,,CAF Nations Cup 2023,True
5267,2024-01-22,QAT,CHN,1:0,,AFC Asian Cup Group A,False
5268,2024-01-22,CAP,EGY,2:2,,Africa Cup of Nations Group B,True
5269,2024-01-22,MOZ,GHA,2:2,,Africa Cup of Nations Group B,True
5270,2024-01-22,IVO,EQG,0:4,,Africa Cup of Nations Group A,True
5271,2024-01-22,TJK,LIB,2:1,,AFC Asian Cup Group A,True
5272,2024-01-22,GNB,NGA,0:1,,Africa Cup of Nations Group A,True
5273,2024-01-23,MTN,ALG,1:0,,Africa Cup of Nations Group D,True
5274,2024-01-23,HKG,PLE,0:3,,AFC Asian Cup Group C,True
5275,2024-01-23,IRN,UAE,2:1,,AFC Asian Cup Group C,True
5276,2024-01-23,GAM,CMR,2:3,,Africa Cup of Nations Group C,True
5277,2024-01-23,AUS,UZB,1:1,,AFC Asian Cup Group B,True
5278,2024-01-23,GUI,SEN,0:2,,Africa Cup of Nations Group C,True
5279,2024-01-23,ANG,BFA,2:0,,Africa Cup of Nations Group D,True
5280,2024-01-23,SYR,IND,1:0,,AFC Asian Cup Group B,True
5281,2024-01-24,IRQ,VIE,3:2,,AFC Nations Cup 2023,True
5282,2024-01-24,JPN,IDN,3:1,,AFC Asian Cup Group D,True
5283,2024-01-24,ZAM,MAR,0:1,,Africa Cup of Nations Group F,True
5284,2024-01-24,NAM,MLI,0:0,,Africa Cup of Nations Group E,True
5285,2024-01-24,RSA,TUN,0:0,,Africa Cup of Nations Group E,True
5286,2024-01-24,TAN,COD,0:0,,Africa Cup of Nations Group F,True
5287,2024-01-25,KGZ,OMA,1:1,,AFC Asian Cup Group F,True
5288,2024-01-25,KSA,THA,0:0,,AFC Asian Cup Group F,True
5289,2024-01-25,KOR,MAS,3:3,,AFC Asian Cup Group E,True
5290,2024-01-25,JOR,BHR,0:1,,AFC Asian Cup Group E,True
5291,2024-01-27,NGA,CMR,2:0,,Africa Cup of Nations Finals - Round of 16,True
5292,2024-01-27,ANG,NAM,3:0,,Africa Cup of Nations Finals - Round of 16,True
5293,2024-01-28,EQG,GUI,0:1,,Africa Cup of Nations Finals - Round of 16,True
5294,2024-01-28,EGY,COD,1:1,7:8,Africa Cup of Nations Finals - Round of 16,True
5295,2024-01-28,TJK,UAE,1:1,5:3,AFC Asian Cup Finals - Round of 16,True
5296,2024-01-28,AUS,IDN,4:0,,AFC Asian Cup Finals - Round of 16,True
5297,2024-01-29,CAP,MTN,1:0,,Africa Cup of Nations Finals - Round of 16,True
5298,2024-01-29,IRQ,JOR,2:3,,AFC Asian Cup Finals - Round of 16,True
5299,2024-01-29,QAT,PLE,2:1,,AFC Asian Cup Finals - Round of 16,False
5300,2024-01-29,CIV,SEN,1:1 a.e.t.,5:4,CAF Nations Cup 2023,False
5301,2024-01-29,CPV,MTN,1:0,,CAF Nations Cup 2023,True
5302,2024-01-29,SEN,IVO,1:1,4:5,Africa Cup of Nations Finals - Round of 16,True
5303,2024-01-30,MLI,BFA,2:1,,Africa Cup of Nations Finals - Round of 16,True
5304,2024-01-30,UZB,THA,2:1,,AFC Asian Cup Finals - Round of 16,True
5305,2024-01-30,MAR,RSA,0:2,,Africa Cup of Nations Finals - Round of 16,True
5306,2024-01-30,KSA,KOR,1:1,2:4,AFC Asian Cup Finals - Round of 16,True
5307,2024-01-31,BHR,JPN,1:3,,AFC Asian Cup Finals - Round of 16,True
5308,2024-01-31,IRN,SYR,1:1,5:3,AFC Asian Cup Finals - Round of 16,True
5309,2024-02-02,AUS,KOR,1:2,,AFC Asian Cup Finals quarter-final,True
5310,2024-02-02,COD,GUI,3:1,,Africa Cup of Nations Finals quarter-final,True
5311,2024-02-02,GUI,COD,1:3,,CAF Nations Cup 2023,True
5312,2024-02-02,TJK,JOR,0:1,,AFC Asian Cup Finals quarter-final,True
5313,2024-02-02,NGA,ANG,1:0,,Africa Cup of Nations Finals quarter-final,True
5314,2024-02-03,CPV,RSA,0:0 a.e.t.,1:2,CAF Nations Cup 2023,True
5315,2024-02-03,MLI,CIV,1 a.e.t.:2,,CAF Nations Cup 2023,True
5316,2024-02-03,IVO,MLI,2:1,,Africa Cup of Nations Finals quarter-final,True
5317,2024-02-03,CAP,RSA,0:0,1:2,Africa Cup of Nations Finals quarter-final,True
5318,2024-02-03,IRN,JPN,2:1,,AFC Asian Cup Finals quarter-final,True
5319,2024-02-03,QAT,UZB,1:1,3:2,AFC Asian Cup Finals quarter-final,False
5320,2024-02-06,JOR,KOR,2:0,,AFC Asian Cup Finals semi-final,True
5321,2024-02-07,QAT,IRN,3:2,,AFC Asian Cup Finals semi-final,False
5322,2024-02-07,IVO,COD,1:0,,Africa Cup of Nations Finals semi-final,True
5323,2024-02-07,NGA,RSA,1:1,4:2,Africa Cup of Nations Finals semi-final,True
5324,2024-02-07,CIV,COD,1:0,,CAF Nations Cup 2023,False
5325,2024-02-10,QAT,JOR,3:1,,AFC Asian Cup Finals final,False
5326,2024-02-10,RSA,COD,0:0,6:5,Africa Cup of Nations Finals 3rd place,True
5327,2024-02-11,CIV,NGA,2:1,,CAF Nations Cup 2023,False
5328,2024-02-11,IVO,NGA,2:1,,Africa Cup of Nations Finals final,True
5329,2024-03-18,SOL,FIJ,2:1,,International Friendly -,False
5330,2024-03-20,SMR,ST ,1:3,,International Friendly -,False
5331,2024-03-20,SOM,SWA,0:3,,Africa Cup of Nations Preliminary round 1st leg,False
5332,2024-03-20,DJI,LBR,0:2,,Africa Cup of Nations Preliminary round 1st leg,True
5333,2024-03-20,SOM,SWZ,0:3,,Africa Cup of Nations Preliminary round 1st leg,False
5334,2024-03-20,TGA,SAM,1:4,,Oceania Nations Cup Qualifying group,False
5335,2024-03-20,SMR,SKN,1:3,,Friendly 2024,False
5336,2024-03-21,MYA,SYR,1:1,,FIFA World Cup Asia group B,False
5337,2024-03-21,SOL,FIJ,0:2,,International Friendly -,False
5338,2024-03-21,VEN,ITA,1:2,,International Friendly -,True
5339,2024-03-21,CYP,LVA,1:1,,International Friendly -,False
5340,2024-03-21,ECU,GUA,2:0,,International Friendly -,True
5341,2024-03-21,BLZ,PUR,1:1,,International Friendly -,False
5342,2024-03-21,IRQ,PHI,1:0,,FIFA World Cup Asia group F,False
5343,2024-03-21,UAE,YEM,2:1,,FIFA World Cup Asia group H,False
5344,2024-03-21,BHR,NEP,5:0,,FIFA World Cup Asia group H,False
5345,2024-03-21,KOR,THA,1:1,,FIFA World Cup Asia group C,False
5346,2024-03-21,QAT,KUW,3:0,,FIFA World Cup Asia group A,False
5347,2024-03-21,USA,JAM,3:1,,CONCACAF Nations League Semi-final,False
5348,2024-03-21,GRE,KAZ,5:0,,UEFA European Championship Play-off semi-final Path C,False
5349,2024-03-21,ETH,LES,1:2,,International Friendly -,False
5350,2024-03-21,AUS,LIB,2:0,,FIFA World Cup Asia group I,False
5351,2024-03-21,PLE,BAN,5:0,,FIFA World Cup Asia group I,False
5352,2024-03-21,MLT,SVN,2:2,,International Friendly -,False
5353,2024-03-21,GIB,LTU,0:1,,UEFA Nations League Play-off 1st leg,False
5354,2024-03-21,BOS,UKR,1:2,,UEFA European Championship Play-off semi-final Path B,True
5355,2024-03-21,SIN,CHN,2:2,,FIFA World Cup Asia group C,False
5356,2024-03-21,IRN,TKM,5:0,,FIFA World Cup Asia group E,False
5357,2024-03-21,GEO,LUX,2:0,,UEFA European Championship Play-off semi-final Path C,False
5358,2024-03-21,MNE,BLR,2:0,,International Friendly -,False
5359,2024-03-21,PAN,MEX,0:3,,CONCACAF Nations League Semi-final,True
5360,2024-03-21,AFG,IND,0:0,,FIFA World Cup Asia group A,False
5361,2024-03-21,PAK,JOR,0:3,,FIFA World Cup Asia group G,False
5362,2024-03-21,ISR,ISL,1:4,,UEFA European Championship Play-off semi-final Path B,True
5363,2024-03-21,CHI,KGZ,0:2,,FIFA World Cup Asia group D,True
5364,2024-03-21,RSA,AND,1:1,,FIFA Series -,True
5365,2024-03-21,IDN,VIE,1:0,,FIFA World Cup Asia group F,False
5366,2024-03-21,JPN,KOR,1:0,,FIFA World Cup Asia group B,False
5367,2024-03-21,CAP,GUY,1:0,,FIFA Series -,True
5368,2024-03-21,OMA,MAS,2:0,,FIFA World Cup Asia group D,False
5369,2024-03-21,WAL,FIN,4:1,,UEFA European Championship Play-off semi-final Path A,True
5370,2024-03-21,POR,SWE,5:2,,International Friendly -,False
5371,2024-03-21,POL,EST,5:1,,UEFA European Championship Play-off semi-final Path A,False
5372,2024-03-21,GUI,VAN,6:0,,FIFA Series -,False
5373,2024-03-21,KSA,TJK,1:0,,FIFA World Cup Asia group G,False
5374,2024-03-21,HKG,UZB,0:2,,FIFA World Cup Asia group E,True
5375,2024-03-21,PRK,JPN,0:1,,FIFA World Cup 2026 Q,False
5376,2024-03-21,TPE,KGZ,0:2,,FIFA World Cup 2026 Q,False
5377,2024-03-21,CPV,GUY,1:0,,Friendly 2024,True
5378,2024-03-21,ITA,VEN,2:1,,Friendly 2024,True
5379,2024-03-21,RUS,SRB,4:0,,Friendly 2024,False
5380,2024-03-21,BIH,UKR,1:2,,UEFA EURO 2024 Q,False
5381,2024-03-22,SRI,PNG,0:0,,FIFA Series -,False
5382,2024-03-22,BUL,TAN,1:0,,FIFA Series -,True
5383,2024-03-22,SAO,SSD,1:1,,Africa Cup of Nations Preliminary round 1st leg,True
5384,2024-03-22,MTN,MLI,0:2,,International Friendly -,True
5385,2024-03-22,ROU,NIR,1:1,,International Friendly -,False
5386,2024-03-22,AZE,MNG,1:0,,FIFA Series -,False
5387,2024-03-22,NGA,GHA,2:1,,International Friendly -,True
5388,2024-03-22,ESP,COL,0:1,,International Friendly -,True
5389,2024-03-22,EQG,CAM,2:0,,FIFA Series -,True
5390,2024-03-22,COM,UGA,4:0,,International Friendly -,True
5391,2024-03-22,MKD,MDA,1:1,,International Friendly -,False
5392,2024-03-22,SEN,GAB,3:0,,International Friendly -,True
5393,2024-03-22,LIE,FRO,0:4,,International Friendly -,False
5394,2024-03-22,ALG,BOL,3:2,,FIFA Series -,False
5395,2024-03-22,BRU,BER,0:2,,FIFA Series -,False
5396,2024-03-22,EGY,NZL,1:0,,FIFA Series Semi-final,False
5397,2024-03-22,NIG,TOG,1:2,,International Friendly -,True
5398,2024-03-22,BFA,LBY,1:2,,International Friendly -,True
5399,2024-03-22,ARG,SLV,3:0,,International Friendly -,True
5400,2024-03-22,PER,NCA,2:0,,International Friendly -,False
5401,2024-03-22,AIA,TCA,0:0,,FIFA World Cup CONCACAF 1st Round 1st Leg,False
5402,2024-03-22,NOR,CZE,1:2,,International Friendly -,False
5403,2024-03-22,MAR,ANG,1:0,,International Friendly -,False
5404,2024-03-22,HUN,TUR,1:0,,International Friendly -,False
5405,2024-03-22,NED,SCO,4:0,,International Friendly -,False
5406,2024-03-22,STP,SSD,1:1,,CAF Nations Cup 2025 Q,True
5407,2024-03-22,BER,BRU,2:0,,Friendly 2024,True
5408,2024-03-22,BOT,RWA,0:0,,Friendly 2024,True
5409,2024-03-22,MAD,BDI,1:0,,Friendly 2024,False
5410,2024-03-22,FRO,LIE,4:0,,Friendly 2024,True
5411,2024-03-22,GNB,SDN,0:1,,Friendly 2024,True
5412,2024-03-22,MLI,MTN,2:0,,Friendly 2024,True
5413,2024-03-22,MDA,MKD,1:1,,Friendly 2024,True
5414,2024-03-22,CTA,BHU,6:0,,FIFA Series -,True
5415,2024-03-22,CHA,MRI,1:0,,Africa Cup of Nations Preliminary round 1st leg,True
5416,2024-03-22,VIR,VGB,1:1,,FIFA World Cup CONCACAF 1st Round 1st Leg,False
5417,2024-03-22,ARM,KOS,0:1,,International Friendly -,False
5418,2024-03-22,ALB,CHI,0:3,,International Friendly -,True
5419,2024-03-23,SAM,COK,1:0,,Oceania Nations Cup Qualifying group,False
5420,2024-03-23,FRA,GER,0:2,,International Friendly -,False
5421,2024-03-23,CAN,TRI,2:0,,CONCACAF Nations League Qualifying play-off,True
5422,2024-03-23,IRL,BEL,0:0,,International Friendly -,False
5423,2024-03-23,DEN,SUI,0:0,,International Friendly -,False
5424,2024-03-23,MWI,KEN,0:4,,Four Nation Tournament Semi-final,False
5425,2024-03-23,ENG,BRA,0:1,,International Friendly -,True
5426,2024-03-23,CRC,HON,3:1,,CONCACAF Nations League Qualifying play-off,True
5427,2024-03-23,TUN,CRO,0:0,4:5,FIFA Series Semi-final,True
5428,2024-03-23,IVO,BEN,2:2,,International Friendly -,True
5429,2024-03-23,ZAM,ZIM,2:2,5:6,Four Nation Tournament Semi-final,True
5430,2024-03-23,SVK,AUT,0:2,,International Friendly -,False
5431,2024-03-23,CIV,BEN,2:2,,Friendly 2024,True
5432,2024-03-23,DOM,ARU,2:0,,International Friendly -,False
5433,2024-03-23,CRO,TUN,0:0,5:4,Friendly 2024,True
5434,2024-03-24,VEN,GUA,0:0,,Friendly 2024,True
5435,2024-03-24,SMR,SKN,0:0,,Friendly 2024,False
5436,2024-03-24,ITA,ECU,2:0,,Friendly 2024,True
5437,2024-03-24,JAM,PAN,1:0,,CONCACAF Nations League 3rd place play-off,True
5438,2024-03-24,BLZ,PUR,3:0,,International Friendly -,False
5439,2024-03-24,ECU,ITA,0:2,,International Friendly -,True
5440,2024-03-24,USA,MEX,2:0,,CONCACAF Nations League Final,False
5441,2024-03-24,SMR,ST ,0:0,,International Friendly -,False
5442,2024-03-24,ETH,LES,2:1,,International Friendly -,False
5443,2024-03-24,GUA,VEN,0:0,,International Friendly -,True
5444,2024-03-25,CPV,EQG,1:0,,Friendly 2024,True
5445,2024-03-25,GUI,BER,5:1,,Friendly 2024,True
5446,2024-03-25,BOT,BDI,0:0,,Friendly 2024,True
5447,2024-03-25,GNB,SDN,2:1,,Friendly 2024,True
5448,2024-03-25,BDI,BOT,0:0,,Four Nation Tournament -,False
5449,2024-03-25,MAD,RWA,0:2,,Four Nation Tournament -,False
5450,2024-03-25,CAP,EQG,1:0,,FIFA Series -,True
5451,2024-03-25,MNE,MKD,1:0,,International Friendly -,False
5452,2024-03-25,GAB,CGO,1:1,,International Friendly -,False
5453,2024-03-25,COM,ANG,0:0,,International Friendly -,True
5454,2024-03-25,TAN,MNG,3:0,,FIFA Series -,True
5455,2024-03-25,BER,GUI,1:5,,FIFA Series -,False
5456,2024-03-25,SRI,BHU,2:0,,FIFA Series -,False
5457,2024-03-25,CYP,SRB,0:1,,International Friendly -,False
5458,2024-03-25,CTA,PNG,4:0,,FIFA Series -,True
5459,2024-03-25,AZE,BUL,1:1,,FIFA Series -,False
5460,2024-03-25,BOL,AND,1:0,,FIFA Series -,True
5461,2024-03-25,SWE,ALB,1:0,,International Friendly -,False
5462,2024-03-26,THA,KOR,0:3,,FIFA World Cup Asia group C,False
5463,2024-03-26,BRU,VAN,3:2,,FIFA Series -,False
5464,2024-03-26,MRI,CHA,1:2,,Africa Cup of Nations Preliminary round 2nd leg,False
5465,2024-03-26,NOR,SVK,1:1,,International Friendly -,False
5466,2024-03-26,AUT,TUR,6:1,,International Friendly -,False
5467,2024-03-26,ZIM,KEN,1:3,,Four Nation Tournament Final,True
5468,2024-03-26,ESP,BRA,3:3,,International Friendly -,False
5469,2024-03-26,SYR,MYA,7:0,,FIFA World Cup Asia group B,False
5470,2024-03-26,KUW,QAT,1:2,,FIFA World Cup Asia group A,False
5471,2024-03-26,UZB,HKG,3:0,,FIFA World Cup Asia group E,False
5472,2024-03-26,TCA,AIA,1:1,3:4,FIFA World Cup CONCACAF 1st round 2nd leg,False
5473,2024-03-26,KOR,JPN,0:3,,FIFA World Cup Asia group B,False
5474,2024-03-26,TKM,IRN,0:1,,FIFA World Cup Asia group E,False
5475,2024-03-26,SCO,NIR,0:1,,International Friendly -,True
5476,2024-03-26,CZE,ARM,2:1,,International Friendly -,True
5477,2024-03-26,TOG,LBY,1:1,,International Friendly -,True
5478,2024-03-26,YEM,UAE,0:3,,FIFA World Cup Asia group H,False
5479,2024-03-26,SVN,POR,2:0,,International Friendly -,False
5480,2024-03-26,LTU,GIB,1:0,,UEFA Nations League Play-off 2nd leg,False
5481,2024-03-26,GEO,GRE,0:0,4:2,UEFA European Championship Play-off final Path C,False
5482,2024-03-26,MAR,MTN,0:0,,International Friendly -,False
5483,2024-03-26,SWZ,SOM,2:2,,Africa Cup of Nations Preliminary round 2nd leg,True
5484,2024-03-26,LBR,DJI,0:0,,Africa Cup of Nations Preliminary round 2nd leg,False
5485,2024-03-26,GHA,UGA,2:2,,International Friendly -,True
5486,2024-03-26,IVO,URU,2:1,,International Friendly -,True
5487,2024-03-26,LUX,KAZ,2:1,,International Friendly -,False
5488,2024-03-26,FRA,CHI,3:2,,International Friendly -,False
5489,2024-03-26,NGA,MLI,0:2,,International Friendly -,True
5490,2024-03-26,VGB,VIR,0:0,4:2,FIFA World Cup CONCACAF 1st round 2nd leg,False
5491,2024-03-26,IND,AFG,1:2,,FIFA World Cup Asia group A,False
5492,2024-03-26,SLV,HON,1:1,,International Friendly -,True
5493,2024-03-26,MWI,ZAM,1:2,,Four Nation Tournament 3rd place,False
5494,2024-03-26,HUN,KOS,2:0,,International Friendly -,False
5495,2024-03-26,NZL,TUN,0:0,2:4,FIFA Series 3rd place,True
5496,2024-03-26,ARG,CRC,3:1,,International Friendly -,True
5497,2024-03-26,BAN,PLE,0:1,,FIFA World Cup Asia group I,False
5498,2024-03-26,CAY,MDA,0:4,,International Friendly -,False
5499,2024-03-26,LIB,AUS,0:5,,FIFA World Cup Asia group I,False
5500,2024-03-26,LVA,LIE,1:1,,International Friendly -,True
5501,2024-03-26,CHN,SIN,4:1,,FIFA World Cup Asia group C,False
5502,2024-03-26,NCA,CUB,0:1,,International Friendly -,False
5503,2024-03-26,TJK,KSA,1:1,,FIFA World Cup Asia group G,False
5504,2024-03-26,WAL,POL,0:0,4:5,UEFA European Championship Play-off final Path A,True
5505,2024-03-26,DEN,FRO,2:0,,International Friendly -,False
5506,2024-03-26,CAM,GUY,1:4,,FIFA Series -,True
5507,2024-03-26,SEN,BEN,1:0,,International Friendly -,True
5508,2024-03-26,KGZ,CHI,5:1,,FIFA World Cup Asia group D,False
5509,2024-03-26,IRL,SUI,0:1,,International Friendly -,False
5510,2024-03-26,MLT,BLR,0:0,,International Friendly -,False
5511,2024-03-26,ALG,RSA,3:3,,FIFA Series -,False
5512,2024-03-26,PER,DOM,4:1,,International Friendly -,False
5513,2024-03-26,BHR,NEP,3:0,,FIFA World Cup Asia group H,False
5514,2024-03-26,PHI,IRQ,0:5,,FIFA World Cup Asia group F,False
5515,2024-03-26,URU,CIV,1:2,,Friendly 2024,True
5516,2024-03-26,UGA,GHA,2:2,,Friendly 2024,True
5517,2024-03-26,KEN,ZIM,3:1,,Friendly 2024,True
5518,2024-03-26,VAN,BRU,2:3,,Friendly 2024,True
5519,2024-03-26,GUY,CAM,4:1,,Friendly 2024,True
5520,2024-03-26,AUS,LIB,5:0,,FIFA World Cup 2026 Q,False
5521,2024-03-26,KGZ,TPE,5:1,,FIFA World Cup 2026 Q,False
5522,2024-03-26,JPN,PRK,3:0,,FIFA World Cup 2026 Q,False
5523,2024-03-26,SSD,STP,0:0,,CAF Nations Cup 2025 Q,True
5524,2024-03-26,EGY,CRO,2:4,,FIFA Series Final,False
5525,2024-03-26,MDA,CAY,4:0,,Friendly 2024,True
5526,2024-03-26,TGA,COK,0:1,,Oceania Nations Cup Qualifying group,False
5527,2024-03-26,SSD,SAO,0:0,,Africa Cup of Nations Preliminary round 2nd leg,True
5528,2024-03-26,COL,ROU,3:2,,International Friendly -,False
5529,2024-03-26,GER,NED,2:1,,International Friendly -,False
5530,2024-03-26,MAS,OMA,0:2,,FIFA World Cup Asia group D,False
5531,2024-03-26,VIE,IDN,0:3,,FIFA World Cup Asia group F,False
5532,2024-03-26,UKR,ISL,2:1,,UEFA European Championship Play-off final Path B,True
5533,2024-03-26,JOR,PAK,7:0,,FIFA World Cup Asia group G,False
5534,2024-03-26,FIN,EST,2:1,,International Friendly -,False
5535,2024-03-26,ENG,BEL,2:2,,International Friendly -,True
5536,2024-03-26,BFA,NIG,1:1,,International Friendly -,True
5537,2024-03-26,SWA,SOM,2:2,,Africa Cup of Nations Preliminary round 2nd leg,True
5538,2024-05-02,VIN,DMA,1:3,,Friendly 2024,False
5539,2024-05-05,VIN,DMA,2:0,,Friendly 2024,False
5540,2024-05-26,GUA,NCA,1:1,,Friendly 2024,True
5541,2024-05-31,CRC,URU,0:0,,International Friendly -,False
5542,2024-06-03,ENG,BOS,3:0,,International Friendly -,True
5543,2024-06-03,ALB,LIE,3:0,,International Friendly -,True
5544,2024-06-03,GIB,SCO,0:2,,International Friendly -,False
5545,2024-06-03,GER,UKR,0:0,,International Friendly -,False
5546,2024-06-03,CRO,MKD,3:0,,International Friendly -,False
5547,2024-06-03,ENG,BIH,3:0,,Friendly 2024,False
5548,2024-06-04,SUI,EST,4:0,,International Friendly -,False
5549,2024-06-04,ITA,TUR,0:0,,International Friendly -,False
5550,2024-06-04,IRL,HUN,2:1,,International Friendly -,False
5551,2024-06-04,POR,FIN,4:2,,International Friendly -,False
5552,2024-06-04,AUT,SRB,2:1,,International Friendly -,False
5553,2024-06-04,SVN,ARM,2:1,,International Friendly -,False
5554,2024-06-04,ROU,BUL,0:0,,International Friendly -,False
5555,2024-06-05,NAM,LBR,1:1,,FIFA World Cup Africa 1st round group H,True
5556,2024-06-05,ATG,BER,1:1,,FIFA World Cup 2nd round group A,False
5557,2024-06-05,TUN,EQG,1:0,,FIFA World Cup Africa 1st round group H,False
5558,2024-06-05,TOG,SSD,1:1,,FIFA World Cup Africa 1st round group B,False
5559,2024-06-05,BEL,MNE,2:0,,International Friendly -,False
5560,2024-06-05,ESP,AND,5:0,,International Friendly -,False
5561,2024-06-05,SUR,ST ,4:1,,FIFA World Cup 2nd Round Group F,False
5562,2024-06-05,SUR,VIN,4:1,,FIFA World Cup 2026 Q,False
5563,2024-06-05,SVK,SMR,4:0,,Friendly 2024,True
5564,2024-06-05,GUA,DMA,6:0,,FIFA World Cup 2nd Round Group E,False
5565,2024-06-05,SMR,SVK,0:4,,International Friendly -,True
5566,2024-06-05,TRI,GRN,2:2,,FIFA World Cup 2nd round group B,False
5567,2024-06-05,SLE,DJI,2:1,,FIFA World Cup Africa 1st round group A,False
5568,2024-06-05,NCA,MSR,4:1,,FIFA World Cup 2nd Round Group D,False
5569,2024-06-05,CTA,CHA,1:0,,FIFA World Cup Africa 1st round group I,True
5570,2024-06-05,DEN,SWE,2:1,,International Friendly -,False
5571,2024-06-05,CUW,BRB,4:1,,FIFA World Cup 2nd Round Group C,False
5572,2024-06-05,FRA,LUX,3:0,,International Friendly -,False
5573,2024-06-05,NOR,KOS,3:0,,International Friendly -,False
5574,2024-06-05,MEX,URU,0:4,,International Friendly -,True
5575,2024-06-06,KOR,SYR,1:0,,FIFA World Cup Asia group B,True
5576,2024-06-06,MLI,GHA,1:2,,FIFA World Cup Africa 1st round group I,False
5577,2024-06-06,IND,KUW,0:0,,FIFA World Cup Asia group A,False
5578,2024-06-06,PAK,KSA,0:3,,FIFA World Cup Asia group G,False
5579,2024-06-06,GNB,ETH,0:0,,FIFA World Cup Africa 1st round group A,False
5580,2024-06-06,UZB,TKM,3:1,,FIFA World Cup Asia group E,False
5581,2024-06-06,HON,CUB,3:1,,FIFA World Cup 2nd round group A,False
5582,2024-06-06,NED,CAN,4:0,,International Friendly -,False
5583,2024-06-06,GIB,WAL,0:0,,International Friendly -,False
5584,2024-06-06,EGY,BFA,2:1,,FIFA World Cup Africa 1st round group A,False
5585,2024-06-06,CGO,NIG,0:3,,FIFA World Cup Africa 1st round group E,True
5586,2024-06-06,HAI,ST ,2:1,,FIFA World Cup 2nd Round Group C,False
5587,2024-06-06,ALG,GUI,1:2,,FIFA World Cup Africa 1st round group G,False
5588,2024-06-06,PAN,GUY,2:0,,FIFA World Cup 2nd Round Group D,False
5589,2024-06-06,HKG,IRN,2:4,,FIFA World Cup Asia group E,True
5590,2024-06-06,SEN,COD,1:1,,FIFA World Cup Africa 1st round group B,False
5591,2024-06-06,SIN,KOR,0:7,,FIFA World Cup Asia group C,False
5592,2024-06-06,BEN,RWA,1:0,,FIFA World Cup Africa 1st round group C,True
5593,2024-06-06,CHI,OMA,0:3,,FIFA World Cup Asia group D,True
5594,2024-06-06,MTN,SDN,0:2,,FIFA World Cup Africa 1st round group B,False
5595,2024-06-06,CHN,THA,1:1,,FIFA World Cup Asia group C,False
5596,2024-06-06,VIE,PHI,3:2,,FIFA World Cup Asia group F,False
5597,2024-06-06,MYA,JPN,0:5,,FIFA World Cup Asia group B,False
5598,2024-06-06,NEP,UAE,0:4,,FIFA World Cup Asia group H,False
5599,2024-06-06,AFG,QAT,0:0,,FIFA World Cup Asia group A,True
5600,2024-06-06,JOR,TJK,3:0,,FIFA World Cup Asia group G,False
5601,2024-06-06,BAN,AUS,0:2,,FIFA World Cup Asia group I,False
5602,2024-06-06,KGZ,MAS,1:1,,FIFA World Cup Asia group D,False
5603,2024-06-06,BHR,YEM,0:0,,FIFA World Cup Asia group H,False
5604,2024-06-06,CRC,SKN,4:0,,FIFA World Cup 2026 Q,False
5605,2024-06-06,HAI,LCA,2:1,,FIFA World Cup 2026 Q,True
5606,2024-06-06,PRK,SYR,1:0,,FIFA World Cup 2026 Q,True
5607,2024-06-06,JAM,DOM,1:0,,FIFA World Cup 2nd Round Group E,False
5608,2024-06-06,MWI,STP,3:1,,FIFA World Cup 2026 Q,False
5609,2024-06-06,TPE,OMA,0:3,,FIFA World Cup 2026 Q,False
5610,2024-06-06,IDN,IRQ,0:2,,FIFA World Cup Asia group F,False
5611,2024-06-06,MWI,SAO,3:1,,FIFA World Cup Africa 1st round group H,False
5612,2024-06-06,SLV,PUR,0:0,,FIFA World Cup 2nd Round Group F,False
5613,2024-06-06,PLE,LIB,0:0,,FIFA World Cup Asia group I,True
5614,2024-06-06,CRC,ST ,4:0,,FIFA World Cup 2nd round group B,False
5615,2024-06-06,LBY,MRI,2:1,,FIFA World Cup Africa 1st round group D,False
5616,2024-06-07,ANG,SWZ,1:0,,FIFA World Cup Africa 1st round group D,False
5617,2024-06-07,GER,GRE,2:1,,International Friendly -,False
5618,2024-06-07,SCO,FIN,2:2,,International Friendly -,True
5619,2024-06-07,CAM,MNG,2:0,,International Friendly -,False
5620,2024-06-07,KEN,BDI,1:1,,FIFA World Cup Africa 1st round group F,True
5621,2024-06-07,POL,UKR,3:1,,International Friendly -,False
5622,2024-06-07,ALB,AZE,3:1,,International Friendly -,True
5623,2024-06-07,MAD,COM,2:1,,FIFA World Cup Africa 1st round group I,True
5624,2024-06-07,MOZ,SOM,2:1,,FIFA World Cup Africa 1st round group G,False
5625,2024-06-07,IVO,GAB,1:0,,FIFA World Cup Africa 1st round group F,True
5626,2024-06-07,CIV,GAB,1:0,,FIFA World Cup 2026 Q,False
5627,2024-06-07,BLR,RUS,0:4,,Friendly 2024,False
5628,2024-06-07,ENG,ISL,0:1,,International Friendly -,True
5629,2024-06-07,UGA,BOT,1:0,,FIFA World Cup Africa 1st round group G,False
5630,2024-06-07,CZE,MLT,7:1,,International Friendly -,False
5631,2024-06-07,NGA,RSA,1:1,,FIFA World Cup Africa 1st round group C,False
5632,2024-06-07,ZIM,LES,0:2,,FIFA World Cup Africa 1st round group C,True
5633,2024-06-07,PER,PAR,0:0,,International Friendly -,False
5634,2024-06-07,ROU,LIE,0:0,,International Friendly -,False
5635,2024-06-07,ARM,KAZ,2:1,,International Friendly -,False
5636,2024-06-07,MAR,ZAM,2:1,,FIFA World Cup Africa 1st round group E,False
5637,2024-06-07,ANG,SWA,1:0,,FIFA World Cup Africa 1st round group D,False
5638,2024-06-08,MDA,CYP,3:2,,International Friendly -,False
5639,2024-06-08,GAM,SEY,5:1,,FIFA World Cup Africa 1st round group F,True
5640,2024-06-08,SVN,BUL,1:1,,International Friendly -,False
5641,2024-06-08,SWE,SRB,0:3,,International Friendly -,False
5642,2024-06-08,ESP,NIR,5:1,,International Friendly -,False
5643,2024-06-08,CMR,CAP,4:1,,FIFA World Cup Africa 1st round group D,False
5644,2024-06-08,ARU,CUW,0:2,,FIFA World Cup 2nd Round Group C,False
5645,2024-06-08,CAY,ATG,1:0,,FIFA World Cup 2nd round group A,False
5646,2024-06-08,EST,FRO,4:1,,Baltic Cup Semi-final,False
5647,2024-06-08,BEL,LUX,3:0,,International Friendly -,False
5648,2024-06-08,VGB,GUA,0:3,,FIFA World Cup 2nd Round Group E,False
5649,2024-06-08,AIA,SUR,0:4,,FIFA World Cup 2nd Round Group F,False
5650,2024-06-08,BRU,SRI,1:0,,International Friendly -,True
5651,2024-06-08,POR,CRO,1:2,,International Friendly -,False
5652,2024-06-08,DEN,NOR,3:1,,International Friendly -,False
5653,2024-06-08,HUN,ISR,3:0,,International Friendly -,False
5654,2024-06-08,LVA,LTU,0:2,,Baltic Cup Semi-final,False
5655,2024-06-08,BAH,TRI,1:7,,FIFA World Cup 2nd round group B,False
5656,2024-06-08,MEX,BRA,2:3,,International Friendly -,True
5657,2024-06-08,SUI,AUT,1:1,,International Friendly -,False
5658,2024-06-08,USA,COL,1:5,,International Friendly -,False
5659,2024-06-08,BLZ,NCA,0:4,,FIFA World Cup 2nd Round Group D,False
5660,2024-06-08,CMR,CPV,4:1,,FIFA World Cup 2026 Q,False
5661,2024-06-09,MSR,PAN,1:3,,FIFA World Cup 2nd Round Group D,True
5662,2024-06-09,SVK,WAL,4:0,,International Friendly -,False
5663,2024-06-09,BER,HON,1:6,,FIFA World Cup 2nd round group A,False
5664,2024-06-09,MNE,GEO,1:3,,International Friendly -,False
5665,2024-06-09,COD,TOG,1:0,,FIFA World Cup Africa 1st round group B,False
5666,2024-06-09,ST ,SLV,1:3,,FIFA World Cup 2nd Round Group F,False
5667,2024-06-09,ARG,ECU,1:0,,International Friendly -,True
5668,2024-06-09,FRA,CAN,0:0,,International Friendly -,False
5669,2024-06-09,DMA,JAM,2:3,,FIFA World Cup 2nd Round Group E,False
5670,2024-06-09,SAO,LBR,0:1,,FIFA World Cup Africa 1st round group H,True
5671,2024-06-09,DJI,ETH,1:1,,FIFA World Cup Africa 1st round group A,False
5672,2024-06-09,GRN,CRC,0:3,,FIFA World Cup 2nd round group B,False
5673,2024-06-09,BRB,HAI,1:3,,FIFA World Cup 2nd Round Group C,False
5674,2024-06-09,ITA,BOS,1:0,,International Friendly -,False
5675,2024-06-09,NAM,TUN,0:0,,FIFA World Cup Africa 1st round group H,True
5676,2024-06-09,MTN,SEN,0:1,,FIFA World Cup Africa 1st round group B,False
5677,2024-06-09,ITA,BIH,1:0,,Friendly 2024,False
5678,2024-06-09,VIN,SLV,1:3,,FIFA World Cup 2026 Q,True
5679,2024-06-09,STP,LBR,0:1,,FIFA World Cup 2026 Q,True
5680,2024-06-10,BFA,SLE,2:2,,FIFA World Cup Africa 1st round group A,True
5681,2024-06-10,NED,ISL,4:0,,International Friendly -,False
5682,2024-06-10,POL,TUR,2:1,,International Friendly -,False
5683,2024-06-10,EQG,MWI,1:0,,FIFA World Cup Africa 1st round group H,False
5684,2024-06-10,CZE,MKD,2:1,,International Friendly -,True
5685,2024-06-10,GUI,MOZ,0:1,,FIFA World Cup Africa 1st round group G,False
5686,2024-06-10,SOM,BOT,1:3,,FIFA World Cup Africa 1st round group G,True
5687,2024-06-10,GNB,EGY,1:1,,FIFA World Cup Africa 1st round group A,False
5688,2024-06-10,BEN,NGA,2:1,,FIFA World Cup Africa 1st round group C,True
5689,2024-06-10,UGA,ALG,1:2,,FIFA World Cup Africa 1st round group G,False
5690,2024-06-10,GHA,CTA,4:3,,FIFA World Cup Africa 1st round group I,False
5691,2024-06-11,KOR,MYA,4:1,,FIFA World Cup Asia group B,True
5692,2024-06-11,THA,SIN,3:1,,FIFA World Cup Asia group C,False
5693,2024-06-11,SMR,CYP,1:4,,International Friendly -,False
5694,2024-06-11,POR,IRL,3:0,,International Friendly -,False
5695,2024-06-11,PUR,AIA,8:0,,FIFA World Cup 2nd Round Group F,True
5696,2024-06-11,GRE,MLT,2:0,,International Friendly -,False
5697,2024-06-11,ISR,BLR,4:0,,International Friendly -,True
5698,2024-06-11,LES,RWA,0:1,,FIFA World Cup Africa 1st round group C,True
5699,2024-06-11,MAD,MLI,0:0,,FIFA World Cup Africa 1st round group I,True
5700,2024-06-11,MNG,CAM,2:1,,International Friendly -,False
5701,2024-06-11,GUY,BLZ,3:1,,FIFA World Cup 2nd Round Group D,False
5702,2024-06-11,JPN,SYR,5:0,,FIFA World Cup Asia group B,False
5703,2024-06-11,SSD,SDN,0:3,,FIFA World Cup Africa 1st round group B,False
5704,2024-06-11,BRU,SRI,1:0,,International Friendly -,True
5705,2024-06-11,KUW,AFG,1:0,,FIFA World Cup Asia group A,False
5706,2024-06-11,CAP,LBY,1:0,,FIFA World Cup Africa 1st round group D,True
5707,2024-06-11,SEY,BDI,1:3,,FIFA World Cup Africa 1st round group F,True
5708,2024-06-11,TKM,HKG,0:0,,FIFA World Cup Asia group E,False
5709,2024-06-11,KEN,IVO,0:0,,FIFA World Cup Africa 1st round group F,True
5710,2024-06-11,NIR,AND,2:0,,Friendly 2024,True
5711,2024-06-11,LVA,FRO,1:0,,Baltic Cup 3rd place,False
5712,2024-06-11,ANG,CMR,1:1,,FIFA World Cup Africa 1st round group D,False
5713,2024-06-11,LTU,EST,1:1,3:4,Baltic Cup Final,False
5714,2024-06-11,IRN,UZB,0:0,,FIFA World Cup Asia group E,False
5715,2024-06-11,LIB,BAN,4:0,,FIFA World Cup Asia group I,True
5716,2024-06-11,IDN,PHI,2:0,,FIFA World Cup Asia group F,False
5717,2024-06-11,DOM,VGB,4:0,,FIFA World Cup 2nd Round Group E,False
5718,2024-06-11,QAT,IND,2:1,,FIFA World Cup Asia group A,False
5719,2024-06-11,MDA,UKR,0:4,,International Friendly -,False
5720,2024-06-11,LCA,ARU,2:2,,FIFA World Cup 2026 Q,True
5721,2024-06-11,KSA,JOR,1:2,,FIFA World Cup Asia group G,False
5722,2024-06-11,KEN,CIV,0:0,,FIFA World Cup 2026 Q,True
5723,2024-06-11,CPV,LBY,1:0,,FIFA World Cup 2026 Q,False
5724,2024-06-11,IRQ,VIE,3:1,,FIFA World Cup 2026 Q,False
5725,2024-06-11,MAS,TPE,3:1,,FIFA World Cup 2026 Q,False
5726,2024-06-11,PRK,MYA,4:1,,FIFA World Cup 2026 Q,True
5727,2024-06-11,MAS,CHI,3:1,,FIFA World Cup Asia group D,False
5728,2024-06-11,OMA,KGZ,1:1,,FIFA World Cup Asia group D,False
5729,2024-06-11,ZAM,TAN,0:1,,FIFA World Cup Africa 1st round group E,False
5730,2024-06-11,TJK,PAK,3:0,,FIFA World Cup Asia group G,False
5731,2024-06-11,KOR,CHN,1:0,,FIFA World Cup Asia group C,False
5732,2024-06-11,MAR,CGO,6:0,,FIFA World Cup Africa 1st round group E,False
5733,2024-06-11,MRI,SWZ,2:1,,FIFA World Cup Africa 1st round group D,False
5734,2024-06-11,SKN,BAH,1:0,,FIFA World Cup 2026 Q,False
5735,2024-06-11,AUS,PLE,5:0,,FIFA World Cup Asia group I,False
5736,2024-06-11,CHA,COM,0:2,,FIFA World Cup Africa 1st round group I,True
5737,2024-06-11,RSA,ZIM,3:1,,FIFA World Cup Africa 1st round group C,False
5738,2024-06-11,ST ,BAH,1:0,,FIFA World Cup 2nd round group B,True
5739,2024-06-11,CHI,PAR,3:0,,International Friendly -,False
5740,2024-06-11,AZE,KAZ,3:2,,International Friendly -,True
5741,2024-06-11,MRI,SWA,2:1,,FIFA World Cup Africa 1st round group D,False
5742,2024-06-11,YEM,NEP,2:2,,FIFA World Cup Asia group H,False
5743,2024-06-11,UAE,BHR,1:1,,FIFA World Cup Asia group H,False
5744,2024-06-11,CUB,CAY,3:0,,FIFA World Cup 2nd round group A,False
5745,2024-06-11,GAB,GAM,3:2,,FIFA World Cup Africa 1st round group F,False
5746,2024-06-11,ST ,ARU,2:2,,FIFA World Cup 2nd Round Group C,False
5747,2024-06-11,AND,NIR,0:2,,International Friendly -,True
5748,2024-06-12,USA,BRA,1:1,,International Friendly -,False
5749,2024-06-12,ECU,BOL,3:1,,International Friendly -,True
5750,2024-06-14,GER,SCO,5:1,,UEFA European Championship Finals Group A,False
5751,2024-06-14,ARG,GUA,4:1,,International Friendly -,False
5752,2024-06-14,SLV,PER,0:1,,International Friendly -,True
5753,2024-06-15,ESP,CRO,3:0,,UEFA European Championship Finals Group B,True
5754,2024-06-15,HUN,SUI,1:3,,UEFA European Championship Finals Group A,True
5755,2024-06-15,ITA,ALB,2:1,,UEFA European Championship Finals Group B,True
5756,2024-06-15,VAN,SOL,1:0,,Oceania Nations Cup Group A,False
5757,2024-06-15,ECU,HON,2:1,,International Friendly -,True
5758,2024-06-15,COL,BOL,3:0,,International Friendly -,False
5759,2024-06-16,SVN,DEN,1:1,,UEFA European Championship Finals Group C,True
5760,2024-06-16,SRB,ENG,0:1,,UEFA European Championship Finals Group C,True
5761,2024-06-16,FIJ,PNG,5:1,,Oceania Nations Cup Group B,False
5762,2024-06-16,POL,NED,1:2,,UEFA European Championship Finals Group D,True
5763,2024-06-16,TAH,SAM,2:0,,Oceania Nations Cup Group B,False
5764,2024-06-16,PAN,PAR,0:1,,International Friendly -,False
5765,2024-06-17,AUT,FRA,0:1,,UEFA European Championship Finals Group D,True
5766,2024-06-17,ROU,UKR,3:0,,UEFA European Championship Finals group E,True
5767,2024-06-17,BEL,SVK,0:1,,UEFA European Championship Finals group E,True
5768,2024-06-18,NZL,SOL,3:0,,Oceania Nations Cup Group A,True
5769,2024-06-18,TUR,GEO,3:1,,UEFA European Championship Finals group F,True
5770,2024-06-18,POR,CZE,2:1,,UEFA European Championship Finals group F,True
5771,2024-06-19,CRO,ALB,2:2,,UEFA European Championship Finals Group B,True
5772,2024-06-19,SCO,SUI,1:1,,UEFA European Championship Finals Group A,True
5773,2024-06-19,FIJ,SAM,9:1,,Oceania Nations Cup Group B,False
5774,2024-06-19,GER,HUN,2:0,,UEFA European Championship Finals Group A,False
5775,2024-06-19,PNG,TAH,1:1,,Oceania Nations Cup Group B,False
5776,2024-06-20,ARG,CAN,2:0,,Copa America Group A,True
5777,2024-06-20,SVN,SRB,1:1,,UEFA European Championship Finals Group C,True
5778,2024-06-20,DEN,ENG,1:1,,UEFA European Championship Finals Group C,True
5779,2024-06-20,ESP,ITA,1:0,,UEFA European Championship Finals Group B,True
5780,2024-06-21,POL,AUT,1:3,,UEFA European Championship Finals Group D,True
5781,2024-06-21,VAN,NZL,0:4,,Oceania Nations Cup Group A,False
5782,2024-06-21,NED,FRA,0:0,,UEFA European Championship Finals Group D,True
5783,2024-06-21,SVK,UKR,1:2,,UEFA European Championship Finals group E,True
5784,2024-06-21,PER,CHI,0:0,,Copa America Group A,True
5785,2024-06-22,MEX,JAM,1:0,,Copa America Group B,True
5786,2024-06-22,TUR,POR,0:3,,UEFA European Championship Finals group F,True
5787,2024-06-22,SAM,PNG,1:2,,Oceania Nations Cup Group B,False
5788,2024-06-22,FIJ,TAH,1:0,,Oceania Nations Cup Group B,False
5789,2024-06-22,ECU,VEN,1:2,,Copa America Group B,True
5790,2024-06-22,BEL,ROU,2:0,,UEFA European Championship Finals group E,True
5791,2024-06-22,GEO,CZE,1:1,,UEFA European Championship Finals group F,True
5792,2024-06-23,URU,PAN,3:1,,Copa America Group C,True
5793,2024-06-23,GER,SUI,1:1,,UEFA European Championship Finals Group A,False
5794,2024-06-23,SCO,HUN,0:1,,UEFA European Championship Finals Group A,True
5795,2024-06-23,USA,BOL,2:0,,Copa America Group C,False
5796,2024-06-24,CRO,ITA,1:1,,UEFA European Championship Finals Group B,True
5797,2024-06-24,ALB,ESP,0:1,,UEFA European Championship Finals Group B,True
5798,2024-06-24,BRA,CRC,0:0,,Copa America Group D,True
5799,2024-06-24,COL,PAR,2:1,,Copa America Group D,True
5800,2024-06-25,CHI,ARG,0:1,,Copa America Group A,True
5801,2024-06-25,NED,AUT,2:3,,UEFA European Championship Finals Group D,True
5802,2024-06-25,PER,CAN,0:1,,Copa America Group A,True
5803,2024-06-25,DEN,SRB,0:0,,UEFA European Championship Finals Group C,True
5804,2024-06-25,FRA,POL,1:1,,UEFA European Championship Finals Group D,True
5805,2024-06-25,ENG,SVN,0:0,,UEFA European Championship Finals Group C,True
5806,2024-06-26,GEO,POR,2:0,,UEFA European Championship Finals group F,True
5807,2024-06-26,CZE,TUR,1:2,,UEFA European Championship Finals group F,True
5808,2024-06-26,ECU,JAM,3:1,,Copa America Group B,True
5809,2024-06-26,VEN,MEX,1:0,,Copa America Group B,True
5810,2024-06-26,SVK,ROU,1:1,,UEFA European Championship Finals group E,True
5811,2024-06-26,UKR,BEL,0:0,,UEFA European Championship Finals group E,True
5812,2024-06-27,USA,PAN,1:2,,Copa America Group C,False
5813,2024-06-27,VAN,FIJ,2:1,,Oceania Nations Cup Semi-final,False
5814,2024-06-27,URU,BOL,5:0,,Copa America Group C,True
5815,2024-06-27,NZL,TAH,5:0,,Oceania Nations Cup Semi-final,True
5816,2024-06-28,COL,CRC,3:0,,Copa America Group D,True
5817,2024-06-28,PAR,BRA,1:4,,Copa America Group D,True
5818,2024-06-29,CAN,CHI,0:0,,Copa America Group A,False
5819,2024-06-29,ARG,PER,2:0,,Copa America Group A,True
5820,2024-06-29,SUI,ITA,2:0,,UEFA European Championship Finals - Round of 16,True
5821,2024-06-29,GER,DEN,2:0,,UEFA European Championship Finals - Round of 16,False
5822,2024-06-30,JAM,VEN,0:3,,Copa America Group B,False
5823,2024-06-30,MEX,ECU,0:0,,Copa America Group B,True
5824,2024-06-30,TAH,FIJ,2:1,,Oceania Nations Cup 3rd place,True
5825,2024-06-30,ENG,SVK,2:1,,UEFA European Championship Finals - Round of 16,True
5826,2024-06-30,ESP,GEO,4:1,,UEFA European Championship Finals - Round of 16,True
5827,2024-06-30,VAN,NZL,0:3,,Oceania Nations Cup Final,False
5828,2024-07-01,FRA,BEL,1:0,,UEFA European Championship Finals - Round of 16,True
5829,2024-07-01,USA,URU,0:1,,Copa America Group C,False
5830,2024-07-01,POR,SVN,0:0,3:0,UEFA European Championship Finals - Round of 16,True
5831,2024-07-01,BOL,PAN,1:3,,Copa America Group C,False
5832,2024-07-02,ROU,NED,0:3,,UEFA European Championship Finals - Round of 16,True
5833,2024-07-02,BRA,COL,1:1,,Copa America Group D,True
5834,2024-07-02,CRC,PAR,2:1,,Copa America Group D,False
5835,2024-07-02,AUT,TUR,1:2,,UEFA European Championship Finals - Round of 16,True
5836,2024-07-04,ARG,ECU,1:1,4:2,Copa America Quarter-final,True
5837,2024-07-05,VEN,CAN,1:1,3:4,Copa America Quarter-final,True
5838,2024-07-05,GER,ESP,1:2,,UEFA European Championship Quarter-final,False
5839,2024-07-05,POR,FRA,0:0,3:5,UEFA European Championship Quarter-final,True
5840,2024-07-06,URU,BRA,0:0,4:2,Copa America Quarter-final,True
5841,2024-07-06,ENG,SUI,1:1,5:3,UEFA European Championship Quarter-final,True
5842,2024-07-06,COL,PAN,5:0,,Copa America Quarter-final,True
5843,2024-07-06,NED,TUR,2:1,,UEFA European Championship Quarter-final,True
5844,2024-07-09,FRA,ESP,1:2,,UEFA European Championship Semi-final,True
5845,2024-07-09,ARG,CAN,2:0,,Copa America Semi-final,True
5846,2024-07-10,NED,ENG,1:2,,UEFA European Championship Semi-final,True
5847,2024-07-10,URU,COL,0:1,,Copa America Semi-final,True
5848,2024-07-13,CAN,URU,2:2,3:4,Copa America 3rd place,True
5849,2024-07-14,ARG,COL,1:0,,Copa America Final,True
5850,2024-07-14,ESP,ENG,2:1,,UEFA European Championship Final,True
5851,2024-09-02,FIJ,SOL,1:0,,Tri Nation Tounament -,False
5852,2024-09-03,IND,MRI,0:0,,Intercontinental Cup (India) -,False
5853,2024-09-04,AIA,TCA,2:0,,CONCACAF Nations League League C Group B,False
5854,2024-09-04,COM,GAM,1:1,,Africa Cup of Nations Qualifying group A,False
5855,2024-09-04,LIB,TJK,1:0,,Merdeka Tournament Semi-final,True
5856,2024-09-04,VIR,BAH,3:3,,CONCACAF Nations League League C Group A,False
5857,2024-09-04,CAY,VGB,1:0,,CONCACAF Nations League League C Group C,False
5858,2024-09-04,LBY,RWA,1:1,,Africa Cup of Nations Qualifying group D,False
5859,2024-09-04,GIB,AND,1:0,,International Friendly -,False
5860,2024-09-04,TAN,ETH,0:0,,Africa Cup of Nations Qualifying group H,False
5861,2024-09-04,MAS,PHI,2:1,,Merdeka Tournament Semi-final,False
5862,2024-09-04,SDN,NIG,1:0,,Africa Cup of Nations Qualifying group F,True
5863,2024-09-05,SRB,ESP,0:0,,UEFA Nations League League A Group A4,False
5864,2024-09-05,EST,SVK,0:1,,UEFA Nations League League C Group C1,False
5865,2024-09-05,AUS,BHR,0:1,,FIFA World Cup Asia 3rd round group C,False
5866,2024-09-05,IRN,KGZ,1:0,,FIFA World Cup Asia 3rd round group A,False
5867,2024-09-05,KSA,IDN,1:1,,FIFA World Cup Asia 3rd round group C,False
5868,2024-09-05,JOR,KUW,1:1,,FIFA World Cup Asia 3rd round group B,False
5869,2024-09-05,NIR,LUX,2:0,,UEFA Nations League League C Group C3,True
5870,2024-09-05,QAT,UAE,1:3,,FIFA World Cup Asia 3rd round group A,False
5871,2024-09-05,ALG,EQG,2:0,,Africa Cup of Nations Qualifying group E,False
5872,2024-09-05,IRQ,OMA,1:0,,FIFA World Cup Asia 3rd round group B,False
5873,2024-09-05,UZB,KOR,1:0,,FIFA World Cup Asia 3rd round group A,False
5874,2024-09-05,CRC,GUA,3:0,,CONCACAF Nations League League A Group A,False
5875,2024-09-05,POR,CRO,2:1,,UEFA Nations League League A Group A1,False
5876,2024-09-05,JPN,CHN,7:0,,FIFA World Cup Asia 3rd round group C,False
5877,2024-09-05,MSR,SLV,1:4,,CONCACAF Nations League League B Group A,False
5878,2024-09-05,KOR,PLE,0:0,,FIFA World Cup Asia 3rd round group B,False
5879,2024-09-05,GHA,ANG,0:1,,Africa Cup of Nations Qualifying group F,False
5880,2024-09-05,DEN,SUI,2:0,,UEFA Nations League League A Group A4,False
5881,2024-09-05,TLS,MNG,4:1,,AFC Asian Cup Play-off 1st leg,True
5882,2024-09-05,BOL,VEN,4:0,,FIFA World Cup South America qualifying,False
5883,2024-09-05,ARG,CHI,3:0,,FIFA World Cup South America qualifying,False
5884,2024-09-05,GUA,MAR,3:1,,CONCACAF Nations League League A Group A,False
5885,2024-09-05,BHU,BAN,0:1,,International Friendly -,False
5886,2024-09-05,GUY,SUR,1:3,,CONCACAF Nations League League A Group A,False
5887,2024-09-05,GNB,SWZ,1:0,,Africa Cup of Nations Qualifying group I,False
5888,2024-09-05,GNB,SWA,1:0,,Africa Cup of Nations Qualifying group I,False
5889,2024-09-05,BON,ST ,1:1,,CONCACAF Nations League League B Group A,False
5890,2024-09-05,SMR,LIE,1:0,,UEFA Nations League League D Group D1,False
5891,2024-09-05,MWI,BDI,2:3,,Africa Cup of Nations Qualifying group L,False
5892,2024-09-05,SOL,HKG,0:3,,Tri Nation Tounament -,False
5893,2024-09-05,SRI,CAM,0:0,,AFC Asian Cup Play-off 1st leg,False
5894,2024-09-05,CGO,SSD,1:0,,Africa Cup of Nations Qualifying group K,False
5895,2024-09-05,AZE,SWE,1:3,,UEFA Nations League League C Group C1,False
5896,2024-09-05,BLR,BUL,0:0,,UEFA Nations League League C Group C3,False
5897,2024-09-05,TUN,MAD,1:0,,Africa Cup of Nations Qualifying group A,False
5898,2024-09-05,SCO,POL,2:3,,UEFA Nations League League A Group A1,True
5899,2024-09-05,CTA,LES,3:1,,Africa Cup of Nations Qualifying group B,False
5900,2024-09-06,SEN,BFA,1:1,,Africa Cup of Nations Qualifying group L,False
5901,2024-09-06,TOG,LBR,1:1,,Africa Cup of Nations Qualifying group E,False
5902,2024-09-06,BRU,MAC,3:0,,AFC Asian Cup Play-off 1st leg,True
5903,2024-09-06,MLI,MOZ,1:1,,Africa Cup of Nations Qualifying group I,False
5904,2024-09-06,ISL,MNE,2:0,,UEFA Nations League League B Group B4,False
5905,2024-09-06,GRN,SAI,2:0,,CONCACAF Nations League League B Group B,False
5906,2024-09-06,ST ,CUW,2:1,,CONCACAF Nations League League B Group B,True
5907,2024-09-06,JAM,CUB,0:0,,CONCACAF Nations League League A Group B,False
5908,2024-09-06,SAM,ASA,2:0,,FIFA World Cup 1st qualifying round,False
5909,2024-09-06,FRE,NCA,0:1,,CONCACAF Nations League League A Group B,False
5910,2024-09-06,SLE,CHA,0:0,,Africa Cup of Nations Qualifying group G,True
5911,2024-09-06,RSA,UGA,2:2,,Africa Cup of Nations Qualifying group K,False
5912,2024-09-06,WAL,TUR,0:0,,UEFA Nations League League B Group B4,True
5913,2024-09-06,EGY,CAP,3:0,,Africa Cup of Nations Qualifying group C,False
5914,2024-09-06,IVO,ZAM,2:0,,Africa Cup of Nations Qualifying group G,True
5915,2024-09-06,BRA,ECU,1:0,,FIFA World Cup South America qualifying,False
5916,2024-09-06,SVN,AUT,1:1,,UEFA Nations League League B Group B3,False
5917,2024-09-06,KEN,ZIM,0:0,,Africa Cup of Nations Qualifying group J,False
5918,2024-09-06,BEL,ISR,3:1,,UEFA Nations League League A Group A2,True
5919,2024-09-06,MAR,GAB,4:1,,Africa Cup of Nations Qualifying group B,False
5920,2024-09-06,PUR,HAI,1:4,,CONCACAF Nations League League B Group C,False
5921,2024-09-06,URU,PAR,0:0,,FIFA World Cup South America qualifying,False
5922,2024-09-06,HON,TRI,4:0,,CONCACAF Nations League League A Group B,False
5923,2024-09-06,PER,COL,1:1,,FIFA World Cup South America qualifying,False
5924,2024-09-06,SIN,ARU,2:0,,CONCACAF Nations League League B Group C,False
5925,2024-09-06,COD,GUI,1:0,,Africa Cup of Nations Qualifying group H,False
5926,2024-09-06,KAZ,NOR,0:0,,UEFA Nations League League B Group B3,False
5927,2024-09-06,LTU,CYP,0:1,,UEFA Nations League League C Group C2,False
5928,2024-09-06,KOS,ROU,0:3,,UEFA Nations League League C Group C2,False
5929,2024-09-06,MRI,SYR,0:2,,Intercontinental Cup (India) -,False
5930,2024-09-06,COK,TGA,1:3,,FIFA World Cup 1st qualifying round,False
5931,2024-09-06,FRA,ITA,1:3,,UEFA Nations League League A Group A2,False
5932,2024-09-07,GEO,CZE,4:1,,UEFA Nations League League B Group B1,False
5933,2024-09-07,NED,BOS,5:2,,UEFA Nations League League A Group A3,False
5934,2024-09-07,CAY,ST ,1:4,,CONCACAF Nations League League C Group C,False
5935,2024-09-07,GRE,FIN,3:0,,UEFA Nations League League B Group B2,False
5936,2024-09-07,UKR,ALB,1:2,,UEFA Nations League League B Group B1,True
5937,2024-09-07,MEX,NZL,3:0,,International Friendly -,True
5938,2024-09-07,BER,DOM,2:3,,CONCACAF Nations League League B Group D,False
5939,2024-09-07,USA,CAN,1:2,,International Friendly -,False
5940,2024-09-07,MDA,MLT,2:0,,UEFA Nations League League D Group D2,False
5941,2024-09-07,GER,HUN,5:0,,UEFA Nations League League A Group A3,False
5942,2024-09-07,BAH,BRB,2:3,,CONCACAF Nations League League C Group A,False
5943,2024-09-07,MTN,BOT,1:0,,Africa Cup of Nations Qualifying group C,False
5944,2024-09-07,IRL,ENG,0:2,,UEFA Nations League League B Group B2,False
5945,2024-09-07,CMR,NAM,1:0,,Africa Cup of Nations Qualifying group J,False
5946,2024-09-07,FRO,MKD,1:1,,UEFA Nations League League C Group C4,False
5947,2024-09-07,NGA,BEN,3:0,,Africa Cup of Nations Qualifying group D,False
5948,2024-09-07,DMA,ATG,2:1,,CONCACAF Nations League League B Group D,False
5949,2024-09-07,ARM,LVA,4:1,,UEFA Nations League League C Group C4,False
5950,2024-09-07,TCA,BLZ,0:4,,CONCACAF Nations League League C Group B,False
5951,2024-09-08,MAS,LIB,1:0,,Merdeka Tournament Final,False
5952,2024-09-08,ST ,MSR,2:0,,CONCACAF Nations League League B Group A,False
5953,2024-09-08,POR,SCO,2:1,,UEFA Nations League League A Group A1,False
5954,2024-09-08,SVK,AZE,2:0,,UEFA Nations League League C Group C1,False
5955,2024-09-08,SLV,BON,2:1,,CONCACAF Nations League League B Group A,False
5956,2024-09-08,DEN,SRB,2:0,,UEFA Nations League League A Group A4,False
5957,2024-09-08,GAM,TUN,1:2,,Africa Cup of Nations Qualifying group A,False
5958,2024-09-08,CRO,POL,1:0,,UEFA Nations League League A Group A1,False
5959,2024-09-08,SWE,EST,3:0,,UEFA Nations League League C Group C1,False
5960,2024-09-08,BHU,BAN,1:0,,International Friendly -,False
5961,2024-09-08,TJK,PHI,0:0,4:3,Merdeka Tournament 3rd place,True
5962,2024-09-08,SUI,ESP,1:4,,UEFA Nations League League A Group A4,False
5963,2024-09-08,BUL,NIR,1:0,,UEFA Nations League League C Group C3,False
5964,2024-09-08,GIB,LIE,2:2,,UEFA Nations League League D Group D1,False
5965,2024-09-08,LUX,BLR,0:1,,UEFA Nations League League C Group C3,False
5966,2024-09-08,FIJ,HKG,1:1,,Tri Nation Tounament -,False
5967,2024-09-09,MNE,WAL,1:2,,UEFA Nations League League B Group B4,False
5968,2024-09-09,TUR,ISL,3:1,,UEFA Nations League League B Group B4,False
5969,2024-09-09,BDI,SEN,0:1,,Africa Cup of Nations Qualifying group L,True
5970,2024-09-09,NIG,GHA,1:1,,Africa Cup of Nations Qualifying group F,True
5971,2024-09-09,FRA,BEL,2:0,,UEFA Nations League League A Group A2,False
5972,2024-09-09,EQG,TOG,2:2,,Africa Cup of Nations Qualifying group E,False
5973,2024-09-09,NOR,AUT,2:1,,UEFA Nations League League B Group B3,False
5974,2024-09-09,UGA,CGO,2:0,,Africa Cup of Nations Qualifying group K,False
5975,2024-09-09,SAM,TGA,2:1,,FIFA World Cup 1st qualifying round,False
5976,2024-09-09,CUW,SAI,4:0,,CONCACAF Nations League League B Group B,True
5977,2024-09-09,GRN,ST ,1:2,,CONCACAF Nations League League B Group B,False
5978,2024-09-09,HAI,SIN,6:0,,CONCACAF Nations League League B Group C,False
5979,2024-09-09,MAR,LES,1:0,,Africa Cup of Nations Qualifying group B,False
5980,2024-09-09,ETH,COD,0:2,,Africa Cup of Nations Qualifying group H,True
5981,2024-09-09,SVN,KAZ,3:0,,UEFA Nations League League B Group B3,False
5982,2024-09-09,IND,SYR,0:3,,Intercontinental Cup (India) -,False
5983,2024-09-09,MAD,COM,1:1,,Africa Cup of Nations Qualifying group A,True
5984,2024-09-09,ROU,LTU,3:1,,UEFA Nations League League C Group C2,False
5985,2024-09-09,COK,ASA,1:2,,International Friendly -,False
5986,2024-09-09,ISR,ITA,1:2,,UEFA Nations League League A Group A2,True
5987,2024-09-09,ARU,PUR,0:1,,CONCACAF Nations League League B Group C,False
5988,2024-09-09,ANG,SDN,2:1,,Africa Cup of Nations Qualifying group F,False
5989,2024-09-09,CYP,KOS,0:4,,UEFA Nations League League C Group C2,False
5990,2024-09-09,GUA,SUR,1:0,,CONCACAF Nations League League A Group A,True
5991,2024-09-09,MAR,GUY,2:2,,CONCACAF Nations League League A Group A,True
5992,2024-09-09,GUA,CRC,0:0,,CONCACAF Nations League League A Group A,False
5993,2024-09-10,BEN,LBY,2:1,,Africa Cup of Nations Qualifying group D,True
5994,2024-09-10,BHR,JPN,0:5,,FIFA World Cup Asia 3rd round group C,False
5995,2024-09-10,MKD,ARM,2:0,,UEFA Nations League League C Group C4,False
5996,2024-09-10,USA,NZL,1:1,,International Friendly -,False
5997,2024-09-10,BRB,VIR,3:0,,CONCACAF Nations League League C Group A,False
5998,2024-09-10,CHA,IVO,0:2,,Africa Cup of Nations Qualifying group G,False
5999,2024-09-10,MOZ,GNB,2:1,,Africa Cup of Nations Qualifying group I,False
6000,2024-09-10,TRI,FRE,0:0,,CONCACAF Nations League League A Group B,False
6001,2024-09-10,CAM,SRI,2:2,2:4,AFC Asian Cup Play-off 2nd leg,False
6002,2024-09-10,SSD,RSA,2:3,,Africa Cup of Nations Qualifying group K,False
6003,2024-09-10,MEX,CAN,0:0,,International Friendly -,True
6004,2024-09-10,DOM,DMA,2:0,,CONCACAF Nations League League B Group D,False
6005,2024-09-10,COL,ARG,2:1,,FIFA World Cup South America qualifying,False
6006,2024-09-10,AND,MLT,0:1,,UEFA Nations League League D Group D2,False
6007,2024-09-10,KOR,QAT,2:2,,FIFA World Cup Asia 3rd round group A,True
6008,2024-09-10,HUN,BOS,0:0,,UEFA Nations League League A Group A3,False
6009,2024-09-10,LVA,FRO,1:0,,UEFA Nations League League C Group C4,False
6010,2024-09-10,IDN,AUS,0:0,,FIFA World Cup Asia 3rd round group C,False
6011,2024-09-10,CZE,UKR,3:2,,UEFA Nations League League B Group B1,True
6012,2024-09-10,ZAM,SLE,3:2,,Africa Cup of Nations Qualifying group G,False
6013,2024-09-10,ZIM,CMR,0:0,,Africa Cup of Nations Qualifying group J,False
6014,2024-09-10,ECU,PER,1:0,,FIFA World Cup South America qualifying,False
6015,2024-09-10,SWA,MLI,0:1,,Africa Cup of Nations Qualifying group I,True
6016,2024-09-10,MDA,SMR,1:0,,International Friendly -,False
6017,2024-09-10,LBR,ALG,0:3,,Africa Cup of Nations Qualifying group E,False
6018,2024-09-10,MAC,BRU,0:1,,AFC Asian Cup Play-off 2nd leg,False
6019,2024-09-10,IRL,GRE,0:2,,UEFA Nations League League B Group B2,False
6020,2024-09-10,KUW,IRQ,0:0,,FIFA World Cup Asia 3rd round group B,False
6021,2024-09-10,BLZ,AIA,1:0,,CONCACAF Nations League League C Group B,False
6022,2024-09-10,ENG,FIN,2:0,,UEFA Nations League League B Group B2,True
6023,2024-09-10,MNG,TLS,2:0,,AFC Asian Cup Play-off 2nd leg,False
6024,2024-09-10,HON,JAM,1:2,,CONCACAF Nations League League A Group B,False
6025,2024-09-10,CAP,MTN,2:0,,Africa Cup of Nations Qualifying group C,True
6026,2024-09-10,NED,GER,2:2,,UEFA Nations League League A Group A3,False
6027,2024-09-10,CHN,KSA,1:2,,FIFA World Cup Asia 3rd round group C,False
6028,2024-09-10,CHI,BOL,1:2,,FIFA World Cup South America qualifying,False
6029,2024-09-10,NAM,KEN,1:2,,Africa Cup of Nations Qualifying group J,True
6030,2024-09-10,MWI,BFA,1:3,,Africa Cup of Nations Qualifying group L,False
6031,2024-09-10,GAB,CTA,2:0,,Africa Cup of Nations Qualifying group B,False
6032,2024-09-10,KGZ,UZB,2:3,,FIFA World Cup Asia 3rd round group A,False
6033,2024-09-10,RWA,NGA,0:0,,Africa Cup of Nations Qualifying group D,False
6034,2024-09-10,ALB,GEO,0:1,,UEFA Nations League League B Group B1,False
6035,2024-09-10,PLE,JOR,1:3,,FIFA World Cup Asia 3rd round group B,False
6036,2024-09-10,VIE,THA,1:2,,International Friendly -,False
6037,2024-09-10,ST ,VGB,2:0,,CONCACAF Nations League League C Group C,True
6038,2024-09-10,UAE,IRN,0:1,,FIFA World Cup Asia 3rd round group A,False
6039,2024-09-10,SWZ,MLI,0:1,,Africa Cup of Nations Qualifying group I,True
6040,2024-09-10,PAR,BRA,1:0,,FIFA World Cup South America qualifying,False
6041,2024-09-10,VEN,URU,0:0,,FIFA World Cup South America qualifying,False
6042,2024-09-10,ATG,BER,0:1,,CONCACAF Nations League League B Group D,False
6043,2024-09-10,CUB,NCA,1:1,,CONCACAF Nations League League A Group B,False
6044,2024-09-10,BOT,EGY,0:4,,Africa Cup of Nations Qualifying group C,False
6045,2024-09-10,OMA,KOR,1:3,,FIFA World Cup Asia 3rd round group B,False
6046,2024-09-10,GUI,TAN,1:2,,Africa Cup of Nations Qualifying group H,True
6047,2024-10-08,BRU,TLS,0:1,,AFF Championship Qualifying round 1st leg,True
6048,2024-10-09,VIR,BRB,0:5,,CONCACAF Nations League League C Group A,False
6049,2024-10-09,VGB,ST ,1:3,,CONCACAF Nations League League C Group C,True
6050,2024-10-09,AIA,BLZ,0:1,,CONCACAF Nations League League C Group B,False
6051,2024-10-10,CHI,BRA,1:2,,FIFA World Cup South America qualifying,False
6052,2024-10-10,FRO,ARM,2:2,,UEFA Nations League League C Group C4,False
6053,2024-10-10,QAT,KGZ,3:1,,FIFA World Cup Asia 3rd round group A,False
6054,2024-10-10,UZB,IRN,0:0,,FIFA World Cup Asia 3rd round group A,False
6055,2024-10-10,OMA,KUW,4:0,,FIFA World Cup Asia 3rd round group B,False
6056,2024-10-10,BOL,COL,1:0,,FIFA World Cup South America qualifying,False
6057,2024-10-10,ENG,GRE,1:2,,UEFA Nations League League B Group B2,True
6058,2024-10-10,GHA,SDN,0:0,,Africa Cup of Nations Qualifying group F,False
6059,2024-10-10,COD,TAN,1:0,,Africa Cup of Nations Qualifying group H,False
6060,2024-10-10,LVA,MKD,0:3,,UEFA Nations League League C Group C4,False
6061,2024-10-10,CUB,TRI,2:2,,CONCACAF Nations League League A Group B,False
6062,2024-10-10,JOR,KOR,0:2,,FIFA World Cup Asia 3rd round group B,False
6063,2024-10-10,ST ,SLV,2:3,,CONCACAF Nations League League B Group A,True
6064,2024-10-10,PNG,NCL,1:3,,FIFA World Cup Oceania group A,False
6065,2024-10-10,ECU,PAR,0:0,,FIFA World Cup South America qualifying,False
6066,2024-10-10,KSA,JPN,0:2,,FIFA World Cup Asia 3rd round group C,False
6067,2024-10-10,BFA,BDI,4:1,,Africa Cup of Nations Qualifying group L,True
6068,2024-10-10,LIE,HKG,1:0,,International Friendly -,False
6069,2024-10-10,SOL,FIJ,0:1,,FIFA World Cup Oceania group A,False
6070,2024-10-10,NOR,SVN,3:0,,UEFA Nations League League B Group B3,False
6071,2024-10-10,CAP,BOT,0:1,,Africa Cup of Nations Qualifying group C,True
6072,2024-10-10,UAE,KOR,1:1,,FIFA World Cup Asia 3rd round group A,False
6073,2024-10-10,GIB,SMR,1:0,,UEFA Nations League League D Group D1,False
6074,2024-10-10,ITA,BEL,2:2,,UEFA Nations League League A Group A2,False
6075,2024-10-10,BON,MSR,0:1,,CONCACAF Nations League League B Group A,True
6076,2024-10-10,AUT,KAZ,4:0,,UEFA Nations League League B Group B3,False
6077,2024-10-10,ISR,FRA,1:4,,UEFA Nations League League A Group A2,True
6078,2024-10-10,MYA,SRI,2:0,,International Friendly -,False
6079,2024-10-10,BHR,IDN,2:2,,FIFA World Cup Asia 3rd round group C,False
6080,2024-10-10,FRE,HON,2:3,,CONCACAF Nations League League A Group B,False
6081,2024-10-10,ALG,TOG,5:1,,Africa Cup of Nations Qualifying group E,False
6082,2024-10-10,MDA,AND,2:0,,UEFA Nations League League D Group D2,False
6083,2024-10-10,NCA,JAM,0:2,,CONCACAF Nations League League A Group B,False
6084,2024-10-10,FIN,IRL,1:2,,UEFA Nations League League B Group B2,False
6085,2024-10-10,NAM,ZIM,0:1,,Africa Cup of Nations Qualifying group J,True
6086,2024-10-10,VEN,ARG,1:1,,FIFA World Cup South America qualifying,False
6087,2024-10-10,IRQ,PLE,1:0,,FIFA World Cup Asia 3rd round group B,False
6088,2024-10-10,AUS,CHN,3:1,,FIFA World Cup Asia 3rd round group C,False
6089,2024-10-11,TUN,COM,0:1,,Africa Cup of Nations Qualifying group A,False
6090,2024-10-11,MOZ,SWA,1:1,,Africa Cup of Nations Qualifying group I,False
6091,2024-10-11,ZAM,CHA,0:0,,Africa Cup of Nations Qualifying group G,False
6092,2024-10-11,BEN,RWA,3:0,,Africa Cup of Nations Qualifying group D,True
6093,2024-10-11,HUN,NED,1:1,,UEFA Nations League League A Group A3,False
6094,2024-10-11,SYR,TJK,1:0,,King`s Cup Semi-final,False
6095,2024-10-11,GUY,GUA,1:3,,CONCACAF Nations League League A Group A,False
6096,2024-10-11,BOS,GER,1:2,,UEFA Nations League League A Group A3,True
6097,2024-10-11,EQG,LBR,1:0,,Africa Cup of Nations Qualifying group E,False
6098,2024-10-11,ISL,WAL,2:2,,UEFA Nations League League B Group B4,False
6099,2024-10-11,TUR,MNE,1:0,,UEFA Nations League League B Group B4,False
6100,2024-10-11,MAD,GAM,1:1,,Africa Cup of Nations Qualifying group A,True
6101,2024-10-11,EGY,MTN,2:0,,Africa Cup of Nations Qualifying group C,False
6102,2024-10-11,ANG,NIG,2:0,,Africa Cup of Nations Qualifying group F,False
6103,2024-10-11,GAB,LES,0:0,,Africa Cup of Nations Qualifying group B,False
6104,2024-10-11,CMR,KEN,4:1,,Africa Cup of Nations Qualifying group J,False
6105,2024-10-11,UGA,SSD,1:0,,Africa Cup of Nations Qualifying group K,False
6106,2024-10-11,NZL,TAH,3:0,,FIFA World Cup Oceania group B,True
6107,2024-10-11,SAI,ST ,1:2,,CONCACAF Nations League League B Group B,False
6108,2024-10-11,THA,PHI,3:1,,King`s Cup Semi-final,False
6109,2024-10-11,MOZ,SWZ,1:1,,Africa Cup of Nations Qualifying group I,False
6110,2024-10-11,SIN,PUR,3:2,,CONCACAF Nations League League B Group C,False
6111,2024-10-11,SVK,SWE,2:2,,UEFA Nations League League C Group C1,False
6112,2024-10-11,ARU,HAI,1:3,,CONCACAF Nations League League B Group C,False
6113,2024-10-11,EST,AZE,3:1,,UEFA Nations League League C Group C1,False
6114,2024-10-11,UKR,GEO,1:0,,UEFA Nations League League B Group B1,True
6115,2024-10-11,NGA,LBY,1:0,,Africa Cup of Nations Qualifying group D,False
6116,2024-10-11,SUR,CRC,1:1,,CONCACAF Nations League League A Group A,False
6117,2024-10-11,IVO,SLE,4:1,,Africa Cup of Nations Qualifying group G,True
6118,2024-10-11,RSA,CGO,5:0,,Africa Cup of Nations Qualifying group K,False
6119,2024-10-11,CZE,ALB,2:0,,UEFA Nations League League B Group B1,True
6120,2024-10-11,PER,URU,1:0,,FIFA World Cup South America qualifying,False
6121,2024-10-11,SEN,MWI,4:0,,Africa Cup of Nations Qualifying group L,False
6122,2024-10-11,CAM,CHI,3:2,,International Friendly -,False
6123,2024-10-11,GRN,CUW,0:0,,CONCACAF Nations League League B Group B,False
6124,2024-10-11,MLI,GNB,1:0,,Africa Cup of Nations Qualifying group I,False
6125,2024-10-12,VAN,SAM,4:1,,FIFA World Cup Oceania group B,False
6126,2024-10-12,LTU,KOS,1:2,,UEFA Nations League League C Group C2,False
6127,2024-10-12,USA,PAN,2:0,,International Friendly -,False
6128,2024-10-12,BUL,LUX,0:0,,UEFA Nations League League C Group C3,False
6129,2024-10-12,BLR,NIR,0:0,,UEFA Nations League League C Group C3,False
6130,2024-10-12,CRO,SCO,2:1,,UEFA Nations League League A Group A1,False
6131,2024-10-12,VIE,IND,1:1,,International Friendly -,False
6132,2024-10-12,CYP,ROU,0:3,,UEFA Nations League League C Group C2,False
6133,2024-10-12,MAR,CTA,5:0,,Africa Cup of Nations Qualifying group B,False
6134,2024-10-12,ATG,DOM,0:5,,CONCACAF Nations League League B Group D,False
6135,2024-10-12,DMA,BER,1:6,,CONCACAF Nations League League B Group D,False
6136,2024-10-12,SRB,SUI,2:0,,UEFA Nations League League A Group A4,False
6137,2024-10-12,BAH,VIR,3:1,,CONCACAF Nations League League C Group A,False
6138,2024-10-12,CAY,VGB,1:0,,CONCACAF Nations League League C Group C,True
6139,2024-10-12,GUI,ETH,4:1,,Africa Cup of Nations Qualifying group H,True
6140,2024-10-12,ESP,DEN,1:0,,UEFA Nations League League A Group A4,False
6141,2024-10-12,POL,POR,1:3,,UEFA Nations League League A Group A1,False
6142,2024-10-12,TCA,AIA,2:1,,CONCACAF Nations League League C Group B,False
6143,2024-10-13,AND,SMR,2:0,,International Friendly -,False
6144,2024-10-13,LIE,GIB,0:0,,UEFA Nations League League D Group D1,False
6145,2024-10-13,AUT,NOR,5:1,,UEFA Nations League League B Group B3,False
6146,2024-10-13,BDI,BFA,0:2,,Africa Cup of Nations Qualifying group L,True
6147,2024-10-13,MYA,SRI,0:0,,International Friendly -,False
6148,2024-10-13,KAZ,SVN,0:1,,UEFA Nations League League B Group B3,False
6149,2024-10-13,ARM,MKD,0:2,,UEFA Nations League League C Group C4,False
6150,2024-10-13,SLV,ST ,1:2,,CONCACAF Nations League League B Group A,True
6151,2024-10-13,GRE,IRL,2:0,,UEFA Nations League League B Group B2,False
6152,2024-10-13,FIN,ENG,1:3,,UEFA Nations League League B Group B2,False
6153,2024-10-13,MLT,MDA,1:0,,UEFA Nations League League D Group D2,False
6154,2024-10-13,MSR,BON,0:1,,CONCACAF Nations League League B Group A,True
6155,2024-10-13,FRO,LVA,1:1,,UEFA Nations League League C Group C4,False
6156,2024-10-14,BEL,FRA,1:2,,UEFA Nations League League A Group A2,False
6157,2024-10-14,BOS,HUN,0:2,,UEFA Nations League League A Group A3,True
6158,2024-10-14,UKR,CZE,1:1,,UEFA Nations League League B Group B1,True
6159,2024-10-14,TOG,ALG,0:1,,Africa Cup of Nations Qualifying group E,False
6160,2024-10-14,CUW,GRN,1:0,,CONCACAF Nations League League B Group B,False
6161,2024-10-14,LBR,EQG,1:2,,Africa Cup of Nations Qualifying group E,False
6162,2024-10-14,ST ,SAI,0:4,,CONCACAF Nations League League B Group B,False
6163,2024-10-14,ISL,TUR,2:4,,UEFA Nations League League B Group B4,False
6164,2024-10-14,GAM,MAD,1:0,,Africa Cup of Nations Qualifying group A,False
6165,2024-10-14,WAL,MNE,1:0,,UEFA Nations League League B Group B4,True
6166,2024-10-14,THA,SYR,2:1,,King`s Cup Final,False
6167,2024-10-14,TRI,CUB,3:1,,CONCACAF Nations League League A Group B,False
6168,2024-10-14,ITA,ISR,4:1,,UEFA Nations League League A Group A2,False
6169,2024-10-14,SWA,MOZ,0:3,,Africa Cup of Nations Qualifying group I,True
6170,2024-10-14,EST,SWE,0:3,,UEFA Nations League League C Group C1,False
6171,2024-10-14,PUR,SIN,2:1,,CONCACAF Nations League League B Group C,False
6172,2024-10-14,NCA,FRE,3:2,,CONCACAF Nations League League A Group B,False
6173,2024-10-14,AZE,SVK,1:3,,UEFA Nations League League C Group C1,False
6174,2024-10-14,KEN,CMR,0:1,,Africa Cup of Nations Qualifying group J,False
6175,2024-10-14,NZL,MAS,4:0,,International Friendly -,False
6176,2024-10-14,GEO,ALB,0:1,,UEFA Nations League League B Group B1,False
6177,2024-10-14,TJK,PHI,0:3,,King`s Cup 3rd place,False
6178,2024-10-14,ZIM,NAM,3:1,,Africa Cup of Nations Qualifying group J,True
6179,2024-10-14,GER,NED,1:0,,UEFA Nations League League A Group A3,False
6180,2024-10-14,SWZ,MOZ,0:3,,Africa Cup of Nations Qualifying group I,True
6181,2024-10-14,HAI,ARU,5:3,,CONCACAF Nations League League B Group C,False
6182,2024-10-14,JAM,HON,0:0,,CONCACAF Nations League League A Group B,False
6183,2024-10-15,NIR,BUL,5:0,,UEFA Nations League League C Group C3,True
6184,2024-10-15,LTU,ROU,1:2,,UEFA Nations League League C Group C2,False
6185,2024-10-15,CHA,ZAM,0:1,,Africa Cup of Nations Qualifying group G,False
6186,2024-10-15,BER,DMA,3:2,,CONCACAF Nations League League B Group D,False
6187,2024-10-15,SUI,DEN,2:2,,UEFA Nations League League A Group A4,False
6188,2024-10-15,SSD,UGA,1:2,,Africa Cup of Nations Qualifying group K,False
6189,2024-10-15,BRB,BAH,6:2,,CONCACAF Nations League League C Group A,False
6190,2024-10-15,DOM,ATG,5:0,,CONCACAF Nations League League B Group D,False
6191,2024-10-15,URU,ECU,0:0,,FIFA World Cup South America qualifying,False
6192,2024-10-15,POL,CRO,3:3,,UEFA Nations League League A Group A1,False
6193,2024-10-15,SDN,GHA,2:0,,Africa Cup of Nations Qualifying group F,False
6194,2024-10-15,ST ,CAY,1:1,,CONCACAF Nations League League C Group C,True
6195,2024-10-15,JOR,OMA,4:0,,FIFA World Cup Asia 3rd round group B,False
6196,2024-10-15,MAR,CTA,4:0,,Africa Cup of Nations Qualifying group B,False
6197,2024-10-15,UZB,UAE,1:0,,FIFA World Cup Asia 3rd round group A,False
6198,2024-10-15,BOT,CAP,1:0,,Africa Cup of Nations Qualifying group C,False
6199,2024-10-15,NIG,ANG,0:1,,Africa Cup of Nations Qualifying group F,True
6200,2024-10-15,TLS,BRU,0:0,,AFF Championship Qualifying round 2nd leg,False
6201,2024-10-15,KGZ,KOR,1:0,,FIFA World Cup Asia 3rd round group A,False
6202,2024-10-15,LBY,NGA,0:3,,Africa Cup of Nations Qualifying group D,False
6203,2024-10-15,SLE,IVO,1:0,,Africa Cup of Nations Qualifying group G,True
6204,2024-10-15,MTN,EGY,0:1,,Africa Cup of Nations Qualifying group C,False
6205,2024-10-15,SCO,POR,0:0,,UEFA Nations League League A Group A1,True
6206,2024-10-15,CHN,IDN,2:1,,FIFA World Cup Asia 3rd round group C,False
6207,2024-10-15,KSA,BHR,0:0,,FIFA World Cup Asia 3rd round group C,False
6208,2024-10-15,KOS,CYP,3:0,,UEFA Nations League League C Group C2,False
6209,2024-10-15,PLE,KUW,2:2,,FIFA World Cup Asia 3rd round group B,True
6210,2024-10-15,KOR,IRQ,3:2,,FIFA World Cup Asia 3rd round group B,False
6211,2024-10-15,MEX,USA,2:0,,International Friendly -,False
6212,2024-10-15,ARG,BOL,6:0,,FIFA World Cup South America qualifying,False
6213,2024-10-15,CAN,PAN,2:1,,International Friendly -,False
6214,2024-10-15,COL,CHI,4:0,,FIFA World Cup South America qualifying,False
6215,2024-10-15,CGO,RSA,1:1,,Africa Cup of Nations Qualifying group K,False
6216,2024-10-15,JPN,AUS,1:1,,FIFA World Cup Asia 3rd round group C,False
6217,2024-10-15,MWI,SEN,0:1,,Africa Cup of Nations Qualifying group L,False
6218,2024-10-15,HKG,CAM,3:0,,International Friendly -,True
6219,2024-10-15,BRA,PER,4:0,,FIFA World Cup South America qualifying,False
6220,2024-10-15,SUR,GUY,5:1,,CONCACAF Nations League League A Group A,False
6221,2024-10-15,RWA,BEN,2:1,,Africa Cup of Nations Qualifying group D,False
6222,2024-10-15,BLZ,TCA,3:0,,CONCACAF Nations League League C Group B,False
6223,2024-10-15,LES,GAB,0:2,,Africa Cup of Nations Qualifying group B,True
6224,2024-10-15,ESP,SRB,3:0,,UEFA Nations League League A Group A4,False
6225,2024-10-15,GNB,MLI,0:0,,Africa Cup of Nations Qualifying group I,False
6226,2024-10-15,ETH,GUI,0:3,,Africa Cup of Nations Qualifying group H,True
6227,2024-10-15,IRN,QAT,4:1,,FIFA World Cup Asia 3rd round group A,True
6228,2024-10-15,CRC,GUA,3:0,,CONCACAF Nations League League A Group A,False
6229,2024-10-15,COM,TUN,1:1,,Africa Cup of Nations Qualifying group A,True
6230,2024-10-15,TAN,COD,0:2,,Africa Cup of Nations Qualifying group H,False
6231,2024-10-15,PAR,VEN,2:1,,FIFA World Cup South America qualifying,False
6232,2024-10-15,BLR,LUX,1:1,,UEFA Nations League League C Group C3,False
6233,2024-10-25,TOG,BEN,2:0,,African Nations Championship Zone West B - 1st round 1st leg,False
6234,2024-10-26,LES,NAM,1:0,,African Nations Championship Southern Zone - 1st round 1st leg,True
6235,2024-10-27,LBR,SLE,2:1,,African Nations Championship Zone West A - 1st round 1st leg,False
6236,2024-10-27,ZIM,SWA,0:3,,African Nations Championship Southern Zone - 1st round 1st leg,False
6237,2024-10-27,SSD,KEN,2:0,,African Nations Championship Central East Zone - 1st round 1st leg,False
6238,2024-10-27,ZIM,SWZ,0:3,,African Nations Championship Southern Zone - 1st round 1st leg,False
6239,2024-10-27,RWA,DJI,0:1,,African Nations Championship Central East Zone - 1st round 1st leg,False
6240,2024-10-27,SDN,TAN,1:0,,African Nations Championship Central East Zone - 1st round 1st leg,True
6241,2024-10-31,RWA,DJI,3:0,,African Nations Championship Central East Zone - 1st round 2nd leg,False
6242,2024-11-01,SWZ,ZIM,1:0,,African Nations Championship Southern Zone - 1st round 2nd leg,True
6243,2024-11-01,SWA,ZIM,1:0,,African Nations Championship Southern Zone - 1st round 2nd leg,True
6244,2024-11-01,LBR,SLE,1:1,,African Nations Championship Zone West A - 1st round 2nd leg,False
6245,2024-11-02,BEN,TOG,1:1,,African Nations Championship Zone West B - 1st round 2nd leg,True
6246,2024-11-03,TAN,SDN,1:0,5:6,African Nations Championship Central East Zone - 1st round 2nd leg,False
6247,2024-11-03,NAM,LES,1:0,3:4,African Nations Championship Southern Zone - 1st round 2nd leg,True
6248,2024-11-03,KEN,SSD,1:1,,African Nations Championship Central East Zone - 1st round 2nd leg,False
6249,2024-11-13,BAN,MDV,0:1,,International Friendly -,False
6250,2024-11-13,TJK,NEP,4:0,,International Friendly -,False
6251,2024-11-13,CHA,SLE,1:1,,Africa Cup of Nations Qualifying group G,True
6252,2024-11-13,NAM,CMR,0:0,,Africa Cup of Nations Qualifying group J,True
6253,2024-11-13,LBR,TOG,1:0,,Africa Cup of Nations Qualifying group E,False
6254,2024-11-14,BFA,SEN,0:1,,Africa Cup of Nations Qualifying group L,True
6255,2024-11-14,SSD,CGO,3:2,,Africa Cup of Nations Qualifying group K,False
6256,2024-11-14,EQG,ALG,0:0,,Africa Cup of Nations Qualifying group E,False
6257,2024-11-14,BEN,NGA,1:1,,Africa Cup of Nations Qualifying group D,True
6258,2024-11-14,CRC,PAN,0:1,,CONCACAF Nations League Quarter-final 1st leg,False
6259,2024-11-14,PAR,ARG,2:1,,FIFA World Cup South America qualifying,False
6260,2024-11-14,AUS,KSA,0:0,,FIFA World Cup Asia 3rd round group C,False
6261,2024-11-14,ECU,BOL,4:0,,FIFA World Cup South America qualifying,False
6262,2024-11-14,NIG,SDN,4:0,,Africa Cup of Nations Qualifying group F,True
6263,2024-11-14,IRQ,JOR,0:0,,FIFA World Cup Asia 3rd round group B,False
6264,2024-11-14,MKD,LVA,1:0,,UEFA Nations League League C Group C4,False
6265,2024-11-14,MAD,TUN,2:3,,Africa Cup of Nations Qualifying group A,True
6266,2024-11-14,MLT,LIE,2:0,,International Friendly -,False
6267,2024-11-14,PNG,FIJ,3:3,,FIFA World Cup Oceania group A,False
6268,2024-11-14,MSR,ST ,1:2,,CONCACAF Nations League League B Group A,True
6269,2024-11-14,RWA,LBY,0:1,,Africa Cup of Nations Qualifying group D,False
6270,2024-11-14,KUW,KOR,1:3,,FIFA World Cup Asia 3rd round group B,False
6271,2024-11-14,BDI,MWI,0:0,,Africa Cup of Nations Qualifying group L,True
6272,2024-11-14,IRL,FIN,1:0,,UEFA Nations League League B Group B2,False
6273,2024-11-14,FRA,ISR,0:0,,UEFA Nations League League A Group A2,False
6274,2024-11-14,ST ,CUB,2:1,,CONCACAF Nations League Play-off 1st leg,False
6275,2024-11-14,QAT,UZB,3:2,,FIFA World Cup Asia 3rd round group A,False
6276,2024-11-14,JAM,USA,0:1,,CONCACAF Nations League Quarter-final 1st leg,False
6277,2024-11-14,KAZ,AUT,0:2,,UEFA Nations League League B Group B3,False
6278,2024-11-14,ARM,FRO,0:1,,UEFA Nations League League C Group C4,False
6279,2024-11-14,SIN,MYA,3:2,,International Friendly -,False
6280,2024-11-14,OMA,PLE,1:0,,FIFA World Cup Asia 3rd round group B,False
6281,2024-11-14,LES,CTA,1:0,,Africa Cup of Nations Qualifying group B,True
6282,2024-11-14,VEN,BRA,1:1,,FIFA World Cup South America qualifying,False
6283,2024-11-14,UAE,KGZ,3:0,,FIFA World Cup Asia 3rd round group A,False
6284,2024-11-14,BLZ,FRE,2:1,,CONCACAF Nations League Play-off 1st leg,False
6285,2024-11-14,BHR,CHN,0:1,,FIFA World Cup Asia 3rd round group C,False
6286,2024-11-14,THA,LIB,0:0,,International Friendly -,False
6287,2024-11-14,HKG,PHI,3:1,,International Friendly -,True
6288,2024-11-14,SLV,BON,1:0,,CONCACAF Nations League League B Group A,False
6289,2024-11-14,MAS,LAO,3:1,,International Friendly -,True
6290,2024-11-14,KOR,IRN,2:3,,FIFA World Cup Asia 3rd round group A,True
6291,2024-11-14,BEL,ITA,0:1,,UEFA Nations League League A Group A2,False
6292,2024-11-14,GRE,ENG,0:3,,UEFA Nations League League B Group B2,False
6293,2024-11-14,SOL,NCL,2:3,,FIFA World Cup Oceania group A,False
6294,2024-11-14,SVN,NOR,1:4,,UEFA Nations League League B Group B3,False
6295,2024-11-15,NIR,BLR,2:0,,UEFA Nations League League C Group C3,True
6296,2024-11-15,SWA,GNB,1:1,,Africa Cup of Nations Qualifying group I,True
6297,2024-11-15,SWZ,GNB,1:1,,Africa Cup of Nations Qualifying group I,True
6298,2024-11-15,PUR,ARU,5:1,,CONCACAF Nations League League B Group C,False
6299,2024-11-15,BRB,GUY,1:4,,CONCACAF Nations League Play-off 1st leg,False
6300,2024-11-15,IDN,JPN,0:4,,FIFA World Cup Asia 3rd round group C,False
6301,2024-11-15,PER,CHI,0:0,,FIFA World Cup South America qualifying,False
6302,2024-11-15,GAM,COM,1:2,,Africa Cup of Nations Qualifying group A,False
6303,2024-11-15,ANG,GHA,1:1,,Africa Cup of Nations Qualifying group F,False
6304,2024-11-15,CYP,LTU,2:1,,UEFA Nations League League C Group C2,False
6305,2024-11-15,ZAM,IVO,1:0,,Africa Cup of Nations Qualifying group G,False
6306,2024-11-15,URU,COL,3:2,,FIFA World Cup South America qualifying,False
6307,2024-11-15,HON,MEX,2:0,,CONCACAF Nations League Quarter-final 1st leg,False
6308,2024-11-15,SAI,CUW,0:5,,CONCACAF Nations League League B Group B,False
6309,2024-11-15,SCO,CRO,1:0,,UEFA Nations League League A Group A1,True
6310,2024-11-15,ROU,KOS,3:0,,UEFA Nations League League C Group C2,False
6311,2024-11-15,CAP,EGY,1:1,,Africa Cup of Nations Qualifying group C,True
6312,2024-11-15,LUX,BUL,0:1,,UEFA Nations League League C Group C3,False
6313,2024-11-15,ST ,GRN,0:4,,CONCACAF Nations League League B Group B,False
6314,2024-11-15,POR,POL,5:1,,UEFA Nations League League A Group A1,False
6315,2024-11-15,DEN,ESP,1:2,,UEFA Nations League League A Group A4,False
6316,2024-11-15,GAB,MAR,1:5,,Africa Cup of Nations Qualifying group B,False
6317,2024-11-15,MOZ,MLI,0:1,,Africa Cup of Nations Qualifying group I,False
6318,2024-11-15,SUR,CAN,0:1,,CONCACAF Nations League Quarter-final 1st leg,False
6319,2024-11-15,CAY,GUA,0:6,,CONCACAF Nations League Play-off 1st leg,False
6320,2024-11-15,UGA,RSA,0:2,,Africa Cup of Nations Qualifying group K,False
6321,2024-11-15,SAM,TAH,0:3,,FIFA World Cup Oceania group B,True
6322,2024-11-15,SIN,HAI,0:8,,CONCACAF Nations League League B Group C,False
6323,2024-11-15,SUI,SRB,1:1,,UEFA Nations League League A Group A4,False
6324,2024-11-15,ZIM,KEN,1:1,,Africa Cup of Nations Qualifying group J,True
6325,2024-11-15,BOT,MTN,1:1,,Africa Cup of Nations Qualifying group C,False
6326,2024-11-15,SMR,GIB,1:1,,UEFA Nations League League D Group D1,False
6327,2024-11-15,NZL,VAN,8:1,,FIFA World Cup Oceania group B,False
6328,2024-11-16,BAN,MDV,2:1,,International Friendly -,False
6329,2024-11-16,NEP,AFG,2:0,,International Friendly -,False
6330,2024-11-16,ALB,CZE,0:0,,UEFA Nations League League B Group B1,False
6331,2024-11-16,MNE,ISL,0:2,,UEFA Nations League League B Group B4,False
6332,2024-11-16,SWE,SVK,2:1,,UEFA Nations League League C Group C1,False
6333,2024-11-16,NED,HUN,4:0,,UEFA Nations League League A Group A3,False
6334,2024-11-16,TUR,WAL,0:0,,UEFA Nations League League B Group B4,False
6335,2024-11-16,GER,BOS,7:0,,UEFA Nations League League A Group A3,False
6336,2024-11-16,GEO,UKR,1:1,,UEFA Nations League League B Group B1,False
6337,2024-11-16,DOM,DMA,6:1,,CONCACAF Nations League League B Group D,False
6338,2024-11-16,SRI,YEM,1:0,,International Friendly -,True
6339,2024-11-16,ETH,TAN,0:2,,Africa Cup of Nations Qualifying group H,True
6340,2024-11-16,AZE,EST,0:0,,UEFA Nations League League C Group C1,False
6341,2024-11-16,AND,MDA,0:1,,UEFA Nations League League D Group D2,False
6342,2024-11-16,GUI,COD,1:0,,Africa Cup of Nations Qualifying group H,True
6343,2024-11-16,BER,ATG,2:1,,CONCACAF Nations League League B Group D,True
6344,2024-11-17,NOR,KAZ,5:0,,UEFA Nations League League B Group B3,False
6345,2024-11-17,SLV,MSR,1:0,,CONCACAF Nations League League B Group A,False
6346,2024-11-17,LVA,ARM,1:2,,UEFA Nations League League C Group C4,False
6347,2024-11-17,THA,LAO,1:1,,International Friendly -,False
6348,2024-11-17,FIN,GRE,0:2,,UEFA Nations League League B Group B2,False
6349,2024-11-17,ITA,FRA,1:3,,UEFA Nations League League A Group A2,False
6350,2024-11-17,ENG,IRL,5:0,,UEFA Nations League League B Group B2,True
6351,2024-11-17,ISR,BEL,1:0,,UEFA Nations League League A Group A2,True
6352,2024-11-17,AUT,SVN,1:1,,UEFA Nations League League B Group B3,False
6353,2024-11-17,MKD,FRO,1:0,,UEFA Nations League League C Group C4,False
6354,2024-11-17,FIJ,NCL,1:1,,FIFA World Cup Oceania group A,False
6355,2024-11-17,ALG,LBR,5:1,,Africa Cup of Nations Qualifying group E,False
6356,2024-11-17,TOG,EQG,3:0,,Africa Cup of Nations Qualifying group E,False
6357,2024-11-17,PNG,SOL,1:2,,FIFA World Cup Oceania group A,False
6358,2024-11-17,ST ,BON,3:1,,CONCACAF Nations League League B Group A,True
6359,2024-11-18,BUL,BLR,1:1,,UEFA Nations League League C Group C3,False
6360,2024-11-18,ROU,CYP,4:1,,UEFA Nations League League C Group C2,False
6361,2024-11-18,NZL,SAM,8:0,,FIFA World Cup Oceania group B,False
6362,2024-11-18,GRN,SAI,0:3,,CONCACAF Nations League League B Group B,False
6363,2024-11-18,IND,MAS,1:1,,International Friendly -,False
6364,2024-11-18,SIN,CHI,2:3,,International Friendly -,False
6365,2024-11-18,MWI,BFA,3:0,,Africa Cup of Nations Qualifying group L,False
6366,2024-11-18,HAI,PUR,3:0,,CONCACAF Nations League League B Group C,False
6367,2024-11-18,SRB,DEN,0:0,,UEFA Nations League League A Group A4,False
6368,2024-11-18,CUB,ST ,4:0,,CONCACAF Nations League Play-off 2nd leg,False
6369,2024-11-18,ARU,SIN,0:1,,CONCACAF Nations League League B Group C,False
6370,2024-11-18,CUW,ST ,4:1,,CONCACAF Nations League League B Group B,False
6371,2024-11-18,LIE,SMR,1:3,,UEFA Nations League League D Group D1,False
6372,2024-11-18,CRO,POR,1:1,,UEFA Nations League League A Group A1,False
6373,2024-11-18,ESP,SUI,3:2,,UEFA Nations League League A Group A4,False
6374,2024-11-18,PAN,CRC,2:2,,CONCACAF Nations League Quarter-final 2nd leg,False
6375,2024-11-18,GHA,NIG,1:2,,Africa Cup of Nations Qualifying group F,False
6376,2024-11-18,LUX,NIR,2:2,,UEFA Nations League League C Group C3,False
6377,2024-11-18,USA,JAM,4:2,,CONCACAF Nations League Quarter-final 2nd leg,False
6378,2024-11-18,COM,MAD,1:0,,Africa Cup of Nations Qualifying group A,False
6379,2024-11-18,CTA,GAB,0:1,,Africa Cup of Nations Qualifying group B,True
6380,2024-11-18,POL,SCO,1:2,,UEFA Nations League League A Group A1,False
6381,2024-11-18,NGA,RWA,1:2,,Africa Cup of Nations Qualifying group D,False
6382,2024-11-18,MAR,LES,7:0,,Africa Cup of Nations Qualifying group B,False
6383,2024-11-18,TAH,VAN,2:0,,FIFA World Cup Oceania group B,True
6384,2024-11-18,SDN,ANG,0:0,,Africa Cup of Nations Qualifying group F,False
6385,2024-11-18,LBY,BEN,0:0,,Africa Cup of Nations Qualifying group D,False
6386,2024-11-18,KOS,LTU,1:0,,UEFA Nations League League C Group C2,False
6387,2024-11-18,TUN,GAM,0:1,,Africa Cup of Nations Qualifying group A,False
6388,2024-11-19,TJK,AFG,3:1,,International Friendly -,False
6389,2024-11-19,CHN,JPN,1:3,,FIFA World Cup Asia 3rd round group C,False
6390,2024-11-19,UAE,QAT,5:0,,FIFA World Cup Asia 3rd round group A,False
6391,2024-11-19,DOM,BER,6:1,,CONCACAF Nations League League B Group D,False
6392,2024-11-19,ATG,DMA,0:0,,CONCACAF Nations League League B Group D,True
6393,2024-11-19,KUW,JOR,1:1,,FIFA World Cup Asia 3rd round group B,False
6394,2024-11-19,SLE,ZAM,0:2,,Africa Cup of Nations Qualifying group G,True
6395,2024-11-19,CHI,VEN,4:2,,FIFA World Cup South America qualifying,False
6396,2024-11-19,KEN,NAM,0:0,,Africa Cup of Nations Qualifying group J,True
6397,2024-11-19,EGY,BOT,1:1,,Africa Cup of Nations Qualifying group C,False
6398,2024-11-19,MLI,SWA,6:0,,Africa Cup of Nations Qualifying group I,False
6399,2024-11-19,KOR,UZB,0:1,,FIFA World Cup Asia 3rd round group A,True
6400,2024-11-19,TAN,GUI,1:0,,Africa Cup of Nations Qualifying group H,False
6401,2024-11-19,SWE,AZE,6:0,,UEFA Nations League League C Group C1,False
6402,2024-11-19,BOL,PAR,2:2,,FIFA World Cup South America qualifying,False
6403,2024-11-19,MEX,HON,4:0,,CONCACAF Nations League Quarter-final 2nd leg,False
6404,2024-11-19,BRA,URU,1:1,,FIFA World Cup South America qualifying,False
6405,2024-11-19,MNE,TUR,3:1,,UEFA Nations League League B Group B4,False
6406,2024-11-19,CMR,ZIM,2:1,,Africa Cup of Nations Qualifying group J,False
6407,2024-11-19,SRI,YEM,0:2,,International Friendly -,True
6408,2024-11-19,COD,ETH,1:2,,Africa Cup of Nations Qualifying group H,False
6409,2024-11-19,OMA,IRQ,0:1,,FIFA World Cup Asia 3rd round group B,False
6410,2024-11-19,SVK,EST,1:0,,UEFA Nations League League C Group C1,False
6411,2024-11-19,KGZ,IRN,2:3,,FIFA World Cup Asia 3rd round group A,False
6412,2024-11-19,CAN,SUR,3:0,,CONCACAF Nations League Quarter-final 2nd leg,False
6413,2024-11-19,IDN,KSA,2:0,,FIFA World Cup Asia 3rd round group C,False
6414,2024-11-19,FRE,BLZ,2:2,,CONCACAF Nations League Play-off 2nd leg,False
6415,2024-11-19,ARG,PER,1:0,,FIFA World Cup South America qualifying,False
6416,2024-11-19,MLT,AND,0:0,,UEFA Nations League League D Group D2,False
6417,2024-11-19,CZE,GEO,2:1,,UEFA Nations League League B Group B1,True
6418,2024-11-19,MLI,SWZ,6:0,,Africa Cup of Nations Qualifying group I,False
6419,2024-11-19,GUA,CAY,1:0,,CONCACAF Nations League Play-off 2nd leg,True
6420,2024-11-19,BHR,AUS,2:2,,FIFA World Cup Asia 3rd round group C,False
6421,2024-11-19,PLE,KOR,1:1,,FIFA World Cup Asia 3rd round group B,True
6422,2024-11-19,IVO,CHA,4:0,,Africa Cup of Nations Qualifying group G,True
6423,2024-11-19,MYA,LIB,2:3,,International Friendly -,False
6424,2024-11-19,CGO,UGA,0:1,,Africa Cup of Nations Qualifying group K,False
6425,2024-11-19,WAL,ISL,4:1,,UEFA Nations League League B Group B4,True
6426,2024-11-19,HUN,GER,1:1,,UEFA Nations League League A Group A3,False
6427,2024-11-19,GUY,BRB,5:3,,CONCACAF Nations League Play-off 2nd leg,False
6428,2024-11-19,GIB,MDA,1:1,,International Friendly -,False
6429,2024-11-19,HKG,MRI,1:0,,International Friendly -,True
6430,2024-11-19,SEN,BDI,2:0,,Africa Cup of Nations Qualifying group L,False
6431,2024-11-19,BOS,NED,1:1,,UEFA Nations League League A Group A3,True
6432,2024-11-19,COL,ECU,0:1,,FIFA World Cup South America qualifying,False
6433,2024-11-19,GNB,MOZ,1:2,,Africa Cup of Nations Qualifying group I,False
6434,2024-11-19,RSA,SSD,3:0,,Africa Cup of Nations Qualifying group K,False
6435,2024-11-19,MTN,CAP,1:0,,Africa Cup of Nations Qualifying group C,False
6436,2024-11-19,ALB,UKR,1:2,,UEFA Nations League League B Group B1,False
6437,2024-12-08,CAM,MAS,2:2,,AFF Championship Group A,False
6438,2024-12-08,HKG,MNG,3:0,,EAFF East Asian Cup Preliminary group B,True
6439,2024-12-08,TLS,THA,0:10,,AFF Championship Group A,True
6440,2024-12-09,SOL,VAN,4:1,,MSG Prime Minister`s Cup,False
6441,2024-12-09,SOL,PNG,0:1,,MSG Prime Minister`s Cup -,False
6442,2024-12-09,LAO,VIE,1:4,,AFF Championship Group B,False
6443,2024-12-09,MYA,IDN,0:1,,AFF Championship Group B,False
6444,2024-12-11,SIN,CAM,2:1,,AFF Championship Group A,False
6445,2024-12-11,CHI,MNG,4:0,,EAFF East Asian Cup Preliminary group B,True
6446,2024-12-11,MAS,TLS,3:2,,AFF Championship Group A,False
6447,2024-12-12,FIJ,VAN,1:1,,MSG Prime Minister`s Cup,True
6448,2024-12-12,SOL,SOL,2:0,,MSG Prime Minister`s Cup,False
6449,2024-12-12,PHI,MYA,1:1,,AFF Championship Group B,False
6450,2024-12-12,IDN,LAO,3:3,,AFF Championship Group B,False
6451,2024-12-14,TLS,SIN,0:3,,AFF Championship Group A,True
6452,2024-12-14,HKG,CHI,2:1,,EAFF East Asian Cup Preliminary group B,True
6453,2024-12-14,THA,MAS,1:0,,AFF Championship Group A,False
6454,2024-12-14,MAC,GUM,1:2,,EAFF East Asian Cup Preliminary group A,True
6455,2024-12-15,LAO,PHI,1:1,,AFF Championship Group B,False
6456,2024-12-15,PNG,FIJ,1:1,,MSG Prime Minister`s Cup,False
6457,2024-12-15,SOL,VAN,1:3,,MSG Prime Minister`s Cup,False
6458,2024-12-15,VIE,IDN,1:0,,AFF Championship Group B,False
6459,2024-12-17,SIN,THA,2:4,,AFF Championship Group A,False
6460,2024-12-17,CAM,TLS,2:1,,AFF Championship Group A,False
6461,2024-12-17,HKG,GUM,5:0,,EAFF East Asian Cup Preliminary play-off,True
6462,2024-12-18,PHI,VIE,1:1,,AFF Championship Group B,False
6463,2024-12-18,SOL,PNG,2:3,,MSG Prime Minister`s Cup,False
6464,2024-12-18,SOL,FIJ,0:3,,MSG Prime Minister`s Cup,False
6465,2024-12-18,MYA,LAO,3:2,,AFF Championship Group B,False
6466,2024-12-20,MAS,SIN,0:0,,AFF Championship Group A,False
6467,2024-12-20,GUI,GNB,4:1,,African Nations Championship Zone West A - 2nd round 1st leg,True
6468,2024-12-20,THA,CAM,3:2,,AFF Championship Group A,False
6469,2024-12-21,MOZ,ZAM,0:3,,African Nations Championship Southern Zone - 2nd round 1st leg,False
6470,2024-12-21,LES,ANG,0:2,,African Nations Championship Southern Zone - 2nd round 1st leg,True
6471,2024-12-21,SOL,FIJ,1:3,,MSG Prime Minister`s Cup,False
6472,2024-12-21,IDN,PHI,0:1,,AFF Championship Group B,False
6473,2024-12-21,VAN,PNG,1:2,,MSG Prime Minister`s Cup,False
6474,2024-12-21,SWA,MAD,0:2,,African Nations Championship Southern Zone - 2nd round 1st leg,False
6475,2024-12-21,KUW,OMA,1:1,,Gulf Cup Group A,False
6476,2024-12-21,SWZ,MAD,0:2,,African Nations Championship Southern Zone - 2nd round 1st leg,False
6477,2024-12-21,VIE,MYA,5:0,,AFF Championship Group B,False
6478,2024-12-21,QAT,UAE,1:1,,Gulf Cup Group A,True
6479,2024-12-21,EQG,CGO,3:0,,African Nations Championship Central Zone - 1st round 1st leg,False
6480,2024-12-21,CHA,COD,1:1,,African Nations Championship Central Zone - 1st round 1st leg,True
6481,2024-12-22,TOG,NIG,1:1,,African Nations Championship Zone West B – 2nd round 1st leg,False
6482,2024-12-22,LBR,SEN,1:1,,African Nations Championship Zone West A - 2nd round 1st leg,False
6483,2024-12-22,ETH,SDN,0:2,,African Nations Championship Central East Zone - 2nd round 1st leg,False
6484,2024-12-22,KSA,BHR,2:3,,Gulf Cup Group B,False
6485,2024-12-22,IVO,BFA,2:0,,African Nations Championship Zone West B – 2nd round 1st leg,True
6486,2024-12-22,CTA,CMR,0:1,,African Nations Championship Central Zone - 1st round 1st leg,True
6487,2024-12-22,MTN,MLI,1:0,,African Nations Championship Zone West A - 2nd round 1st leg,False
6488,2024-12-22,GHA,NGA,0:0,,African Nations Championship Zone West B – 2nd round 1st leg,False
6489,2024-12-22,SSD,RWA,3:2,,African Nations Championship Central East Zone - 2nd round 1st leg,False
6490,2024-12-22,IRQ,YEM,1:0,,Gulf Cup Group B,True
6491,2024-12-24,KUW,UAE,2:1,,Gulf Cup Group A,False
6492,2024-12-24,OMA,QAT,2:1,,Gulf Cup Group A,True
6493,2024-12-25,SDN,ETH,2:1,,African Nations Championship Central East Zone - 2nd round 2nd leg,False
6494,2024-12-25,YEM,KSA,2:3,,Gulf Cup Group B,True
6495,2024-12-25,BHR,IRQ,2:0,,Gulf Cup Group B,False
6496,2024-12-26,SIN,VIE,0:2,,AFF Championship Semi-final 1st leg,False
6497,2024-12-26,UGA,BDI,1:0,,African Nations Championship Central East Zone - 2nd round 1st leg,False
6498,2024-12-27,KUW,QAT,1:1,,Gulf Cup Group A,False
6499,2024-12-27,NIG,TOG,0:0,,African Nations Championship Zone West B – 2nd round 2nd leg,True
6500,2024-12-27,UAE,OMA,1:1,,Gulf Cup Group A,True
6501,2024-12-27,PHI,THA,2:1,,AFF Championship Semi-final 1st leg,False
6502,2024-12-28,RWA,SSD,2:1,,African Nations Championship Central East Zone - 2nd round 2nd leg,False
6503,2024-12-28,SEN,LBR,3:0,,African Nations Championship Zone West A - 2nd round 2nd leg,False
6504,2024-12-28,NGA,GHA,3:1,,African Nations Championship Zone West B – 2nd round 2nd leg,False
6505,2024-12-28,IRQ,KSA,1:3,,Gulf Cup Group B,False
6506,2024-12-28,ANG,LES,0:1,,African Nations Championship Southern Zone - 2nd round 2nd leg,False
6507,2024-12-28,BFA,IVO,2:0,4:2,African Nations Championship Zone West B – 2nd round 2nd leg,True
6508,2024-12-28,CMR,CTA,1:2,,African Nations Championship Central Zone - 1st round 2nd leg,False
6509,2024-12-28,BHR,YEM,1:2,,Gulf Cup Group B,True
6510,2024-12-28,ZAM,MOZ,3:0,,African Nations Championship Southern Zone - 2nd round 2nd leg,False
6511,2024-12-28,COD,CHA,3:1,,African Nations Championship Central Zone - 1st round 2nd leg,False
6512,2024-12-28,GNB,GUI,1:2,,African Nations Championship Zone West A - 2nd round 2nd leg,False
6513,2024-12-29,MLI,MTN,0:0,,African Nations Championship Zone West A - 2nd round 2nd leg,False
6514,2024-12-29,MAD,SWZ,0:1,,African Nations Championship Southern Zone - 2nd round 2nd leg,True
6515,2024-12-29,VIE,SIN,3:1,,AFF Championship Semi-final 2nd leg,False
6516,2024-12-29,MAD,SWA,0:1,,African Nations Championship Southern Zone - 2nd round 2nd leg,True
6517,2024-12-29,CGO,EQG,0:3,,African Nations Championship Central Zone - 1st round 2nd leg,False
6518,2024-12-29,UGA,BDI,1:0,,African Nations Championship Central East Zone - 2nd round 2nd leg,False
6519,2024-12-30,THA,PHI,3:1,,AFF Championship Semi-final 2nd leg,False
6520,2024-12-31,KSA,OMA,1:2,,Gulf Cup Semi-final,True
6521,2024-12-31,KUW,BHR,0:1,,Gulf Cup Semi-final,False
6522,2025-01-02,VIE,THA,2:1,,AFF Championship Final 1st leg,False
6523,2025-01-04,OMA,BHR,1:2,,Gulf Cup Final,False
6524,2025-01-05,THA,VIE,2:3,,AFF Championship Final 2nd leg,False
6525,2025-01-18,USA,VEN,3:1,,International Friendly -,False
6526,2025-01-22,USA,CRC,3:0,,International Friendly -,False
6527,2025-02-08,CHI,PAN,6:1,,International Friendly -,False
6528,2025-02-28,GAM,GAB,0:0,,"African Nations Championship Play off round, 1st round 1st leg",True
6529,2025-02-28,RSA,EGY,1:1,,"African Nations Championship Play off round, 1st round 1st leg",False
6530,2025-03-02,MWI,COM,2:0,,"African Nations Championship Play off round, 1st round 1st leg",False
6531,2025-03-08,GAB,GAM,0:0,3:5,"African Nations Championship Play off round, 1st round 2nd leg",False
6532,2025-03-08,MWI,COM,2:0,,"African Nations Championship Play off round, 1st round 2nd leg",False
6533,2025-03-09,EGY,RSA,1:3,,"African Nations Championship Play off round, 1st round 2nd leg",False
6534,2025-03-16,HON,GUA,1:2,,International Friendly -,True
6535,2025-03-19,SWA,CMR,0:0,,FIFA World Cup Africa 1st round group D,True
6536,2025-03-19,SWZ,CMR,0:0,,FIFA World Cup Africa 1st round group D,True
6537,2025-03-19,CTA,MAD,1:4,,FIFA World Cup Africa 1st round group I,True
6538,2025-03-19,HKG,MAC,2:0,,International Friendly -,True
6539,2025-03-19,LBR,TUN,0:1,,FIFA World Cup Africa 1st round group H,False
6540,2025-03-19,IND,MDV,3:0,,International Friendly -,False
6541,2025-03-19,VIE,CAM,2:1,,International Friendly -,False
6542,2025-03-20,CAP,MRI,1:0,,FIFA World Cup Africa 1st round group D,True
6543,2025-03-20,AUS,IDN,5:1,,FIFA World Cup Asia 3rd round group C,False
6544,2025-03-20,KOR,OMA,1:1,,FIFA World Cup Asia 3rd round group B,False
6545,2025-03-20,DEN,POR,1:0,,UEFA Nations League Quarter-final 1st leg,False
6546,2025-03-20,NED,ESP,2:2,,UEFA Nations League Quarter-final 1st leg,False
6547,2025-03-20,TJK,BLR,0:5,,International Friendly -,False
6548,2025-03-20,GRE,SCO,0:1,,UEFA Nations League Play-off 1st leg,False
6549,2025-03-20,JPN,BHR,2:0,,FIFA World Cup Asia 3rd round group C,False
6550,2025-03-20,GAB,SEY,3:0,,FIFA World Cup Africa 1st round group F,False
6551,2025-03-20,IRQ,KUW,2:2,,FIFA World Cup Asia 3rd round group B,False
6552,2025-03-20,MOZ,UGA,3:1,,FIFA World Cup Africa 1st round group G,True
6553,2025-03-20,KOS,ISL,2:1,,UEFA Nations League Play-off 1st leg,False
6554,2025-03-20,COM,MLI,0:3,,FIFA World Cup Africa 1st round group I,True
6555,2025-03-20,LAO,SRI,1:2,,International Friendly -,False
6556,2025-03-20,UZB,KGZ,1:0,,FIFA World Cup Asia 3rd round group A,False
6557,2025-03-20,USA,PAN,0:1,,CONCACAF Nations League Semi-final,False
6558,2025-03-20,TUR,HUN,3:1,,UEFA Nations League Play-off 1st leg,False
6559,2025-03-20,CRO,FRA,2:0,,UEFA Nations League Quarter-final 1st leg,False
6560,2025-03-20,QAT,KOR,5:1,,FIFA World Cup Asia 3rd round group A,False
6561,2025-03-20,IRN,UAE,2:0,,FIFA World Cup Asia 3rd round group A,False
6562,2025-03-20,CAN,MEX,0:2,,CONCACAF Nations League Semi-final,True
6563,2025-03-20,ITA,GER,1:2,,UEFA Nations League Quarter-final 1st leg,False
6564,2025-03-20,PER,BOL,3:1,,FIFA World Cup South America qualifying,False
6565,2025-03-20,ARM,GEO,0:3,,UEFA Nations League Play-off 1st leg,False
6566,2025-03-20,KSA,CHN,1:0,,FIFA World Cup Asia 3rd round group C,False
6567,2025-03-20,BRA,COL,2:1,,FIFA World Cup South America qualifying,False
6568,2025-03-20,BUL,IRL,1:2,,UEFA Nations League Play-off 1st leg,False
6569,2025-03-20,SLE,GNB,3:1,,FIFA World Cup Africa 1st round group A,True
6570,2025-03-20,UKR,BEL,3:1,,UEFA Nations League Play-off 1st leg,True
6571,2025-03-20,PAR,CHI,1:0,,FIFA World Cup South America qualifying,False
6572,2025-03-20,AUT,SRB,1:1,,UEFA Nations League Play-off 1st leg,False
6573,2025-03-20,ZIM,BEN,2:2,,FIFA World Cup Africa 1st round group C,True
6574,2025-03-20,MWI,NAM,0:1,,FIFA World Cup Africa 1st round group H,False
6575,2025-03-20,JOR,PLE,3:1,,FIFA World Cup Asia 3rd round group B,False
6576,2025-03-20,LBY,ANG,1:1,,FIFA World Cup Africa 1st round group D,False
6577,2025-03-20,SVK,SVN,0:0,,UEFA Nations League Play-off 1st leg,False
6578,2025-03-20,GAM,KEN,3:3,,FIFA World Cup Africa 1st round group F,True
6579,2025-03-21,BER,HON,3:5,,CONCACAF Gold Cup Qualifying round 1st leg,False
6580,2025-03-21,BFA,DJI,4:1,,FIFA World Cup Africa 1st round group A,False
6581,2025-03-21,BDI,IVO,0:1,,FIFA World Cup Africa 1st round group F,False
6582,2025-03-21,ENG,ALB,2:0,,FIFA World Cup Europe group K,True
6583,2025-03-21,GUI,SOM,0:0,,FIFA World Cup Africa 1st round group G,True
6584,2025-03-21,ST ,JAM,1:1,,CONCACAF Gold Cup Qualifying round 1st leg,False
6585,2025-03-21,BOT,ALG,1:3,,FIFA World Cup Africa 1st round group G,False
6586,2025-03-21,NZL,FIJ,7:0,,FIFA World Cup Oceania semi-final,False
6587,2025-03-21,NCL,TAH,3:0,,FIFA World Cup Oceania semi-final,True
6588,2025-03-21,TAN,CGO,3:0,,FIFA World Cup Africa 1st round group E,False
6589,2025-03-21,THA,AFG,2:0,,International Friendly -,False
6590,2025-03-21,ECU,VEN,2:1,,FIFA World Cup South America qualifying,False
6591,2025-03-21,POL,LTU,1:0,,FIFA World Cup Europe group G,False
6592,2025-03-21,EQG,SAO,2:0,,FIFA World Cup Africa 1st round group H,False
6593,2025-03-21,ETH,EGY,0:2,,FIFA World Cup Africa 1st round group A,True
6594,2025-03-21,MAR,NIG,2:1,,FIFA World Cup Africa 1st round group E,False
6595,2025-03-21,MLT,FIN,0:1,,FIFA World Cup Europe group G,False
6596,2025-03-21,BLZ,CRC,0:7,,CONCACAF Gold Cup Qualifying round 1st leg,False
6597,2025-03-21,PUR,DOM,2:2,,International Friendly -,True
6598,2025-03-21,CUB,TRI,1:2,,CONCACAF Gold Cup Qualifying round 1st leg,False
6599,2025-03-21,COD,SSD,1:0,,FIFA World Cup Africa 1st round group B,False
6600,2025-03-21,AND,LVA,0:1,,FIFA World Cup Europe group K,False
6601,2025-03-21,GUY,GUA,3:2,,CONCACAF Gold Cup Qualifying round 1st leg,False
6602,2025-03-21,RSA,LES,2:0,,FIFA World Cup Africa 1st round group C,False
6603,2025-03-21,ROU,BOS,0:1,,FIFA World Cup Europe group H,False
6604,2025-03-21,URU,ARG,0:1,,FIFA World Cup South America qualifying,False
6605,2025-03-21,RWA,NGA,0:2,,FIFA World Cup Africa 1st round group C,False
6606,2025-03-21,GUA,NCA,1:0,,CONCACAF Gold Cup Qualifying round 1st leg,True
6607,2025-03-21,NIR,SUI,1:1,,International Friendly -,True
6608,2025-03-21,SUR,MAR,1:0,,CONCACAF Gold Cup Qualifying round 1st leg,False
6609,2025-03-21,CYP,SMR,2:0,,FIFA World Cup Europe group H,False
6610,2025-03-21,SIN,NEP,0:1,,International Friendly -,False
6611,2025-03-21,GHA,CHA,5:0,,FIFA World Cup Africa 1st round group I,False
6612,2025-03-22,CZE,FRO,2:1,,FIFA World Cup Europe group L,True
6613,2025-03-22,WAL,KAZ,3:1,,FIFA World Cup Europe group J,True
6614,2025-03-22,MDA,NOR,0:5,,FIFA World Cup Europe group I,False
6615,2025-03-22,ISR,EST,2:1,,FIFA World Cup Europe group I,True
6616,2025-03-22,AZE,HAI,0:3,,International Friendly -,False
6617,2025-03-22,MNE,GIB,3:1,,FIFA World Cup Europe group L,False
6618,2025-03-22,LIE,MKD,0:3,,FIFA World Cup Europe group J,False
6619,2025-03-22,LUX,SWE,1:0,,International Friendly -,False
6620,2025-03-22,TOG,MTN,2:2,,FIFA World Cup Africa 1st round group B,False
6621,2025-03-22,SDN,SEN,0:0,,FIFA World Cup Africa 1st round group B,False
6622,2025-03-23,FRA,CRO,2:0,5:4,UEFA Nations League Quarter-final 2nd leg,False
6623,2025-03-23,SWZ,MRI,3:3,,FIFA World Cup Africa 1st round group D,True
6624,2025-03-23,SWA,MRI,3:3,,FIFA World Cup Africa 1st round group D,True
6625,2025-03-23,ISL,KOS,1:3,,UEFA Nations League Play-off 2nd leg,True
6626,2025-03-23,POR,DEN,5:2,,UEFA Nations League Quarter-final 2nd leg,False
6627,2025-03-23,SCO,GRE,0:3,,UEFA Nations League Play-off 2nd leg,True
6628,2025-03-23,SVN,SVK,1:0,,UEFA Nations League Play-off 2nd leg,False
6629,2025-03-23,USA,CAN,1:2,,CONCACAF Nations League 3rd place play-off,False
6630,2025-03-23,PAN,MEX,1:2,,CONCACAF Nations League Final,True
6631,2025-03-23,SRB,AUT,2:0,,UEFA Nations League Play-off 2nd leg,False
6632,2025-03-23,ESP,NED,3:3,5:4,UEFA Nations League Quarter-final 2nd leg,False
6633,2025-03-23,GEO,ARM,6:1,,UEFA Nations League Play-off 2nd leg,False
6634,2025-03-23,BEL,UKR,3:0,,UEFA Nations League Play-off 2nd leg,False
6635,2025-03-23,KEN,GAB,1:2,,FIFA World Cup Africa 1st round group F,False
6636,2025-03-23,GER,ITA,3:3,,UEFA Nations League Quarter-final 2nd leg,False
6637,2025-03-23,HUN,TUR,0:3,,UEFA Nations League Play-off 2nd leg,False
6638,2025-03-23,IRL,BUL,2:1,,UEFA Nations League Play-off 2nd leg,False
6639,2025-03-24,ETH,DJI,6:1,,FIFA World Cup Africa 1st round group A,False
6640,2025-03-24,POL,MLT,2:0,,FIFA World Cup Europe group G,False
6641,2025-03-24,ALB,AND,3:0,,FIFA World Cup Europe group K,False
6642,2025-03-24,LBR,SAO,2:1,,FIFA World Cup Africa 1st round group H,False
6643,2025-03-24,MAD,GHA,0:3,,FIFA World Cup Africa 1st round group I,False
6644,2025-03-24,TUN,MWI,2:0,,FIFA World Cup Africa 1st round group H,False
6645,2025-03-24,SMR,ROU,1:5,,FIFA World Cup Europe group H,False
6646,2025-03-24,GNB,BFA,1:2,,FIFA World Cup Africa 1st round group A,False
6647,2025-03-24,NAM,EQG,1:1,,FIFA World Cup Africa 1st round group H,True
6648,2025-03-24,BOS,CYP,2:1,,FIFA World Cup Europe group H,True
6649,2025-03-24,ENG,LVA,3:0,,FIFA World Cup Europe group K,True
6650,2025-03-24,CTA,MLI,0:0,,FIFA World Cup Africa 1st round group I,True
6651,2025-03-24,NZL,NCL,3:0,,FIFA World Cup Oceania final,False
6652,2025-03-24,LTU,FIN,2:2,,FIFA World Cup Europe group G,False
6653,2025-03-24,IVO,GAM,1:0,,FIFA World Cup Africa 1st round group F,True
6654,2025-03-25,IRN,UZB,2:2,,FIFA World Cup Asia 3rd round group A,False
6655,2025-03-25,SUI,LUX,3:1,,International Friendly -,False
6656,2025-03-25,KUW,OMA,0:1,,FIFA World Cup Asia 3rd round group B,False
6657,2025-03-25,MAR,SUR,0:1,,CONCACAF Gold Cup Qualifying round 2nd leg,True
6658,2025-03-25,CHI,TKM,1:2,,AFC Asian Cup 3rd Round Group D,True
6659,2025-03-25,AZE,BLR,0:2,,International Friendly -,False
6660,2025-03-25,PLE,IRQ,2:1,,FIFA World Cup Asia 3rd round group B,True
6661,2025-03-25,BEN,RSA,0:2,,FIFA World Cup Africa 1st round group C,True
6662,2025-03-25,BOT,SOM,2:0,,FIFA World Cup Africa 1st round group G,False
6663,2025-03-25,SDN,SSD,1:1,,FIFA World Cup Africa 1st round group B,False
6664,2025-03-25,UGA,GUI,1:0,,FIFA World Cup Africa 1st round group G,False
6665,2025-03-25,SYR,PAK,2:0,,AFC Asian Cup 3rd Round Group E,True
6666,2025-03-25,DOM,PUR,2:0,,International Friendly -,False
6667,2025-03-25,BDI,SEY,5:0,,FIFA World Cup Africa 1st round group F,False
6668,2025-03-25,JPN,KSA,0:0,,FIFA World Cup Asia 3rd round group C,False
6669,2025-03-25,CHI,ECU,0:0,,FIFA World Cup South America qualifying,False
6670,2025-03-25,THA,SRI,1:0,,AFC Asian Cup 3rd Round Group D,False
6671,2025-03-25,ANG,CAP,1:2,,FIFA World Cup Africa 1st round group D,False
6672,2025-03-25,NCA,GUA,0:1,,CONCACAF Gold Cup Qualifying round 2nd leg,False
6673,2025-03-25,CGO,ZAM,0:3,,FIFA World Cup Africa 1st round group E,False
6674,2025-03-25,MAR,TAN,2:0,,FIFA World Cup Africa 1st round group E,False
6675,2025-03-25,CMR,LBY,3:1,,FIFA World Cup Africa 1st round group D,False
6676,2025-03-25,TRI,CUB,4:0,,CONCACAF Gold Cup Qualifying round 2nd leg,False
6677,2025-03-25,IND,BAN,0:0,,AFC Asian Cup 3rd Round Group C,False
6678,2025-03-25,SWE,NIR,5:1,,International Friendly -,False
6679,2025-03-25,KGZ,QAT,3:1,,FIFA World Cup Asia 3rd round group A,False
6680,2025-03-25,ALG,MOZ,5:1,,FIFA World Cup Africa 1st round group G,False
6681,2025-03-25,MNE,FRO,1:0,,FIFA World Cup Europe group L,False
6682,2025-03-25,GUA,GUY,2:0,,CONCACAF Gold Cup Qualifying round 2nd leg,False
6683,2025-03-25,PHI,MDV,4:1,,AFC Asian Cup 3rd Round Group A,False
6684,2025-03-25,KOR,UAE,1:2,,FIFA World Cup Asia 3rd round group A,True
6685,2025-03-25,CAM,ARU,1:2,,International Friendly -,False
6686,2025-03-25,CHN,AUS,0:2,,FIFA World Cup Asia 3rd round group C,False
6687,2025-03-25,MAS,NEP,2:0,,AFC Asian Cup 3rd Round Group F,False
6688,2025-03-25,MYA,AFG,2:1,,AFC Asian Cup 3rd Round Group E,False
6689,2025-03-25,KOR,JOR,1:1,,FIFA World Cup Asia 3rd round group B,False
6690,2025-03-25,COM,CHA,1:0,,FIFA World Cup Africa 1st round group I,True
6691,2025-03-25,SEN,TOG,2:0,,FIFA World Cup Africa 1st round group B,False
6692,2025-03-25,TJK,TLS,1:0,,AFC Asian Cup 3rd Round Group A,False
6693,2025-03-25,BOL,URU,0:0,,FIFA World Cup South America qualifying,False
6694,2025-03-25,EGY,SLE,1:0,,FIFA World Cup Africa 1st round group A,False
6695,2025-03-25,SIN,HKG,0:0,,AFC Asian Cup 3rd Round Group C,False
6696,2025-03-25,ISR,NOR,2:4,,FIFA World Cup Europe group I,True
6697,2025-03-25,GIB,CZE,0:4,,FIFA World Cup Europe group L,False
6698,2025-03-25,MDA,EST,2:3,,FIFA World Cup Europe group I,False
6699,2025-03-25,ARG,BRA,4:1,,FIFA World Cup South America qualifying,False
6700,2025-03-25,IDN,BHR,1:0,,FIFA World Cup Asia 3rd round group C,False
6701,2025-03-25,MKD,WAL,1:1,,FIFA World Cup Europe group J,False
6702,2025-03-25,LIB,BRU,5:0,,AFC Asian Cup 3rd Round Group B,True
6703,2025-03-25,RWA,LES,1:1,,FIFA World Cup Africa 1st round group C,False
6704,2025-03-25,VIE,LAO,5:0,,AFC Asian Cup 3rd Round Group F,False
6705,2025-03-25,LIE,KAZ,0:2,,FIFA World Cup Europe group J,False
6706,2025-03-25,VEN,PER,1:0,,FIFA World Cup South America qualifying,False
6707,2025-03-25,NGA,ZIM,1:1,,FIFA World Cup Africa 1st round group C,False
6708,2025-03-25,BHU,YEM,0:0,,AFC Asian Cup 3rd Round Group B,False
6709,2025-03-25,CRC,BLZ,6:1,,CONCACAF Gold Cup Qualifying round 2nd leg,False
6710,2025-03-25,HON,BER,2:0,,CONCACAF Gold Cup Qualifying round 2nd leg,False
6711,2025-03-25,COL,PAR,2:2,,FIFA World Cup South America qualifying,False
6712,2025-03-25,MTN,COD,0:2,,FIFA World Cup Africa 1st round group B,False
6713,2025-03-25,JAM,ST ,3:0,,CONCACAF Gold Cup Qualifying round 2nd leg,False
6714,2025-05-03,GAM,ALG,0:0,,"African Nations Championship Play off round, 2nd round 1st leg",False
6715,2025-05-03,MWI,RSA,1:0,,"African Nations Championship Play off round, 2nd round 1st leg",False
6716,2025-05-09,ALG,GAM,3:0,,"African Nations Championship Play off round, 2nd round 2nd leg",False
6717,2025-05-11,RSA,MWI,2:1,,"African Nations Championship Play off round, 2nd round 2nd leg",False
6718,2025-05-27,JAM,TRI,3:2,,Unity Cup Semi-final,True
6719,2025-05-28,NGA,GHA,2:1,,Unity Cup Semi-final,True
6720,2025-05-31,TRI,GHA,0:4,,Unity Cup 3rd place play-off,True
6721,2025-05-31,JAM,NGA,2:2,4:5,Unity Cup Final,True
6722,2025-06-02,TUN,BFA,2:0,,International Friendly -,False
6723,2025-06-04,MSR,BLZ,1:0,,FIFA World Cup 2nd Round Group D,True
6724,2025-06-04,GER,POR,1:2,,UEFA Nations League Semi-final,False
6725,2025-06-04,BRB,ARU,1:1,,FIFA World Cup 2nd Round Group C,False
6726,2025-06-04,DMA,VGB,3:0,,FIFA World Cup 2nd Round Group E,False
6727,2025-06-04,ST ,AIA,6:0,,FIFA World Cup 2nd Round Group F,True
6728,2025-06-04,THA,IND,2:0,,International Friendly -,False
6729,2025-06-04,BER,CAY,5:0,,FIFA World Cup 2nd round group A,False
6730,2025-06-04,BAN,BHU,2:0,,International Friendly -,False
6731,2025-06-04,GRN,BAH,6:0,,FIFA World Cup 2nd round group B,False
6732,2025-06-05,ALG,RWA,2:0,,International Friendly -,False
6733,2025-06-05,CAM,TJK,1:2,,International Friendly -,False
6734,2025-06-05,OMA,JOR,0:3,,FIFA World Cup Asia 3rd round group B,False
6735,2025-06-05,IDN,CHN,1:0,,FIFA World Cup Asia 3rd round group C,False
6736,2025-06-05,HKG,NEP,0:0,,International Friendly -,True
6737,2025-06-05,PAR,URU,2:0,,FIFA World Cup South America qualifying,False
6738,2025-06-05,SRI,BRU,1:0,,International Friendly -,True
6739,2025-06-05,GEO,FRO,1:0,,International Friendly -,False
6740,2025-06-05,UAE,UZB,0:0,,FIFA World Cup Asia 3rd round group A,False
6741,2025-06-05,QAT,IRN,1:0,,FIFA World Cup Asia 3rd round group A,False
6742,2025-06-05,KUW,PLE,0:2,,FIFA World Cup Asia 3rd round group B,False
6743,2025-06-05,SIN,MDV,3:1,,International Friendly -,False
6744,2025-06-05,KOR,KGZ,2:2,,FIFA World Cup Asia 3rd round group A,True
6745,2025-06-05,IRQ,KOR,0:2,,FIFA World Cup Asia 3rd round group B,False
6746,2025-06-05,COD,MLI,1:0,,International Friendly -,True
6747,2025-06-05,CHI,ARG,0:1,,FIFA World Cup South America qualifying,False
6748,2025-06-05,BLR,KAZ,4:1,,International Friendly -,False
6749,2025-06-05,BHR,KSA,0:2,,FIFA World Cup Asia 3rd round group C,False
6750,2025-06-05,ESP,FRA,5:4,,UEFA Nations League Semi-final,True
6751,2025-06-05,ECU,BRA,0:0,,FIFA World Cup South America qualifying,False
6752,2025-06-05,AUS,JPN,1:0,,FIFA World Cup Asia 3rd round group C,False
6753,2025-06-06,WAL,LIE,3:0,,FIFA World Cup Europe group J,True
6754,2025-06-06,SUR,PUR,1:0,,FIFA World Cup 2nd Round Group F,False
6755,2025-06-06,COL,PER,0:0,,FIFA World Cup South America qualifying,False
6756,2025-06-06,MAR,TUN,2:0,,International Friendly -,False
6757,2025-06-06,POL,MDA,2:0,,International Friendly -,False
6758,2025-06-06,NCA,GUY,1:0,,FIFA World Cup 2nd Round Group D,False
6759,2025-06-06,BDI,GNB,1:0,,International Friendly -,True
6760,2025-06-06,UGA,CMR,0:3,,International Friendly -,True
6761,2025-06-06,HUN,SWE,0:2,,International Friendly -,False
6762,2025-06-06,CUW,ST ,4:0,,FIFA World Cup 2nd Round Group C,False
6763,2025-06-06,LUX,SVN,0:1,,International Friendly -,False
6764,2025-06-06,TRI,ST ,6:2,,FIFA World Cup 2nd round group B,False
6765,2025-06-06,CZE,MNE,2:0,,FIFA World Cup Europe group L,True
6766,2025-06-06,ATG,CUB,0:1,,FIFA World Cup 2nd round group A,False
6767,2025-06-06,SCO,ISL,1:3,,International Friendly -,True
6768,2025-06-06,NOR,ITA,3:0,,FIFA World Cup Europe group I,False
6769,2025-06-06,GIB,CRO,0:7,,FIFA World Cup Europe group L,False
6770,2025-06-06,GUA,DOM,4:2,,FIFA World Cup 2nd Round Group E,False
6771,2025-06-06,MKD,BEL,1:1,,FIFA World Cup Europe group J,False
6772,2025-06-06,RSA,TAN,0:0,,International Friendly -,False
6773,2025-06-06,ZIM,BFA,0:2,,International Friendly -,True
6774,2025-06-06,BUL,CYP,2:2,,International Friendly -,False
6775,2025-06-06,NIG,GAB,4:3,,International Friendly -,True
6776,2025-06-06,CTA,MTN,2:1,,International Friendly -,True
6777,2025-06-06,KOS,ARM,5:2,,International Friendly -,False
6778,2025-06-06,EQG,GAM,1:2,,International Friendly -,True
6779,2025-06-06,VEN,BOL,2:0,,FIFA World Cup South America qualifying,False
6780,2025-06-06,IRL,SEN,1:1,,International Friendly -,False
6781,2025-06-06,EST,ISR,1:3,,FIFA World Cup Europe group I,False
6782,2025-06-07,FIN,NED,0:2,,FIFA World Cup Europe group G,False
6783,2025-06-07,NZL,IVO,1:0,,Canadian Shield -,True
6784,2025-06-07,MEX,SUI,2:4,,International Friendly -,True
6785,2025-06-07,GRE,SVK,4:1,,International Friendly -,False
6786,2025-06-07,AUT,ROU,2:1,,FIFA World Cup Europe group H,False
6787,2025-06-07,LVA,AZE,0:0,,International Friendly -,False
6788,2025-06-07,CAY,HON,0:1,,FIFA World Cup 2nd round group A,False
6789,2025-06-07,DEN,NIR,2:1,,International Friendly -,False
6790,2025-06-07,CAN,UKR,4:2,,Canadian Shield -,False
6791,2025-06-07,BOS,SMR,1:0,,FIFA World Cup Europe group H,True
6792,2025-06-07,AND,ENG,0:1,,FIFA World Cup Europe group K,True
6793,2025-06-07,VGB,JAM,0:1,,FIFA World Cup 2nd Round Group E,False
6794,2025-06-07,MLT,LTU,0:0,,FIFA World Cup Europe group G,False
6795,2025-06-07,BAH,CRC,0:8,,FIFA World Cup 2nd round group B,False
6796,2025-06-07,AIA,SLV,0:3,,FIFA World Cup 2nd Round Group F,False
6797,2025-06-07,ARU,HAI,0:5,,FIFA World Cup 2nd Round Group C,False
6798,2025-06-07,ALB,SRB,0:0,,FIFA World Cup Europe group K,False
6799,2025-06-07,USA,TUR,1:2,,International Friendly -,False
6800,2025-06-07,CHA,KEN,0:0,,International Friendly -,True
6801,2025-06-07,BLZ,PAN,0:2,,FIFA World Cup 2nd Round Group D,False
6802,2025-06-08,COD,MAD,3:1,,International Friendly -,True
6803,2025-06-08,POR,ESP,2:2,5:4,UEFA Nations League Final,True
6804,2025-06-08,GER,FRA,0:2,,UEFA Nations League 3rd place play-off,False
6805,2025-06-08,GEO,CAP,1:1,,International Friendly -,False
6806,2025-06-09,LIE,SCO,0:4,,International Friendly -,False
6807,2025-06-09,FRO,GIB,2:1,,FIFA World Cup Europe group L,False
6808,2025-06-09,EQG,CMR,1:1,,International Friendly -,True
6809,2025-06-09,KAZ,MKD,0:1,,FIFA World Cup Europe group J,False
6810,2025-06-09,GAB,GNB,2:0,,International Friendly -,True
6811,2025-06-09,MAR,BEN,1:0,,International Friendly -,False
6812,2025-06-09,KOS,COM,4:2,,International Friendly -,False
6813,2025-06-09,UGA,GAM,1:1,,International Friendly -,True
6814,2025-06-09,ITA,MDA,2:0,,FIFA World Cup Europe group I,False
6815,2025-06-09,CRO,CZE,5:1,,FIFA World Cup Europe group L,False
6816,2025-06-09,BEL,WAL,4:3,,FIFA World Cup Europe group J,False
6817,2025-06-09,MNE,ARM,2:2,,International Friendly -,False
6818,2025-06-09,EST,NOR,0:1,,FIFA World Cup Europe group I,False
6819,2025-06-10,KSA,AUS,1:2,,FIFA World Cup Asia 3rd round group C,False
6820,2025-06-10,IRN,KOR,3:0,,FIFA World Cup Asia 3rd round group A,False
6821,2025-06-10,JPN,IDN,6:0,,FIFA World Cup Asia 3rd round group C,False
6822,2025-06-10,SVN,BOS,2:1,,International Friendly -,False
6823,2025-06-10,GRE,BUL,4:0,,International Friendly -,False
6824,2025-06-10,SMR,AUT,0:4,,FIFA World Cup Europe group H,False
6825,2025-06-10,PUR,ST ,2:1,,FIFA World Cup 2nd Round Group F,False
6826,2025-06-10,URU,VEN,2:0,,FIFA World Cup South America qualifying,False
6827,2025-06-10,ST ,BRB,2:1,,FIFA World Cup 2nd Round Group C,False
6828,2025-06-10,KGZ,UAE,1:1,,FIFA World Cup Asia 3rd round group A,False
6829,2025-06-10,CAN,IVO,0:0,4:5,Canadian Shield -,False
6830,2025-06-10,BRU,BHU,2:1,,AFC Asian Cup 3rd Round Group B,True
6831,2025-06-10,YEM,LIB,0:0,,AFC Asian Cup 3rd Round Group B,False
6832,2025-06-10,SLV,SUR,1:1,,FIFA World Cup 2nd Round Group F,False
6833,2025-06-10,NIR,ISL,1:0,,International Friendly -,False
6834,2025-06-10,DEN,LTU,5:0,,International Friendly -,False
6835,2025-06-10,ST ,GRN,2:3,,FIFA World Cup 2nd round group B,True
6836,2025-06-10,PAN,NCA,3:0,,FIFA World Cup 2nd Round Group D,False
6837,2025-06-10,NED,MLT,8:0,,FIFA World Cup Europe group G,False
6838,2025-06-10,JAM,GUA,3:0,,FIFA World Cup 2nd Round Group E,False
6839,2025-06-10,HAI,CUW,1:5,,FIFA World Cup 2nd Round Group C,False
6840,2025-06-10,ARG,COL,1:1,,FIFA World Cup South America qualifying,False
6841,2025-06-10,GUY,MSR,3:0,,FIFA World Cup 2nd Round Group D,False
6842,2025-06-10,LUX,IRL,0:0,,International Friendly -,False
6843,2025-06-10,NZL,UKR,1:2,,Canadian Shield -,True
6844,2025-06-10,PLE,OMA,1:1,,FIFA World Cup Asia 3rd round group B,True
6845,2025-06-10,DOM,DMA,5:0,,FIFA World Cup 2nd Round Group E,False
6846,2025-06-10,CRC,TRI,2:1,,FIFA World Cup 2nd round group B,False
6847,2025-06-10,NIG,ZIM,1:1,,International Friendly -,True
6848,2025-06-10,ENG,SEN,1:3,,International Friendly -,True
6849,2025-06-10,AZE,HUN,1:2,,International Friendly -,False
6850,2025-06-10,JOR,IRQ,0:1,,FIFA World Cup Asia 3rd round group B,False
6851,2025-06-10,BOL,CHI,2:0,,FIFA World Cup South America qualifying,False
6852,2025-06-10,ISR,SVK,1:0,,International Friendly -,True
6854,2025-06-10,BAN,SIN,1:2,,AFC Asian Cup 3rd Round Group C,False
6855,2025-06-10,BDI,MTN,0:0,,International Friendly -,True
6856,2025-06-10,SWE,ALG,4:3,,International Friendly -,False
6857,2025-06-10,CUB,BER,1:2,,FIFA World Cup 2nd round group A,False
6858,2025-06-10,TKM,THA,3:1,,AFC Asian Cup 3rd Round Group D,False
6859,2025-06-10,LAO,NEP,2:1,,AFC Asian Cup 3rd Round Group F,False
6860,2025-06-10,CHA,KEN,1:2,,International Friendly -,True
6861,2025-06-10,AFG,SYR,0:1,,AFC Asian Cup 3rd Round Group E,True
6862,2025-06-10,KOR,KUW,4:0,,FIFA World Cup Asia 3rd round group B,False
6863,2025-06-10,UZB,QAT,3:0,,FIFA World Cup Asia 3rd round group A,False
6864,2025-06-10,FIN,POL,2:1,,FIFA World Cup Europe group G,False
6865,2025-06-10,BRA,PAR,1:0,,FIFA World Cup South America qualifying,False
6866,2025-06-10,HON,ATG,2:0,,FIFA World Cup 2nd round group A,False
6867,2025-06-10,TLS,MDV,1:0,,AFC Asian Cup 3rd Round Group A,False
6868,2025-06-10,HKG,IND,1:0,,AFC Asian Cup 3rd Round Group C,True
6869,2025-06-10,SRB,AND,3:0,,FIFA World Cup Europe group K,False
6870,2025-06-10,RSA,MOZ,2:0,,International Friendly -,False
6871,2025-06-10,CHN,BHR,1:0,,FIFA World Cup Asia 3rd round group C,False
6872,2025-06-10,MAS,VIE,4:0,,AFC Asian Cup 3rd Round Group F,False
6873,2025-06-10,PER,ECU,0:0,,FIFA World Cup South America qualifying,False
6874,2025-06-10,ROU,CYP,2:0,,FIFA World Cup Europe group H,False
6875,2025-06-10,SRI,CHI,3:1,,AFC Asian Cup 3rd Round Group D,False
6876,2025-06-10,PHI,TJK,2:2,,AFC Asian Cup 3rd Round Group A,False
6877,2025-06-10,MEX,TUR,1:0,,International Friendly -,True
6878,2025-06-10,LVA,ALB,1:1,,FIFA World Cup Europe group K,False
6879,2025-06-10,USA,SUI,0:4,,International Friendly -,False
6880,2025-06-14,MEX,DOM,3:2,,CONCACAF Gold Cup Group A,True
6881,2025-06-15,CRC,SUR,4:3,,CONCACAF Gold Cup Group A,True
6882,2025-06-15,USA,TRI,5:0,,CONCACAF Gold Cup Group D,False
6883,2025-06-15,HAI,KSA,0:1,,CONCACAF Gold Cup Group D,True
6884,2025-06-16,PAN,GUA,5:2,,CONCACAF Gold Cup Group C,True
6885,2025-06-16,JAM,GUA,0:1,,CONCACAF Gold Cup Group C,True
6886,2025-06-17,CUW,SLV,0:0,,CONCACAF Gold Cup Group B,True
6887,2025-06-17,CAN,HON,6:0,,CONCACAF Gold Cup Group B,False
6888,2025-06-18,CRC,DOM,2:1,,CONCACAF Gold Cup Group A,True
6889,2025-06-18,SUR,MEX,0:2,,CONCACAF Gold Cup Group A,True
6890,2025-06-19,USA,KSA,1:0,,CONCACAF Gold Cup Group D,False
6891,2025-06-19,TRI,HAI,1:1,,CONCACAF Gold Cup Group D,True
6892,2025-06-20,JAM,GUA,2:1,,CONCACAF Gold Cup Group C,True
6893,2025-06-20,GUA,PAN,0:1,,CONCACAF Gold Cup Group C,False
6894,2025-06-21,HON,SLV,2:0,,CONCACAF Gold Cup Group B,True
6895,2025-06-21,CUW,CAN,1:1,,CONCACAF Gold Cup Group B,True
6896,2025-06-22,MEX,CRC,0:0,,CONCACAF Gold Cup Group A,True
6897,2025-06-22,DOM,SUR,0:0,,CONCACAF Gold Cup Group A,True
6898,2025-06-22,KSA,TRI,1:1,,CONCACAF Gold Cup Group D,True
6899,2025-06-22,USA,HAI,2:1,,CONCACAF Gold Cup Group D,False
6900,2025-06-24,GUA,GUA,2:3,,CONCACAF Gold Cup Group C,True
6901,2025-06-24,PAN,JAM,4:1,,CONCACAF Gold Cup Group C,False
6902,2025-06-24,CAN,SLV,2:0,,CONCACAF Gold Cup Group B,True
6903,2025-06-24,HON,CUW,2:1,,CONCACAF Gold Cup Group B,True
6904,2025-06-28,MEX,KSA,2:0,,CONCACAF Gold Cup Quarter-final,True
6905,2025-06-28,PAN,HON,1:1,4:5,CONCACAF Gold Cup Quarter-final,True
6906,2025-06-29,USA,CRC,2:2,4:3,CONCACAF Gold Cup Quarter-final,False
6907,2025-06-29,CAN,GUA,1:1,5:6,CONCACAF Gold Cup Quarter-final,True
6908,2025-07-02,USA,GUA,2:1,,CONCACAF Gold Cup Semi-final,False
6909,2025-07-02,MEX,HON,1:0,,CONCACAF Gold Cup Semi-final,True
6910,2025-07-06,USA,MEX,1:2,,CONCACAF Gold Cup Final,False
6911,2025-07-07,KOR,CHN,3:0,,EAFF East Asian Cup Final round,False
6912,2025-07-08,JPN,HKG,6:1,,EAFF East Asian Cup Final round,True
6913,2025-07-11,KOR,HKG,2:0,,EAFF East Asian Cup Final round,False
6914,2025-07-12,JPN,CHN,2:0,,EAFF East Asian Cup Final round,True
6915,2025-07-15,CHN,HKG,1:0,,EAFF East Asian Cup Final round,True
6916,2025-07-15,KOR,JPN,0:1,,EAFF East Asian Cup Final round,False
